Chromosome	Position	Ref	Alt	ASB in transcription factors	ASB in cell types	AHR_HUMAN_FDR_Ref	AHR_HUMAN_FDR_Alt	AHR_HUMAN_Effect_Size_Ref	AHR_HUMAN_Effect_Size_Alt
chr1	16645367	A	G	SKI_HUMAN,ZFX_HUMAN,SUH_HUMAN,SOX13_HUMAN,CEBPG_HUMAN,ATF2_HUMAN,RXRB_HUMAN,SOX5_HUMAN,THA11_HUMAN,ZN580_HUMAN,GATD1_HUMAN,MIER2_HUMAN,ZBT26_HUMAN,NFIA_HUMAN,ZNF48_HUMAN,SMAD4_HUMAN,TFE3_HUMAN,MAD3_HUMAN,HM20B_HUMAN,ZF64A_HUMAN,KLF16_HUMAN,DMAP1_HUMAN,CEBPA_HUMAN,IRF2_HUMAN,SP130_HUMAN,ERF_HUMAN,AHR_HUMAN,KDM6A_HUMAN,ZN335_HUMAN,GLIS2_HUMAN,ASCL1_HUMAN	HEK293T (embryonic kidney),MCF7 (Invasive ductal breast carcinoma),GM12878 (female B-cells),HCT-116 (colon carcinoma),HEK293 (embryonic kidney),HepG2 (hepatoblastoma),G523NS (glioblastoma)	3.1885229712511864	0.0	1.405	-1.577
chr1	96164396	A	T	ESR1_HUMAN,FOXA1_HUMAN,AHR_HUMAN	MCF7 (Invasive ductal breast carcinoma)	0.03324441566742603	9.679080938308429	-0.49200000000000005	1.5230000000000001
chr1	188707015	G	T	GATA3_HUMAN,GCR_HUMAN,JUN_HUMAN,CREB1_HUMAN,AHR_HUMAN,MAFK_HUMAN,FOS_HUMAN	A549 (lung carcinoma),MCF7 (Invasive ductal breast carcinoma)	4.763629133014762	0.0	0.961	-0.452
chr1	200889187	T	G	ESR1_HUMAN,CREB1_HUMAN,ZN579_HUMAN,AHR_HUMAN,NFIB_HUMAN	MCF7 (Invasive ductal breast carcinoma),HEK293 (embryonic kidney),MCF7 TamR (invasive ductal breast carcinoma Tamoxifen resistant)	0.0	48.67721189942208	-0.48200000000000004	1.6269999999999998
chr1	217313110	C	T	AHR_HUMAN	MCF7 (Invasive ductal breast carcinoma)	0.0	1.6465312404040728	-0.645	1.095
chr1	217316418	G	A	ESR1_HUMAN,AHR_HUMAN	MCF7 (Invasive ductal breast carcinoma)	0.0	9.28819770411585	-0.166	0.9309999999999999
chr1	224143116	A	G	AHR_HUMAN	MCF7 (Invasive ductal breast carcinoma),CWR22 (prostate carcinoma)	0.0	1.5292213115648357	-1.367	1.4140000000000001
chr10	8084945	A	C	ESR1_HUMAN,FOXA1_HUMAN,COT2_HUMAN,CUX1_HUMAN,ZNF24_HUMAN,AHR_HUMAN,NCOA3_HUMAN	MCF7 (Invasive ductal breast carcinoma),breast tumor tissue	0.0	40.243933754962036	-0.141	1.255
chr10	8726066	T	G	ESR1_HUMAN,GATA3_HUMAN,FOXA1_HUMAN,SMCE1_HUMAN,AHR_HUMAN,NCOA3_HUMAN	MCF7 (Invasive ductal breast carcinoma)	13.812995056867852	0.0	0.605	0.196
chr10	47190408	A	G	AHR_HUMAN,NFIB_HUMAN	MCF7 (Invasive ductal breast carcinoma)	0.0	1.4605186695777896	-1.319	1.319
chr10	47190436	T	C	ANDR_HUMAN,FOXA1_HUMAN,AHR_HUMAN,NFIB_HUMAN	LNCaP (prostate carcinoma),MCF7 (Invasive ductal breast carcinoma),LNCaP C4-2 (prostate carcinoma)	0.0	3.2945745628953556	-0.174	0.7070000000000001
chr11	83007210	C	A	ESR1_HUMAN,GATA3_HUMAN,FOXA1_HUMAN,GCR_HUMAN,HNF4A_HUMAN,AHR_HUMAN	MCF7 (Invasive ductal breast carcinoma),LY-2 (invasive ductal carcinoma),liver	0.0	21.859858827231573	-0.261	1.084
chr12	10361760	G	A	AHR_HUMAN	MCF7 (Invasive ductal breast carcinoma)	2.2018410708419456	0.0	1.022	-0.888
chr12	25867160	A	G	AHR_HUMAN	MCF7 (Invasive ductal breast carcinoma)	0.0	2.985223120864585	-0.953	1.4180000000000001
chr12	89465062	G	A	GRHL2_HUMAN,ESR1_HUMAN,AHR_HUMAN,TF65_HUMAN	MCF7 (Invasive ductal breast carcinoma),LY-2 (invasive ductal carcinoma),breast tumor xenograft	0.0	1.3910337825570978	-0.732	0.943
chr12	101697239	G	T	ESR1_HUMAN,FOXA1_HUMAN,AHR_HUMAN	MCF7 (Invasive ductal breast carcinoma),cranial neural crest cells,GM12878 (female B-cells),HEK293 (embryonic kidney),LY-2 (invasive ductal carcinoma),MDA-MB-453 (breast adenocarcinoma)	0.0	19.37818876165782	-0.27	1.206
chr12	105554469	A	G	AHR_HUMAN	MCF7 (Invasive ductal breast carcinoma)	4.062655640534912	0.0	1.3630000000000002	-0.6709999999999999
chr14	50865504	T	C	ESR1_HUMAN,AHR_HUMAN	MCF7 (Invasive ductal breast carcinoma)	2.315513973876374	0.0	0.86	-0.633
chr14	50865617	T	G	AHR_HUMAN	VCaP (prostate carcinoma),MCF7 (Invasive ductal breast carcinoma)	0.0	1.9175574814410778	-1.956	1.469
chr14	70692306	G	A	GATA3_HUMAN,AHR_HUMAN	MCF7 (Invasive ductal breast carcinoma)	1.4671575486655146	0.0	1.3259999999999998	-1.584
chr15	40055035	G	T	AHR_HUMAN	MCF7 (Invasive ductal breast carcinoma)	0.0	2.0277659932338348	-0.28	1.073
chr15	68691786	G	C	CEBPB_HUMAN,AHR_HUMAN	MCF7 (Invasive ductal breast carcinoma)	1.3715654011149314	0.0	1.381	-1.021
chr15	68691930	A	G	GATA3_HUMAN,FOXA1_HUMAN,AHR_HUMAN	VCaP (prostate carcinoma),MCF7 (Invasive ductal breast carcinoma)	1.4898474377696083	0.09416483560450957	0.7120000000000001	0.036000000000000004
chr15	74724835	C	A	ESR1_HUMAN,GATA3_HUMAN,CTBP1_HUMAN,AHR_HUMAN,NFIB_HUMAN	MCF7 (Invasive ductal breast carcinoma)	0.0	11.265921926723106	-0.15	0.934
chr15	75181149	C	G	AHR_HUMAN,PRD10_HUMAN	MCF7 (Invasive ductal breast carcinoma),K562 (myelogenous leukemia)	0.0	1.5088907815064798	-1.285	1.232
chr15	98868682	C	T	AHR_HUMAN	MCF7 (Invasive ductal breast carcinoma)	0.0	2.4381719915682902	-0.292	0.955
chr16	327367	A	G	EP300_HUMAN,GATA3_HUMAN,SIN3A_HUMAN,MNT_HUMAN,AHR_HUMAN,HES1_HUMAN,MYC_HUMAN	A549 (lung carcinoma),MCF7 (Invasive ductal breast carcinoma),HEK293 (embryonic kidney),ZR-75-1 (invasive ductal carcinoma)	2.274856858184836	0.0	1.53	-0.11599999999999999
chr16	75288458	T	C	AHR_HUMAN	MCF7 (Invasive ductal breast carcinoma)	0.0	1.8189777259496547		1.114
chr16	76138389	T	C	ESR1_HUMAN,GATA3_HUMAN,FOXA1_HUMAN,PRGR_HUMAN,P66B_HUMAN,CTBP1_HUMAN,AHR_HUMAN	MCF7 (Invasive ductal breast carcinoma)	0.0	4.759649998127413	-0.518	1.052
chr16	88763732	T	C	ESR1_HUMAN,GATA3_HUMAN,AP2C_HUMAN,FOXA1_HUMAN,CREB1_HUMAN,HDAC2_HUMAN,MNT_HUMAN,NR2C1_HUMAN,NCOR1_HUMAN,AHR_HUMAN,ERR1_HUMAN,NCOA3_HUMAN,NFIB_HUMAN,ZXDC_HUMAN,TEAD4_HUMAN	MCF7 (Invasive ductal breast carcinoma),HepG2 (hepatoblastoma),K562 (myelogenous leukemia),SK-BR-3 (breast adenocarcinoma)	0.0	72.9456384001271	1.089	1.484
chr17	49191944	C	G	CTCF_HUMAN,TFAP4_HUMAN,AHR_HUMAN	MCF7 (Invasive ductal breast carcinoma),COLO-320 (colon adenocarcinoma),foreskin keratinocyte	12.633305627627754	0.08477896311300734	1.619	0.07
chr17	81727588	A	G	FOXA1_HUMAN,GABPA_HUMAN,CREB1_HUMAN,SOX13_HUMAN,GATD1_HUMAN,PPARG_HUMAN,TFE3_HUMAN,KLF16_HUMAN,ETV5_HUMAN,ERF_HUMAN,AHR_HUMAN,GABP1_HUMAN	LNCaP (prostate carcinoma),HepG2 (hepatoblastoma)	0.0	3.000614048875975	-0.213	0.685
chr17	81727598	T	C	GABPA_HUMAN,CREB1_HUMAN,SOX13_HUMAN,SOX5_HUMAN,GATD1_HUMAN,KLF16_HUMAN,ETV5_HUMAN,ERF_HUMAN,AHR_HUMAN,GABP1_HUMAN	HepG2 (hepatoblastoma)	0.2916693328946888	3.7280410022678736	0.45299999999999996	1.4909999999999999
chr19	56956044	C	T	MNT_HUMAN,AHR_HUMAN	HepG2 (hepatoblastoma)	1.3770254048208705	0.0	0.8690000000000001	-0.547
chr2	39217001	G	C	ESR1_HUMAN,GATA3_HUMAN,FOXA1_HUMAN,CTBP1_HUMAN,AHR_HUMAN,HES1_HUMAN	MCF7 (Invasive ductal breast carcinoma),ICN12 (primary pre-B acute lymphomablastic leukemia)	4.938484671386109	0.0	1.064	-0.674
chr2	39217094	C	G	ESR1_HUMAN,GATA3_HUMAN,FOXA1_HUMAN,AHR_HUMAN,RUNX2_HUMAN	MCF7 (Invasive ductal breast carcinoma),Th1-cells	0.0	1.6270706121748508	-0.165	0.833
chr2	46164263	C	T	ESR1_HUMAN,FOXA1_HUMAN,GCR_HUMAN,AHR_HUMAN	A549 (lung carcinoma),MCF7 (Invasive ductal breast carcinoma)	14.499393748031146	0.0	0.917	0.218
chr2	46164277	G	C	ESR1_HUMAN,FOXA1_HUMAN,GCR_HUMAN,JUN_HUMAN,AHR_HUMAN	A549 (lung carcinoma),MCF7 (Invasive ductal breast carcinoma),HT29 (colon adenocarcinoma),MCF7 TamR (invasive ductal breast carcinoma Tamoxifen resistant)	15.609658217578673	0.0	0.8690000000000001	0.129
chr2	150133843	T	C	CEBPB_HUMAN,GCR_HUMAN,JUN_HUMAN,JUNB_HUMAN,FOSL2_HUMAN,BCL3_HUMAN,REQU_HUMAN,AHR_HUMAN	A549 (lung carcinoma),MCF7 (Invasive ductal breast carcinoma),HT29 (colon adenocarcinoma),K562 (myelogenous leukemia),HAEC (human aortic endothelial cells)	2.34669334753562	0.0	0.8170000000000001	-0.138
chr2	237559067	G	A	ESR1_HUMAN,FOXA1_HUMAN,GCR_HUMAN,ZN217_HUMAN,NFXL1_HUMAN,CLOCK_HUMAN,RFX1_HUMAN,RCOR1_HUMAN,AHR_HUMAN,RFX5_HUMAN,ZKSC1_HUMAN,NDF1_HUMAN,NFIB_HUMAN,FOS_HUMAN,KDM5B_HUMAN	MCF7 (Invasive ductal breast carcinoma),breast tumor tissue	0.0	66.2074607990325	0.317	1.3330000000000002
chr2	237559271	A	G	ESR1_HUMAN,FOXA1_HUMAN,ZFX_HUMAN,ZN217_HUMAN,YBOX1_HUMAN,NFXL1_HUMAN,CLOCK_HUMAN,AHR_HUMAN,NDF1_HUMAN,FOS_HUMAN,MYC_HUMAN,ZXDC_HUMAN	MCF7 (Invasive ductal breast carcinoma),LY-2 (invasive ductal carcinoma)	0.0	47.531803245812235	0.36200000000000004	1.264
chr2	237559438	G	T	ESR1_HUMAN,CLOCK_HUMAN,AHR_HUMAN	MCF7 (Invasive ductal breast carcinoma),breast tumor tissue	0.0	15.087959272089142	0.8270000000000001	0.9670000000000001
chr20	31605735	A	G	AHR_HUMAN	HepG2 (hepatoblastoma)	1.3938207094577826	0.0	1.162	-1.036
chr20	51160637	A	G	ESR1_HUMAN,ANDR_HUMAN,FOXA1_HUMAN,CREB1_HUMAN,AHR_HUMAN	MCF7 (Invasive ductal breast carcinoma),LHSAR (prostate epithelial cells),MDA-MB-453 (breast adenocarcinoma)	0.0	20.507128302230402	0.478	1.3619999999999999
chr3	102224307	T	C	ESR1_HUMAN,GATA3_HUMAN,FOXA1_HUMAN,AHR_HUMAN	MCF7 (Invasive ductal breast carcinoma),foreskin keratinocyte	0.0	7.321584146410161	-0.324	0.9279999999999999
chr3	133453079	G	T	GCR_HUMAN,AHR_HUMAN	MCF7 (Invasive ductal breast carcinoma),breast tumor tissue	1.4015870705949107	0.0	0.878	-0.502
chr3	150348679	C	T	AHR_HUMAN,TEAD4_HUMAN	MCF7 (Invasive ductal breast carcinoma),HCT-116 (colon carcinoma),Ishikawa (endometrial adenocarcinoma)	6.901309170045959	0.0	1.797	
chr3	161031231	C	A	ESR1_HUMAN,GATA3_HUMAN,PRGR_HUMAN,ZBT40_HUMAN,CREB1_HUMAN,ZN217_HUMAN,P66B_HUMAN,SMCE1_HUMAN,ELF1_HUMAN,CTBP1_HUMAN,RCOR1_HUMAN,REQU_HUMAN,BMI1_HUMAN,AHR_HUMAN,NCOA3_HUMAN,Z512B_HUMAN	T47D (invasive ductal carcinoma),MCF7 (Invasive ductal breast carcinoma)	0.0	30.752479193096352	0.736	1.23
chr3	191474123	T	C	GATA3_HUMAN,AHR_HUMAN	MCF7 (Invasive ductal breast carcinoma),LHSAR (prostate epithelial cells)	2.1957914721426475	0.0	1.5090000000000001	-2.015
chr5	14180634	G	C	GATA3_HUMAN,ZN579_HUMAN,SMCE1_HUMAN,SIX4_HUMAN,PKNX1_HUMAN,AHR_HUMAN,AHRR_HUMAN	MCF7 (Invasive ductal breast carcinoma)	0.0	2.5014743748718478	-1.8330000000000002	0.7040000000000001
chr5	14768106	C	T	ESR1_HUMAN,GATA3_HUMAN,FOXA1_HUMAN,AHR_HUMAN	MCF7 (Invasive ductal breast carcinoma),NCI-H3122 (lung adenocarcinoma),breast tumor tissue	2.394507856911382	0.058901540888610625	1.7309999999999999	-0.285
chr5	67215234	T	G	ESR1_HUMAN,GATA3_HUMAN,ZFX_HUMAN,ELF1_HUMAN,CLOCK_HUMAN,AHR_HUMAN,NFIB_HUMAN	VCaP (prostate carcinoma),MCF7 (Invasive ductal breast carcinoma),MCF-7L (invasive ductal carcinoma),breast tumor tissue	0.0	76.31339098146391	0.162	1.7180000000000002
chr5	77426113	G	A	FOXA1_HUMAN,AHR_HUMAN	MCF7 (Invasive ductal breast carcinoma)	0.0	2.3094949095322908	0.22	0.83
chr5	107258026	T	A	IKZF1_HUMAN,IKZF2_HUMAN,AHR_HUMAN	MCF7 (Invasive ductal breast carcinoma),GM12878 (female B-cells)	0.0	1.9355061017446298	-1.136	1.329
chr5	107258047	A	G	IKZF1_HUMAN,IKZF2_HUMAN,AHR_HUMAN	MCF7 (Invasive ductal breast carcinoma),GM12878 (female B-cells)	0.0	2.526927671293519	-1.224	1.4480000000000002
chr6	2432406	G	A	PPARG_HUMAN,AHR_HUMAN	MCF7 (Invasive ductal breast carcinoma),HT29 (colon adenocarcinoma)	1.973715234746317	0.0	1.263	-0.897
chr6	9503572	C	T	GATA3_HUMAN,CREB1_HUMAN,AHR_HUMAN,NDF1_HUMAN,TF65_HUMAN	MCF7 (Invasive ductal breast carcinoma),HAEC (human aortic endothelial cells)	0.0	4.452584480654228		0.818
chr6	33556983	C	T	FOXA1_HUMAN,AHR_HUMAN	VCaP (prostate carcinoma),MCF7 (Invasive ductal breast carcinoma)	3.4654406559410584	0.054014610425530594	1.077	-0.023
chr6	33557015	C	T	AHR_HUMAN	VCaP (prostate carcinoma)	1.3685022495158843	0.0	0.789	-0.639
chr6	73580568	A	G	EP300_HUMAN,JUN_HUMAN,JUNB_HUMAN,AHR_HUMAN,FOS_HUMAN,HDAC1_HUMAN	A549 (lung carcinoma),MCF7 (Invasive ductal breast carcinoma),GM12878 (female B-cells),HUVEC (umbilical vein endothelial cells),K562 (myelogenous leukemia),HAEC (human aortic endothelial cells),MDA231-LM2-4175 (breast adenocarcinoma)	2.1785439788163283	0.0	0.674	0.23600000000000002
chr6	151658113	A	G	RAD21_HUMAN,ESR1_HUMAN,CEBPB_HUMAN,GATA3_HUMAN,FOXA1_HUMAN,PRGR_HUMAN,ZBT40_HUMAN,CUX1_HUMAN,CREB1_HUMAN,ZN217_HUMAN,ZN579_HUMAN,P66B_HUMAN,RCOR1_HUMAN,AHR_HUMAN,NDF1_HUMAN,ATF7_HUMAN,NCOA3_HUMAN,FOS_HUMAN	MCF7 (Invasive ductal breast carcinoma)	0.0	1.7766148034584548	-0.638	0.991
chr6	170124913	A	T	AHR_HUMAN	MCF7 (Invasive ductal breast carcinoma)	0.06448455311930115	2.254548801986928	-0.136	1.262
chr7	35025501	G	T	ESR1_HUMAN,FOXA1_HUMAN,COT2_HUMAN,P66B_HUMAN,AHR_HUMAN,P53_HUMAN	MCF7 (Invasive ductal breast carcinoma)	0.0	29.36365221573283	-0.289	1.285
chr7	35025514	G	A	ESR1_HUMAN,P66B_HUMAN,AHR_HUMAN,P53_HUMAN	MCF7 (Invasive ductal breast carcinoma)	0.0	15.292532107868485	-0.336	1.245
chr7	41573222	G	A	MNT_HUMAN,AHR_HUMAN,NCOA3_HUMAN	MCF7 (Invasive ductal breast carcinoma)	0.0	1.432284065040112	-0.207	1.321
chr7	46886827	G	A	ESR1_HUMAN,GATA3_HUMAN,FOXA1_HUMAN,AHR_HUMAN	MCF7 (Invasive ductal breast carcinoma),LY-2 (invasive ductal carcinoma)	0.0	18.94647092532985	0.198	1.1159999999999999
chr7	54483617	T	C	AHR_HUMAN	MCF7 (Invasive ductal breast carcinoma)	0.0	2.0859743028414997	-1.197	1.16
chr7	100022931	G	A	AHR_HUMAN	MCF7 (Invasive ductal breast carcinoma)	0.0	1.728705415954647	-0.687	0.888
chr8	67381205	T	C	EP300_HUMAN,ESR1_HUMAN,CTCF_HUMAN,GATA3_HUMAN,FOXA1_HUMAN,P66B_HUMAN,NFXL1_HUMAN,CLOCK_HUMAN,AHR_HUMAN,NCOA3_HUMAN,TF65_HUMAN	MCF7 (Invasive ductal breast carcinoma)	1.524933527423894	0.0	1.455	-2.7880000000000003
chr8	123564074	T	A	ESR1_HUMAN,CEBPB_HUMAN,GATA3_HUMAN,FOXA1_HUMAN,GCR_HUMAN,AHR_HUMAN	MCF7 (Invasive ductal breast carcinoma),breast tumor tissue	0.0	24.051819886834036	0.155	0.997
chr8	124856993	G	C	GRHL2_HUMAN,ESR1_HUMAN,AP2C_HUMAN,FOXA1_HUMAN,PRGR_HUMAN,GCR_HUMAN,ZFX_HUMAN,MNT_HUMAN,AHR_HUMAN,MAZ_HUMAN,ZN143_HUMAN,NFIB_HUMAN,RUNX2_HUMAN	MCF7 (Invasive ductal breast carcinoma),SK-BR-3 (breast adenocarcinoma),breast tumor tissue	0.0	1.5040235308825172	0.23399999999999999	1.176
chr9	90923997	A	G	ESR1_HUMAN,GATA3_HUMAN,FOXA1_HUMAN,CTBP1_HUMAN,AHR_HUMAN,ZN444_HUMAN	MCF7 (Invasive ductal breast carcinoma)	1.9268056393130741	0.0	0.654	-0.317
chr9	107819902	C	T	ESR1_HUMAN,FOXA1_HUMAN,AHR_HUMAN	MCF7 (Invasive ductal breast carcinoma)	1.3115075341816829	0.00433321918115704	0.359	-0.003
chr9	131733683	G	A	AHR_HUMAN	MCF7 (Invasive ductal breast carcinoma)	1.3685022495158843	0.028761834564078617	0.9470000000000001	-0.645
