Chromosome	Position	Ref	Alt	ASB in transcription factors	ASB in cell types	CHD2_HUMAN_FDR_Ref	CHD2_HUMAN_FDR_Alt	CHD2_HUMAN_Effect_Size_Ref	CHD2_HUMAN_Effect_Size_Alt
chr1	155227477	T	C	CTCF_HUMAN,PKNX1_HUMAN,UBF1_HUMAN,CHD2_HUMAN,NRF1_HUMAN,BC11B_HUMAN	LNCaP (prostate carcinoma),MCF7 (Invasive ductal breast carcinoma),GM12878 (female B-cells),HeLa S3 (cervical adenocarcinoma),HepG2 (hepatoblastoma),mammary epithelial cells,MDA-MB-453 (breast adenocarcinoma),thymus-derived CD34- cells,foreskin keratinocyte	1.354888316572098	0.40466808180357894	0.426	0.408
chr11	44066439	G	T	ELF1_HUMAN,CHD2_HUMAN,IKZF1_HUMAN,IKZF2_HUMAN,STAT1_HUMAN,IRF5_HUMAN,E4F1_HUMAN,SPI1_HUMAN	A549 (lung carcinoma),CD14+ monocytes,GM12878 (female B-cells),monocyte-derived macrophages	0.0	1.639514867514158		0.575
chr11	66002309	T	G	GABPA_HUMAN,FOSL1_HUMAN,ZNF24_HUMAN,NFXL1_HUMAN,CLOCK_HUMAN,NR2C1_HUMAN,NCOR1_HUMAN,CHD2_HUMAN,FOXK2_HUMAN,MTA2_HUMAN,NRF1_HUMAN,MTG16_HUMAN,IRF5_HUMAN	HEK293T (embryonic kidney),A549 (lung carcinoma),GM12878 (female B-cells),HEK293 (embryonic kidney),HepG2 (hepatoblastoma),HL-60 (acute myeloid leukemia),K562 (myelogenous leukemia),WI-38 (lung fibroblasts)	4.266732370719952	0.0	0.792	0.5820000000000001
chr11	125592740	C	T	SP1_HUMAN,CHD2_HUMAN,NC2A_HUMAN,SP2_HUMAN	H1 (embryonic stem cells),HepG2 (hepatoblastoma),neural cell	1.7407706237822858	0.15941046060570455	1.3	0.159
chr12	67269144	A	G	ESR1_HUMAN,VEZF1_HUMAN,CHD2_HUMAN,FOXK2_HUMAN	HepG2 (hepatoblastoma),K562 (myelogenous leukemia),breast tumor tissue	1.7189574321176164	0.0	0.733	-2.238
chr13	42271860	C	T	USF2_HUMAN,CHD2_HUMAN	GM12878 (female B-cells)	6.002661903672796	0.0	2.088	
chr16	1964953	C	T	EP300_HUMAN,JUN_HUMAN,SP1_HUMAN,CREB1_HUMAN,CHD2_HUMAN,KLF11_HUMAN,ZBT20_HUMAN,ZNF76_HUMAN,ZN366_HUMAN,KMT2A_HUMAN	HEK293T (embryonic kidney),A549 (lung carcinoma),LNCaP (prostate carcinoma),H1 (embryonic stem cells),HEK293 (embryonic kidney),HeLa S3 (cervical adenocarcinoma),hMADS-3 (adipose-derived stem cells),SK-N-SH (neuroblastoma),fetal bone marrow-derived mononuclear cells,HAEC (human aortic endothelial cells),upper lobe of left lung	0.0	2.2698109154645025	0.38299999999999995	1.327
chr16	1964978	G	T	EP300_HUMAN,ZFX_HUMAN,JUN_HUMAN,BCL3_HUMAN,CREB1_HUMAN,CHD2_HUMAN,KLF11_HUMAN,ZBT20_HUMAN,ZNF76_HUMAN,TF65_HUMAN	HEK293T (embryonic kidney),A549 (lung carcinoma),LNCaP (prostate carcinoma),HEK293 (embryonic kidney),HeLa S3 (cervical adenocarcinoma),hMADS-3 (adipose-derived stem cells),Ishikawa (endometrial adenocarcinoma),liver,HAEC (human aortic endothelial cells),D341 Med (medulloblastoma),foreskin keratinocyte	0.0	1.8165713405593769	-0.11599999999999999	1.274
chr16	25258297	T	C	CTCF_HUMAN,MAX_HUMAN,GABPA_HUMAN,EGR1_HUMAN,NFE2_HUMAN,CREB1_HUMAN,HDAC2_HUMAN,ZNF24_HUMAN,GMEB1_HUMAN,CHD2_HUMAN,ZN639_HUMAN,ZN449_HUMAN,HDAC1_HUMAN,MYCN_HUMAN	A549 (lung carcinoma),HEK293 (embryonic kidney),HepG2 (hepatoblastoma),K562 (myelogenous leukemia),fetal proerythroblasts,Tet21N (neuroblastoma),pancreas,upper lobe of left lung	0.0	7.122256691851325	0.24600000000000002	0.912
chr16	25258324	G	T	CTCF_HUMAN,GCR_HUMAN,VEZF1_HUMAN,MAX_HUMAN,GABPA_HUMAN,EGR1_HUMAN,CREB1_HUMAN,KDM1A_HUMAN,ZNF24_HUMAN,GMEB1_HUMAN,CHD2_HUMAN,SP130_HUMAN,ZN449_HUMAN,ZN121_HUMAN,RUNX3_HUMAN	A549 (lung carcinoma),NCI-H2171 (small cell lung carcinoma),HEK293 (embryonic kidney),HepG2 (hepatoblastoma),K562 (myelogenous leukemia),CD4+ T-cells,pancreas,upper lobe of left lung	0.0	6.099220461020993	0.26	0.924
chr16	75623323	C	A	CTCF_HUMAN,CHD2_HUMAN,STAT1_HUMAN	CD14+ monocytes,HeLa S3 (cervical adenocarcinoma),foreskin keratinocyte	6.361163512442933	0.0	1.594	-0.478
chr17	15699586	T	G	KAISO_HUMAN,HCFC1_HUMAN,BRCA1_HUMAN,CHD2_HUMAN,GABP1_HUMAN,ZN143_HUMAN,HIF1A_HUMAN	T47D (invasive ductal carcinoma),GM12878 (female B-cells),HCT-116 (colon carcinoma),HeLa S3 (cervical adenocarcinoma),HepG2 (hepatoblastoma)	3.2034640515306325	0.0	1.329	-1.253
chr17	15699610	G	C	HCFC1_HUMAN,CHD2_HUMAN	GM12878 (female B-cells)	3.2285523796072764	0.0	1.495	-1.5619999999999998
chr17	43361285	A	G	EP300_HUMAN,T2FA_HUMAN,ESR1_HUMAN,CTCF_HUMAN,SIN3A_HUMAN,KAISO_HUMAN,JUND_HUMAN,BCL3_HUMAN,CREB1_HUMAN,ELF1_HUMAN,MYB_HUMAN,TTP_HUMAN,CHD2_HUMAN,HTF4_HUMAN,BHE40_HUMAN,IKZF1_HUMAN,ARNT_HUMAN,PPARG_HUMAN,ETS1_HUMAN,CREM_HUMAN,TBX21_HUMAN,PO2F2_HUMAN,MAF_HUMAN,PML_HUMAN,TBP_HUMAN	A549 (lung carcinoma),GM12878 (female B-cells),HeLa S3 (cervical adenocarcinoma),Jurkat (T-cells),Th1-cells,Th2-cells,breast tumor tissue,transverse colon,uterus,coronary artery,upper lobe of left lung	2.246726068365103	0.0	0.889	-0.316
chr17	58631673	G	A	CTCF_HUMAN,SIN3A_HUMAN,JUN_HUMAN,JUND_HUMAN,BCL3_HUMAN,REST_HUMAN,CHD2_HUMAN,HTF4_HUMAN,FOXK2_HUMAN,PPARG_HUMAN,IRF5_HUMAN,HAND2_HUMAN,COE3_HUMAN	786-O (renal carcinoma),A549 (lung carcinoma),GM12878 (female B-cells),HT29 (colon adenocarcinoma),K562 (myelogenous leukemia),SK-N-SH (neuroblastoma),Peyer's patch,esophagus squamous epithelium,thyroid gland,adrenal gland,prostate gland,tibial nerve	0.0	4.821295470251352	0.583	0.812
chr17	63843137	T	C	ZBT7A_HUMAN,JUN_HUMAN,GABPA_HUMAN,REST_HUMAN,CREB1_HUMAN,NCOR1_HUMAN,CHD2_HUMAN,NFYC_HUMAN,NR2C2_HUMAN,NRF1_HUMAN,CREM_HUMAN	A549 (lung carcinoma),HeLa S3 (cervical adenocarcinoma),HepG2 (hepatoblastoma),K562 (myelogenous leukemia)	1.6291059409894604	0.0	0.9440000000000001	-0.389
chr17	80989081	G	A	CTCF_HUMAN,CHD2_HUMAN	786-O (renal carcinoma),HepG2 (hepatoblastoma),SK-N-AS (neuroblastoma)	0.0	4.750521924904212	0.42700000000000005	0.677
chr19	10252206	G	A	CHD2_HUMAN,CREM_HUMAN,EGR2_HUMAN	HEK293 (embryonic kidney),K562 (myelogenous leukemia)	1.9979896511256618	0.0	1.347	
chr19	12938466	A	C	CHD2_HUMAN	HeLa S3 (cervical adenocarcinoma)	1.4885882353641846	0.0	1.48	
chr2	85328154	G	A	CLOCK_HUMAN,CHD2_HUMAN	A549 (lung carcinoma),cranial neural crest cells,H1 (embryonic stem cells),HepG2 (hepatoblastoma),fetal bone marrow-derived mononuclear cells	1.4195623485156958	0.0	0.971	-0.602
chr2	170929058	G	C	CTCF_HUMAN,CHD2_HUMAN	A549 (lung carcinoma)	0.0	1.9525582086397244	0.281	0.7290000000000001
chr21	39313728	G	A	EGR1_HUMAN,CHD2_HUMAN	VCaP (prostate carcinoma)	1.3883497638027882	0.0	0.278	-0.691
chr3	184298924	C	G	RAD21_HUMAN,CHD2_HUMAN,FOXK2_HUMAN	GM12878 (female B-cells),H1 (embryonic stem cells),HEK293 (embryonic kidney),HepG2 (hepatoblastoma)	0.0	2.1594061053075966	-1.036	1.189
chr3	194583894	T	G	CHD2_HUMAN	HepG2 (hepatoblastoma)	1.6297413278742625	0.0	1.3119999999999998	-1.126
chr3	194584012	C	G	ESR1_HUMAN,CTCF_HUMAN,GABPA_HUMAN,ELF1_HUMAN,CHD2_HUMAN,FOXK2_HUMAN,ZN143_HUMAN	MCF7 (Invasive ductal breast carcinoma),GM12878 (female B-cells),GM12891 (male B-cells),HepG2 (hepatoblastoma),ME-1 (acute myeloid leukemia ),SNU175 (adenocarcinoma),gastroesophageal sphincter	1.4775798231417983	0.0	1.018	
chr3	194584024	G	A	CTCF_HUMAN,GABPA_HUMAN,ELF1_HUMAN,CHD2_HUMAN,FOXK2_HUMAN,ZN143_HUMAN	MCF7 (Invasive ductal breast carcinoma),GM12878 (female B-cells),HepG2 (hepatoblastoma),ME-1 (acute myeloid leukemia ),R3/R4 erythroid cells,SNU175 (adenocarcinoma),gastroesophageal sphincter	0.0	4.75183878301789	0.233	0.56
chr4	15681695	C	T	KAISO_HUMAN,CHD2_HUMAN,STAT1_HUMAN,NRF1_HUMAN,KMT2A_HUMAN	MCF7 (Invasive ductal breast carcinoma),CD14+ monocytes,HepG2 (hepatoblastoma),K562 (myelogenous leukemia),fetal bone marrow-derived mononuclear cells	1.6471509147552523	0.0	0.74	-0.299
chr4	173519159	C	A	EZH2_HUMAN,CHD2_HUMAN	SK-N-SH (neuroblastoma)	2.1626202940946992	0.0	0.66	-0.006
chr5	112861252	A	C	NFIC_HUMAN,CTCF_HUMAN,ZBT40_HUMAN,GABPA_HUMAN,KDM5A_HUMAN,ELF1_HUMAN,NR2C1_HUMAN,CHD2_HUMAN,HTF4_HUMAN,FOXK2_HUMAN,ZBT11_HUMAN,GABP1_HUMAN,PHF20_HUMAN,ENL_HUMAN,MEIS2_HUMAN,NCOA1_HUMAN,TIF1A_HUMAN	GM12878 (female B-cells),HepG2 (hepatoblastoma),K562 (myelogenous leukemia),SK-N-SH (neuroblastoma)	5.412254536163851	0.0	2.166	
chr5	146447083	C	A	CTCF_HUMAN,KAISO_HUMAN,CHD2_HUMAN,STAT1_HUMAN,OTX2_HUMAN	LNCaP (prostate carcinoma),MCF7 (Invasive ductal breast carcinoma),CD14+ monocytes,GM12864 (male B-cells),GM12865 (female B-cells),GM12878 (female B-cells),hASC (preadipocytes),HeLa Kyoto (cervical adenocarcinoma),HeLa S3 (cervical adenocarcinoma),HepG2 (hepatoblastoma),HUES64 (embryonic stem cells),HUVEC (umbilical vein endothelial cells),SK-N-SH (neuroblastoma),lower leg skin,foreskin keratinocyte	26.8595279080191	0.0	0.7879999999999999	0.379
chr6	44387686	C	T	CHD2_HUMAN,FOXK2_HUMAN,STAT1_HUMAN	CD14+ monocytes,GM12878 (female B-cells),HepG2 (hepatoblastoma),monocyte-derived macrophages,liver	0.0	2.365777335533198	-2.597	1.7480000000000002
chr8	33484993	C	A	CHD2_HUMAN,PML_HUMAN	GM12878 (female B-cells)	1.4136943064493561	0.0	1.198	-1.121
chr8	33513778	T	C	CHD2_HUMAN,BACH1_HUMAN,ARNT_HUMAN,NDF1_HUMAN	GM12878 (female B-cells),HepG2 (hepatoblastoma),D283 Med (medulloblastoma)	4.359606628961588	0.0	1.4709999999999999	
chr9	6681701	C	G	CHD2_HUMAN,BC11B_HUMAN,FLI1_HUMAN	GM12878 (female B-cells),HeLa S3 (cervical adenocarcinoma),thymus-derived CD34- cells,A-673 clone Asp114 (Ewing sarcoma)	1.4474043380311683	0.0	1.1320000000000001	-1.141
