Chromosome	Position	Ref	Alt	ASB in transcription factors	ASB in cell types	CR3L1_HUMAN_FDR_Ref	CR3L1_HUMAN_FDR_Alt	CR3L1_HUMAN_Effect_Size_Ref	CR3L1_HUMAN_Effect_Size_Alt
chr1	16613699	G	A	EP300_HUMAN,EZH2_HUMAN,RFOX2_HUMAN,PYGO2_HUMAN,TAF7_HUMAN,DDX20_HUMAN,HDAC8_HUMAN,GRHL2_HUMAN,ESR1_HUMAN,TAL1_HUMAN,CEBPB_HUMAN,CTCF_HUMAN,AP2A_HUMAN,FOXA1_HUMAN,GCR_HUMAN,ZBT7A_HUMAN,SIN3A_HUMAN,ZFX_HUMAN,JUN_HUMAN,ZBT40_HUMAN,VEZF1_HUMAN,NONO_HUMAN,JUNB_HUMAN,TYY1_HUMAN,MAX_HUMAN,EGR1_HUMAN,SP1_HUMAN,BCL3_HUMAN,NR4A1_HUMAN,KLF1_HUMAN,KLF13_HUMAN,CREB1_HUMAN,SUZ12_HUMAN,CBX3_HUMAN,ZN579_HUMAN,SMCE1_HUMAN,MNT_HUMAN,ZNF24_HUMAN,ELF1_HUMAN,ZN574_HUMAN,IRF1_HUMAN,ZN740_HUMAN,SOX13_HUMAN,PKNX1_HUMAN,ELF4_HUMAN,CTBP1_HUMAN,MYB_HUMAN,NR2C1_HUMAN,RFX1_HUMAN,MGAP_HUMAN,NCOA2_HUMAN,EMSY_HUMAN,SMCA4_HUMAN,MEF2D_HUMAN,IKZF1_HUMAN,ZN687_HUMAN,MTA2_HUMAN,NFAC3_HUMAN,ARNT_HUMAN,REQU_HUMAN,TFDP1_HUMAN,CREB3_HUMAN,FOXM1_HUMAN,ZN639_HUMAN,ZBT11_HUMAN,Z354B_HUMAN,ZBT26_HUMAN,KLF11_HUMAN,KLF16_HUMAN,FOXP1_HUMAN,ERF_HUMAN,RING2_HUMAN,HINFP_HUMAN,NRF1_HUMAN,SRBP1_HUMAN,GLIS1_HUMAN,GLI2_HUMAN,ZN600_HUMAN,FEZF1_HUMAN,SP7_HUMAN,BC11B_HUMAN,ZN341_HUMAN,WT1_HUMAN,SP2_HUMAN,OSR2_HUMAN,KLF8_HUMAN,ZN770_HUMAN,ZN843_HUMAN,ZN555_HUMAN,ERR1_HUMAN,ZFP91_HUMAN,ENL_HUMAN,NFIB_HUMAN,TF65_HUMAN,MTA1_HUMAN,CHD1_HUMAN,MEIS2_HUMAN,NCOA1_HUMAN,CR3L1_HUMAN,CDC5L_HUMAN,ZN184_HUMAN,MCM7_HUMAN,HDAC1_HUMAN,AFF1_HUMAN,ZN398_HUMAN,KMT2A_HUMAN,TF7L1_HUMAN,KDM5B_HUMAN	HEK293T (embryonic kidney),A549 (lung carcinoma),VCaP (prostate carcinoma),MCF7 (Invasive ductal breast carcinoma),MCF-7 C4-12 (invasive breast ductal carcinoma),cranial neural crest cells,GM12878 (female B-cells),NCI-H2171 (small cell lung carcinoma),HCT-116 (colon carcinoma),HEK293 (embryonic kidney),HepG2 (hepatoblastoma),hMADS-3 (adipose-derived stem cells),Jurkat (T-cells),K562 (myelogenous leukemia),SEM (childhood B acute lymphoblastic leukemia),MDA-MB-453 (breast adenocarcinoma),spleen,liver,erythroblasts,pancreas,226LDM (normal breast luminal cells),RCH-ACV (B acute lymphoblastic leukemia with t(1;19)(q23;p13.3) E2A-PBX1 (TCF3-PBX1)),RH4 (alveolar rhabdomyosarcoma),breast tumor xenograft,suprapubic skin,heart left ventricle,gastrocnemius medialis,ovary,gastroesophageal sphincter,uterus,thyroid gland,adrenal gland,prostate gland,tibial nerve,upper lobe of left lung	0.0	3.639063928502179	-0.18899999999999997	0.982
chr1	229895585	G	A	CR3L1_HUMAN	K562 (myelogenous leukemia)	0.0	1.3520547838413146		1.925
chr11	119057538	G	A	BC11A_HUMAN,ZBT40_HUMAN,GABPA_HUMAN,MNT_HUMAN,CLOCK_HUMAN,NR2C1_HUMAN,GABP1_HUMAN,PRD10_HUMAN,CR3L1_HUMAN	LNCaP (prostate carcinoma),MCF7 (Invasive ductal breast carcinoma),K562 (myelogenous leukemia),Human Umbilical Cord Blood-Derived Erythroid Progenitor Cells-2 (HUDEP-2)	0.0	1.4118724327278156	-0.929	0.956
chr11	119057542	C	T	BC11A_HUMAN,ZBT40_HUMAN,GABPA_HUMAN,MNT_HUMAN,CLOCK_HUMAN,NR2C1_HUMAN,ZBT11_HUMAN,GABP1_HUMAN,PRD10_HUMAN,CR3L1_HUMAN	LNCaP (prostate carcinoma),MCF7 (Invasive ductal breast carcinoma),LNCaP C4-2B (prostate carcinoma),K562 (myelogenous leukemia),Human Umbilical Cord Blood-Derived Erythroid Progenitor Cells-2 (HUDEP-2)	0.0	1.4468450697970343	-0.7490000000000001	1.01
chr12	62466937	G	A	CR3L1_HUMAN	HEK293T (embryonic kidney),HEK293 (embryonic kidney),K562 (myelogenous leukemia)	0.0	1.5211252332960885		1.778
chr17	65123370	G	A	NFIC_HUMAN,HDAC2_HUMAN,MNT_HUMAN,ELF1_HUMAN,SNIP1_HUMAN,PKNX1_HUMAN,NR2C1_HUMAN,NCOR1_HUMAN,ZN592_HUMAN,MYBB_HUMAN,MGAP_HUMAN,TAF9B_HUMAN,HDAC3_HUMAN,SIN3B_HUMAN,EP400_HUMAN,IKZF1_HUMAN,REQU_HUMAN,ZBT11_HUMAN,RING2_HUMAN,RLF_HUMAN,PHF20_HUMAN,ATF7_HUMAN,MTA3_HUMAN,CR3L1_HUMAN,SPT5H_HUMAN,HDAC1_HUMAN,TBP_HUMAN	HepG2 (hepatoblastoma),K562 (myelogenous leukemia)	1.4681975288522098	0.0	1.611	-2.227
chr17	65123412	C	T	DIDO1_HUMAN,KDM5A_HUMAN,KDM1A_HUMAN,MNT_HUMAN,NFRKB_HUMAN,SNIP1_HUMAN,NR2C1_HUMAN,MYBB_HUMAN,SIN3B_HUMAN,EP400_HUMAN,SKIL_HUMAN,REQU_HUMAN,ZBT11_HUMAN,ETV5_HUMAN,BC11B_HUMAN,ZEB2_HUMAN,PHF20_HUMAN,CR3L1_HUMAN,ARI1B_HUMAN,HDAC1_HUMAN,AFF1_HUMAN,SPI1_HUMAN	T47D (invasive ductal carcinoma),GM12878 (female B-cells),HepG2 (hepatoblastoma),monocyte-derived macrophages,K562 (myelogenous leukemia),periferal blood macrophages,thymus-derived CD34- cells	2.1501121690072864	0.0	1.7109999999999999	-2.6860000000000004
chr18	618124	T	C	DDX20_HUMAN,ZBT40_HUMAN,NONO_HUMAN,KAISO_HUMAN,NR4A1_HUMAN,P66B_HUMAN,MNT_HUMAN,ZN592_HUMAN,MYBB_HUMAN,RFX1_HUMAN,MGAP_HUMAN,NCOA2_HUMAN,ATF3_HUMAN,ILF3_HUMAN,TAF9B_HUMAN,CHAP1_HUMAN,EP400_HUMAN,ZN318_HUMAN,SMCA4_HUMAN,ZSC29_HUMAN,FOXK2_HUMAN,MTA2_HUMAN,NFAC3_HUMAN,RAD51_HUMAN,LMBL2_HUMAN,ZN639_HUMAN,EHMT2_HUMAN,RING2_HUMAN,ZEB2_HUMAN,ERR1_HUMAN,ZFP91_HUMAN,DACH1_HUMAN,PF21A_HUMAN,ATF7_HUMAN,MTA1_HUMAN,MTA3_HUMAN,NCOA1_HUMAN,CR3L1_HUMAN,ZBTB2_HUMAN,ZN184_HUMAN,BRD9_HUMAN,HDAC1_HUMAN,ASH1L_HUMAN,TR150_HUMAN	K562 (myelogenous leukemia)	4.035174698155797	0.0	1.639	
chr18	8999087	C	T	NCOR1_HUMAN,MEIS2_HUMAN,CR3L1_HUMAN,ZN316_HUMAN	K562 (myelogenous leukemia)	0.0	1.375321332905157	-0.6990000000000001	0.9129999999999999
chr19	51391073	A	C	NFIC_HUMAN,ELF1_HUMAN,NCOA2_HUMAN,GMEB1_HUMAN,IKZF1_HUMAN,CR3L1_HUMAN	K562 (myelogenous leukemia)	1.6900351900074586	0.0	1.538	-1.426
chr4	2375686	C	T	NFIC_HUMAN,KDM1A_HUMAN,EP400_HUMAN,REQU_HUMAN,RING2_HUMAN,CR3L1_HUMAN,ARI1B_HUMAN,HDAC1_HUMAN	K562 (myelogenous leukemia)	1.581672649025658	0.0	1.581	-2.375
chr5	172772589	T	C	RAD21_HUMAN,CEBPB_HUMAN,SMC3_HUMAN,JUN_HUMAN,JUNB_HUMAN,BCL3_HUMAN,ZNF24_HUMAN,NCOR1_HUMAN,MGAP_HUMAN,ATF3_HUMAN,NRF1_HUMAN,BC11B_HUMAN,TF65_HUMAN,CR3L1_HUMAN,HDAC1_HUMAN	A549 (lung carcinoma),T47D (invasive ductal carcinoma),HepG2 (hepatoblastoma),monocyte-derived macrophages,K562 (myelogenous leukemia),macrophages,thymus-derived CD34- cells,foreskin keratinocyte	0.14676507627210836	2.8787395405028597	0.001	0.701
chr7	156640261	G	A	RFOX2_HUMAN,ZFX_HUMAN,KAISO_HUMAN,EGR1_HUMAN,HDAC2_HUMAN,MNT_HUMAN,NCOR1_HUMAN,ZN592_HUMAN,MGAP_HUMAN,NCOA6_HUMAN,EP400_HUMAN,SMCA4_HUMAN,IKZF1_HUMAN,ZSC29_HUMAN,SKIL_HUMAN,ZN639_HUMAN,GABP1_HUMAN,RING2_HUMAN,NRF1_HUMAN,ZEB2_HUMAN,CR3L1_HUMAN,ARI1B_HUMAN,ZN316_HUMAN,SPT5H_HUMAN,HDAC1_HUMAN	MCF7 (Invasive ductal breast carcinoma),MCF-7 C4-12 (invasive breast ductal carcinoma),K562 (myelogenous leukemia)	0.0	2.0518469164403936		1.828
