Chromosome	Position	Ref	Alt	ASB in transcription factors	ASB in cell types	CREM_HUMAN_FDR_Ref	CREM_HUMAN_FDR_Alt	CREM_HUMAN_Effect_Size_Ref	CREM_HUMAN_Effect_Size_Alt
chr1	2255546	G	A	EP300_HUMAN,ANDR_HUMAN,GABPA_HUMAN,CREB1_HUMAN,CREM_HUMAN	VCaP (prostate carcinoma),K562 (myelogenous leukemia)	1.3437223763656754	0.0	1.0190000000000001	-0.659
chr1	16645453	C	G	EP300_HUMAN,RFOX2_HUMAN,RAD21_HUMAN,RXRA_HUMAN,SKI_HUMAN,CEBPB_HUMAN,CTCF_HUMAN,BCL6_HUMAN,ZBT7A_HUMAN,VEZF1_HUMAN,HNF4A_HUMAN,MAX_HUMAN,COT2_HUMAN,GABPA_HUMAN,SP1_HUMAN,TAF1_HUMAN,ATF1_HUMAN,CREB1_HUMAN,KDM5A_HUMAN,HDAC2_HUMAN,SOX13_HUMAN,TFAP4_HUMAN,CEBPG_HUMAN,COT1_HUMAN,ZN622_HUMAN,HBP1_HUMAN,THB_HUMAN,RXRB_HUMAN,SOX5_HUMAN,THA11_HUMAN,RARA_HUMAN,MIER2_HUMAN,ZBT26_HUMAN,NR2F6_HUMAN,MAD4_HUMAN,FOXA3_HUMAN,ZGPAT_HUMAN,NFYC_HUMAN,ARI4B_HUMAN,KLF11_HUMAN,ZNF48_HUMAN,SMAD4_HUMAN,TFE3_HUMAN,TEAD3_HUMAN,ELF3_HUMAN,NFIL3_HUMAN,RFXK_HUMAN,CEBPA_HUMAN,NC2A_HUMAN,SP130_HUMAN,ERF_HUMAN,GABP1_HUMAN,ETV4_HUMAN,CREM_HUMAN,FOXO3_HUMAN,USF1_HUMAN,MBD4_HUMAN	MCF7 (Invasive ductal breast carcinoma),keratinocytes,GM12878 (female B-cells),HEK293 (embryonic kidney),HepG2 (hepatoblastoma),liver,neural cell	2.160871300229926	0.0	0.8029999999999999	-0.268
chr1	45500031	G	T	ESR1_HUMAN,TYY1_HUMAN,ATF1_HUMAN,MNT_HUMAN,ELF4_HUMAN,TAF9B_HUMAN,IKZF1_HUMAN,FOXK2_HUMAN,COT1_HUMAN,ETS1_HUMAN,CREM_HUMAN,SP3_HUMAN,GLIS1_HUMAN,PRD10_HUMAN,ZBT17_HUMAN,ZBT20_HUMAN,ZBTB6_HUMAN,AFF1_HUMAN,KLF10_HUMAN	22RV1 (prostate carcinoma),HEK293T (embryonic kidney),786-O (renal carcinoma),GM12878 (female B-cells),HEK293 (embryonic kidney),HepG2 (hepatoblastoma),monocyte-derived macrophages,K562 (myelogenous leukemia),CD4+ T-cells,neural cell	0.13484696326761225	1.7654216983393356	0.055999999999999994	1.511
chr1	55277679	C	T	CTCF_HUMAN,MNT_HUMAN,ZNF24_HUMAN,SMCA4_HUMAN,CREM_HUMAN,MEIS2_HUMAN,ZN407_HUMAN	MCF7 (Invasive ductal breast carcinoma),H1 (embryonic stem cells),HepG2 (hepatoblastoma),K562 (myelogenous leukemia),erythroid cells,foreskin keratinocyte	17.01433004829485	0.0	0.6	0.171
chr1	150410805	C	T	NR2F6_HUMAN,CREM_HUMAN,TBX3_HUMAN	HepG2 (hepatoblastoma)	1.5778820497205925	0.0	0.917	-0.562
chr1	225999428	C	T	GATA1_HUMAN,TAL1_HUMAN,CREB1_HUMAN,ATF3_HUMAN,IKZF2_HUMAN,FOXK2_HUMAN,ARNT_HUMAN,STAT1_HUMAN,CREM_HUMAN,BC11B_HUMAN,ZEB2_HUMAN,HDAC1_HUMAN	CD14+ monocytes,GM12878 (female B-cells),HepG2 (hepatoblastoma),K562 (myelogenous leukemia),thymus-derived CD34- cells	0.0	1.3344825660137765	0.618	0.845
chr10	6163912	A	G	GABPA_HUMAN,GABP1_HUMAN,STAT1_HUMAN,CREM_HUMAN	CD14+ monocytes,K562 (myelogenous leukemia)	1.5913690115042889	0.0	1.094	0.084
chr10	68900841	G	A	MAX_HUMAN,GABPA_HUMAN,EGR1_HUMAN,ATF1_HUMAN,MNT_HUMAN,ZNF24_HUMAN,NCOR1_HUMAN,MGAP_HUMAN,E2F1_HUMAN,EP400_HUMAN,SMCA4_HUMAN,LMBL2_HUMAN,GABP1_HUMAN,RING2_HUMAN,NRF1_HUMAN,CREM_HUMAN,PHF20_HUMAN,ARI1B_HUMAN,SPT5H_HUMAN	K562 (myelogenous leukemia)	1.3828277047923214	0.005862323812036067	1.022	-0.665
chr11	6481497	C	G	CREB1_HUMAN,FOXK2_HUMAN,NRF1_HUMAN,CREM_HUMAN,SNAI2_HUMAN	VCaP (prostate carcinoma),keratinocytes,HeLa S3 (cervical adenocarcinoma),K562 (myelogenous leukemia),periferal blood macrophages,upper lobe of left lung	0.0	1.8052406973098436	-0.259	1.06
chr11	9314546	C	T	ZBT7A_HUMAN,ZBT40_HUMAN,EGR1_HUMAN,MNT_HUMAN,NR2C1_HUMAN,THA_HUMAN,ATF3_HUMAN,E2F1_HUMAN,COT1_HUMAN,ATF4_HUMAN,STAT1_HUMAN,NRF1_HUMAN,CREM_HUMAN,BC11B_HUMAN,E4F1_HUMAN,HDAC1_HUMAN	CD14+ monocytes,GM12878 (female B-cells),K562 (myelogenous leukemia),thymus-derived CD34- cells,upper lobe of left lung	1.535243383659307	0.0	0.973	-0.575
chr11	63938804	G	A	ZBT7A_HUMAN,CREB1_HUMAN,RFX1_HUMAN,CREM_HUMAN,HDAC1_HUMAN	K562 (myelogenous leukemia)	0.01627281442186584	1.9287026986345708	-0.40299999999999997	1.103
chr11	64269216	C	G	RFOX2_HUMAN,ATF3_HUMAN,COT1_HUMAN,NRF1_HUMAN,CREM_HUMAN,ATF7_HUMAN	VCaP (prostate carcinoma),GM12878 (female B-cells),K562 (myelogenous leukemia)	0.0	1.5502721851280714	-1.43	1.587
chr11	113448185	T	C	ATF3_HUMAN,CREM_HUMAN,ARI1B_HUMAN	HEK293 (embryonic kidney),K562 (myelogenous leukemia)	0.0	2.646284166970609		1.5390000000000001
chr12	56645296	C	T	MNT_HUMAN,E2F1_HUMAN,RING2_HUMAN,NRF1_HUMAN,CREM_HUMAN	K562 (myelogenous leukemia)	2.385837258776412	0.0	1.265	-0.617
chr12	57936152	G	C	CEBPB_HUMAN,CREB1_HUMAN,HDAC2_HUMAN,KDM1A_HUMAN,E2F1_HUMAN,COT1_HUMAN,HLF_HUMAN,CEBPA_HUMAN,NRF1_HUMAN,CREM_HUMAN,SMAD5_HUMAN	H1 (embryonic stem cells),HepG2 (hepatoblastoma),K562 (myelogenous leukemia)	1.5496405738995453	0.0	1.354	-1.2990000000000002
chr12	69338325	T	C	FOXA2_HUMAN,NFIL3_HUMAN,CEBPA_HUMAN,FOXP1_HUMAN,CREM_HUMAN,TBX3_HUMAN,SPI1_HUMAN	HepG2 (hepatoblastoma),K562 (myelogenous leukemia),monocyte-derived dendritic cells,periferal blood macrophages	5.229744905986214	0.0	1.6769999999999998	-0.7809999999999999
chr12	132446231	A	C	TADBP_HUMAN,SP1_HUMAN,REST_HUMAN,ATF1_HUMAN,FOSL1_HUMAN,CREB1_HUMAN,KDM1A_HUMAN,MNT_HUMAN,NBN_HUMAN,NR2C1_HUMAN,GMEB1_HUMAN,E2F1_HUMAN,EMSY_HUMAN,EP400_HUMAN,CREB3_HUMAN,ATF4_HUMAN,GABP1_HUMAN,RING2_HUMAN,CREM_HUMAN,PHF20_HUMAN,ENL_HUMAN,HDAC1_HUMAN	H1 (embryonic stem cells),K562 (myelogenous leukemia)	1.3125919529667363	0.0	1.7209999999999999	
chr12	132446240	T	C	SP1_HUMAN,ATF1_HUMAN,FOSL1_HUMAN,CREB1_HUMAN,KDM1A_HUMAN,MNT_HUMAN,NBN_HUMAN,NR2C1_HUMAN,BRCA1_HUMAN,EMSY_HUMAN,EP400_HUMAN,SKIL_HUMAN,ATF4_HUMAN,GABP1_HUMAN,RING2_HUMAN,CREM_HUMAN,PHF20_HUMAN,ENL_HUMAN	H1 (embryonic stem cells),K562 (myelogenous leukemia)	2.2227464711281004	0.0	1.702	
chr13	27251238	C	T	ZBT40_HUMAN,CREB1_HUMAN,CREM_HUMAN	GM12878 (female B-cells)	4.041164500803695	0.0	1.5630000000000002	-1.7309999999999999
chr15	65304862	G	A	TAF7_HUMAN,TAL1_HUMAN,GCR_HUMAN,CREB1_HUMAN,SRF_HUMAN,CREM_HUMAN,HMBX1_HUMAN,ZMIZ1_HUMAN,SMAD5_HUMAN,STA5A_HUMAN,PO2F2_HUMAN,NFAC1_HUMAN,PML_HUMAN,TBP_HUMAN	HEK293T (embryonic kidney),MCF7 (Invasive ductal breast carcinoma),HepG2 (hepatoblastoma),K562 (myelogenous leukemia),liver	2.3481637803753284	0.22886054265441735	1.724	-0.012
chr16	4847471	A	G	EP400_HUMAN,CREM_HUMAN	K562 (myelogenous leukemia)	1.328463275895065	0.0	1.5530000000000002	
chr16	10648068	A	C	FOXA1_HUMAN,FOXA2_HUMAN,CREB1_HUMAN,MNT_HUMAN,ZNF24_HUMAN,SOX13_HUMAN,FOXK2_HUMAN,SOX5_HUMAN,NR2F6_HUMAN,MLX_HUMAN,FOXA3_HUMAN,SP5_HUMAN,NFIL3_HUMAN,ETV5_HUMAN,SP130_HUMAN,CREM_HUMAN,TBX3_HUMAN	HepG2 (hepatoblastoma)	0.0	4.195209410512023	-1.227	1.374
chr16	88651549	G	A	ZBT40_HUMAN,VEZF1_HUMAN,ATF1_HUMAN,MNT_HUMAN,NR2C1_HUMAN,NCOR1_HUMAN,E2F1_HUMAN,SMCA4_HUMAN,FOXK2_HUMAN,COT1_HUMAN,GABP1_HUMAN,NRF1_HUMAN,CREM_HUMAN	K562 (myelogenous leukemia)	4.947456879997278	0.0	2.437	
chr17	43361100	C	T	CTCF_HUMAN,JUN_HUMAN,BCL3_HUMAN,SRF_HUMAN,ZBED1_HUMAN,PEBB_HUMAN,CREM_HUMAN,SMAD5_HUMAN,TBX21_HUMAN,TEAD4_HUMAN	A549 (lung carcinoma),GM12878 (female B-cells),HeLa S3 (cervical adenocarcinoma),Th1-cells,pancreas,tibial nerve	0.0	17.060186951213012	0.17300000000000001	0.726
chr17	43361285	A	G	EP300_HUMAN,T2FA_HUMAN,ESR1_HUMAN,CTCF_HUMAN,SIN3A_HUMAN,KAISO_HUMAN,JUND_HUMAN,BCL3_HUMAN,CREB1_HUMAN,ELF1_HUMAN,MYB_HUMAN,TTP_HUMAN,CHD2_HUMAN,HTF4_HUMAN,BHE40_HUMAN,IKZF1_HUMAN,ARNT_HUMAN,PPARG_HUMAN,ETS1_HUMAN,CREM_HUMAN,TBX21_HUMAN,PO2F2_HUMAN,MAF_HUMAN,PML_HUMAN,TBP_HUMAN	A549 (lung carcinoma),GM12878 (female B-cells),HeLa S3 (cervical adenocarcinoma),Jurkat (T-cells),Th1-cells,Th2-cells,breast tumor tissue,transverse colon,uterus,coronary artery,upper lobe of left lung	2.246726068365103	0.0	0.889	-0.316
chr17	63843137	T	C	ZBT7A_HUMAN,JUN_HUMAN,GABPA_HUMAN,REST_HUMAN,CREB1_HUMAN,NCOR1_HUMAN,CHD2_HUMAN,NFYC_HUMAN,NR2C2_HUMAN,NRF1_HUMAN,CREM_HUMAN	A549 (lung carcinoma),HeLa S3 (cervical adenocarcinoma),HepG2 (hepatoblastoma),K562 (myelogenous leukemia)	1.6291059409894604	0.0	0.9440000000000001	-0.389
chr17	68457800	C	A	E2F1_HUMAN,NRF1_HUMAN,CREM_HUMAN,USF1_HUMAN	A549 (lung carcinoma),K562 (myelogenous leukemia),MDA-MB-453 (breast adenocarcinoma),SK-N-SH (neuroblastoma)	0.0	1.314161263788498		1.508
chr17	73288920	C	T	EP300_HUMAN,CREB1_HUMAN,HTF4_HUMAN,CREM_HUMAN,HIF1A_HUMAN	T47D (invasive ductal carcinoma),HepG2 (hepatoblastoma),K562 (myelogenous leukemia),sigmoid colon,tibial nerve	3.1369414730586085	0.0	0.929	-0.239
chr17	75571454	T	G	PKNX1_HUMAN,E2F1_HUMAN,GABP1_HUMAN,STAT1_HUMAN,CREM_HUMAN,TF65_HUMAN,HDAC1_HUMAN	CD14+ monocytes,H929 (plasma cell myeloma),K562 (myelogenous leukemia),periferal blood macrophages	1.60239835946113	0.0	1.483	-1.178
chr17	75667216	C	A	RFOX2_HUMAN,CREB1_HUMAN,NR2C1_HUMAN,EMSY_HUMAN,USF2_HUMAN,SRF_HUMAN,CREM_HUMAN,HIF1A_HUMAN	A549 (lung carcinoma),T47D (invasive ductal carcinoma),MCF7 (Invasive ductal breast carcinoma),H1 (embryonic stem cells),HepG2 (hepatoblastoma),K562 (myelogenous leukemia),SK-N-SH (neuroblastoma)	1.5984638110849898	0.0	1.4280000000000002	-1.209
chr17	75667217	T	G	RFOX2_HUMAN,CREB1_HUMAN,NR2C1_HUMAN,EMSY_HUMAN,SRF_HUMAN,CREM_HUMAN,HIF1A_HUMAN	A549 (lung carcinoma),T47D (invasive ductal carcinoma),MCF7 (Invasive ductal breast carcinoma),CD34+ hematopoietic stem cells-derived proerythroblasts,H1 (embryonic stem cells),HepG2 (hepatoblastoma),K562 (myelogenous leukemia),SK-N-SH (neuroblastoma),liver	1.5984638110849898	0.0	1.4280000000000002	-1.209
chr17	75667233	C	A	RFOX2_HUMAN,GATA1_HUMAN,GABPA_HUMAN,CREB1_HUMAN,NR2C1_HUMAN,ATF3_HUMAN,EMSY_HUMAN,USF2_HUMAN,SRF_HUMAN,CREM_HUMAN,NCOA1_HUMAN	A549 (lung carcinoma),VCaP (prostate carcinoma),MCF7 (Invasive ductal breast carcinoma),CD34+ hematopoietic stem cells-derived proerythroblasts,GM12878 (female B-cells),H1 (embryonic stem cells),K562 (myelogenous leukemia),SK-N-SH (neuroblastoma),liver	1.5346947499561057	0.038212518134379855	1.3419999999999999	-0.358
chr18	839509	C	T	RAD21_HUMAN,CTCF_HUMAN,AP2A_HUMAN,STAT1_HUMAN,CREM_HUMAN	CD14+ monocytes,cranial neural crest cells,GM12873 (female B-cells),GM12878 (female B-cells),hASC (preadipocytes),HUES64 (embryonic stem cells),Ishikawa (endometrial adenocarcinoma),Jurkat (T-cells),K562 (myelogenous leukemia),lymphoblastoid cells,liver,B-cells	4.803915867099786	0.0	1.195	0.562
chr18	25874009	A	G	ATF3_HUMAN,E2F1_HUMAN,ATF2_HUMAN,CREM_HUMAN,ATF7_HUMAN,ARI1B_HUMAN	K562 (myelogenous leukemia)	5.730413830788967	0.0	1.768	-1.629
chr18	36129799	G	C	ATF1_HUMAN,P66B_HUMAN,CLOCK_HUMAN,MEF2B_HUMAN,KLF11_HUMAN,CREM_HUMAN,KMT2A_HUMAN	HEK293T (embryonic kidney),MCF7 (Invasive ductal breast carcinoma),GM12878 (female B-cells),HEK293 (embryonic kidney),hMADS-3 (adipose-derived stem cells),K562 (myelogenous leukemia),fetal bone marrow-derived mononuclear cells	3.9188748105417552	0.0	1.724	
chr19	1021726	C	A	T2FA_HUMAN,NFIC_HUMAN,ZBT40_HUMAN,ZN148_HUMAN,MAX_HUMAN,GABPA_HUMAN,EGR1_HUMAN,ZEB1_HUMAN,REST_HUMAN,CREB1_HUMAN,PKNX1_HUMAN,ELF4_HUMAN,RFX1_HUMAN,ATF3_HUMAN,E2F1_HUMAN,BRCA1_HUMAN,SMCA4_HUMAN,ATF2_HUMAN,MTA2_HUMAN,ARNT_HUMAN,REQU_HUMAN,LEF1_HUMAN,ZN639_HUMAN,ZBT11_HUMAN,P66A_HUMAN,ZN580_HUMAN,ZN792_HUMAN,NRF1_HUMAN,CREM_HUMAN,SP3_HUMAN,INSM2_HUMAN,ZN629_HUMAN,ZN558_HUMAN,BC11B_HUMAN,KLF17_HUMAN,PRD10_HUMAN,ZN524_HUMAN,OVOL3_HUMAN,ZN837_HUMAN,ZSCA4_HUMAN,ZN169_HUMAN,Z518A_HUMAN,ZEB2_HUMAN,ZNF34_HUMAN,MTG16_HUMAN,DACH1_HUMAN,E4F1_HUMAN,HDAC1_HUMAN,ZN398_HUMAN,ZN394_HUMAN,ZN189_HUMAN	HCT-116 (colon carcinoma),HEK293 (embryonic kidney),HL-60 (acute myeloid leukemia),K562 (myelogenous leukemia),macrophages	0.0	1.3550842806078718		1.7469999999999999
chr19	1075721	C	G	CREB1_HUMAN,KDM1A_HUMAN,MNT_HUMAN,ATF3_HUMAN,E2F1_HUMAN,IKZF1_HUMAN,CREM_HUMAN,ZN316_HUMAN,HDAC1_HUMAN	K562 (myelogenous leukemia)	2.887336813234035	0.0	0.802	-0.14400000000000002
chr19	9621174	A	G	MNT_HUMAN,NRF1_HUMAN,CREM_HUMAN,ENL_HUMAN,HDAC1_HUMAN	K562 (myelogenous leukemia)	1.3338817549338868	0.0	1.0759999999999998	-0.619
chr19	9621289	G	A	TYY1_HUMAN,GABPA_HUMAN,EGR1_HUMAN,CREM_HUMAN	GM12892 (female B-cells),Ishikawa (endometrial adenocarcinoma),K562 (myelogenous leukemia),SK-N-SH (neuroblastoma)	4.720187676904858	0.0	0.98	-0.698
chr19	10252206	G	A	CHD2_HUMAN,CREM_HUMAN,EGR2_HUMAN	HEK293 (embryonic kidney),K562 (myelogenous leukemia)	1.9979896511256618	0.0	1.347	
chr19	13747784	C	T	EGR1_HUMAN,CREM_HUMAN	MCF7 (Invasive ductal breast carcinoma),cranial neural crest cells,K562 (myelogenous leukemia)	0.0	1.460901714292189	-0.503	1.1179999999999999
chr19	17351983	G	A	TADBP_HUMAN,ATF1_HUMAN,CREB1_HUMAN,HDAC2_HUMAN,ATF3_HUMAN,ATF2_HUMAN,CREM_HUMAN	HEK293 (embryonic kidney),K562 (myelogenous leukemia)	0.0	1.5444865212817807		1.686
chr19	40750614	T	G	CTCF_HUMAN,ZIC2_HUMAN,ZBT40_HUMAN,CREM_HUMAN,USF1_HUMAN	VCaP (prostate carcinoma),MCF7 (Invasive ductal breast carcinoma),GM12878 (female B-cells),HEK293 (embryonic kidney),HeLa S3 (cervical adenocarcinoma),K562 (myelogenous leukemia),foreskin keratinocyte	1.9850591545769078	0.23239960671121868	0.531	0.10300000000000001
chr19	41263199	A	C	EP300_HUMAN,GATA1_HUMAN,JUNB_HUMAN,HTF4_HUMAN,BHE40_HUMAN,IKZF1_HUMAN,MTA2_HUMAN,STAT1_HUMAN,CREM_HUMAN,TBX21_HUMAN,RUNX3_HUMAN	A549 (lung carcinoma),MCF7 (Invasive ductal breast carcinoma),CD14+ monocytes,CD34+ hematopoietic stem cells-derived proerythroblasts,GM12878 (female B-cells),upper lobe of left lung	0.0	2.3787924493880634	-0.06	0.988
chr19	53520824	C	T	KAISO_HUMAN,CREB1_HUMAN,E2F1_HUMAN,IKZF2_HUMAN,ZN687_HUMAN,FOXK2_HUMAN,CREM_HUMAN,ZN143_HUMAN,TF65_HUMAN,KMT2A_HUMAN	LNCaP (prostate carcinoma),CUTLL1 (T-cell lymphoblastic lymphoma 1),GM12878 (female B-cells),HepG2 (hepatoblastoma),K562 (myelogenous leukemia),fetal bone marrow-derived mononuclear cells	1.6542007947290405	0.0	1.078	0.026000000000000002
chr19	58401421	C	A	CREB1_HUMAN,THA11_HUMAN,GATD1_HUMAN,ZBT26_HUMAN,NRF1_HUMAN,CREM_HUMAN	GM12878 (female B-cells),H1 (embryonic stem cells),HEK293 (embryonic kidney),HepG2 (hepatoblastoma)	15.093481614957074	0.0	1.166	-0.6890000000000001
chr2	61888641	G	A	ESR1_HUMAN,AP2A_HUMAN,NONO_HUMAN,GABPA_HUMAN,EGR1_HUMAN,ELF1_HUMAN,GABP1_HUMAN,CREM_HUMAN	cranial neural crest cells,K562 (myelogenous leukemia),liver	1.6857978642846152	0.0	1.006	
chr2	100562879	A	G	EP300_HUMAN,GATA2_HUMAN,CTCF_HUMAN,GABPA_HUMAN,CREB1_HUMAN,NR2C1_HUMAN,E2F1_HUMAN,SP130_HUMAN,CREM_HUMAN,ZBT20_HUMAN,MTA1_HUMAN,ETV1_HUMAN,SPT5H_HUMAN,SPI1_HUMAN	HEK293T (embryonic kidney),786-O (renal carcinoma),endometrial stromal cells,HepG2 (hepatoblastoma),K562 (myelogenous leukemia),breast tumour metastasis,upper lobe of left lung,foreskin keratinocyte	0.1845772798275135	2.3436333324100174	0.09300000000000001	1.631
chr2	100562880	G	A	EP300_HUMAN,CTCF_HUMAN,GABPA_HUMAN,CREB1_HUMAN,NR2C1_HUMAN,FOXK2_HUMAN,SP130_HUMAN,CREM_HUMAN,ZBT20_HUMAN,MTA1_HUMAN,ETV1_HUMAN	HEK293T (embryonic kidney),786-O (renal carcinoma),GM12878 (female B-cells),HepG2 (hepatoblastoma),K562 (myelogenous leukemia),breast tumour metastasis,foreskin keratinocyte	0.15715347896875953	1.8984712668440653	0.024	1.584
chr2	111987478	G	A	EP300_HUMAN,SKI_HUMAN,BCL6_HUMAN,SOX13_HUMAN,TCF7_HUMAN,RXRB_HUMAN,SOX5_HUMAN,PPARG_HUMAN,TEAD1_HUMAN,NR2F6_HUMAN,FOXA3_HUMAN,SMAD4_HUMAN,TEAD3_HUMAN,NFIL3_HUMAN,CEBPA_HUMAN,CREM_HUMAN	HepG2 (hepatoblastoma)	0.0	1.4418374010766963	-1.158	1.405
chr2	111987537	T	A	SKI_HUMAN,TCF7_HUMAN,SOX5_HUMAN,RARA_HUMAN,TEAD1_HUMAN,NR2F6_HUMAN,NFIA_HUMAN,FOXA3_HUMAN,SMAD4_HUMAN,TEAD3_HUMAN,CEBPA_HUMAN,CREM_HUMAN	HepG2 (hepatoblastoma)	7.237001749172099	0.0	2.104	
chr2	113756721	C	T	ZFX_HUMAN,CREB1_HUMAN,MNT_HUMAN,ATF2_HUMAN,FOXK2_HUMAN,CREM_HUMAN,ARI1B_HUMAN	LNCaP C4-2B (prostate carcinoma),K562 (myelogenous leukemia),upper lobe of left lung	1.5763084030967587	0.0	0.763	0.042
chr2	126997023	A	C	SKI_HUMAN,FOXA1_HUMAN,FOXA2_HUMAN,CREB1_HUMAN,SOX13_HUMAN,FOXK2_HUMAN,RXRB_HUMAN,NR2F6_HUMAN,MLX_HUMAN,CEBPA_HUMAN,FOXP1_HUMAN,HNF1A_HUMAN,CREM_HUMAN	HepG2 (hepatoblastoma)	0.0	2.7403245468542923		1.7819999999999998
chr2	171687403	G	T	GATA1_HUMAN,ZFX_HUMAN,GABPA_HUMAN,CREB1_HUMAN,ZNF24_HUMAN,CREM_HUMAN,ZN143_HUMAN,ENL_HUMAN,SPI1_HUMAN	A549 (lung carcinoma),LNCaP C4-2B (prostate carcinoma),CD34+ hematopoietic stem cells-derived proerythroblasts,GM12878 (female B-cells),HepG2 (hepatoblastoma),periferal blood macrophages	0.0	2.1070066677922155	-0.07	0.9840000000000001
chr20	17863848	G	T	RAD21_HUMAN,RXRA_HUMAN,SKI_HUMAN,SUH_HUMAN,HNF4A_HUMAN,MAX_HUMAN,GABPA_HUMAN,SP1_HUMAN,FOXA2_HUMAN,CREB1_HUMAN,ZNF24_HUMAN,TFAP4_HUMAN,CEBPG_HUMAN,HLF_HUMAN,HM20A_HUMAN,HOMEZ_HUMAN,RXRB_HUMAN,RCOR2_HUMAN,SOX5_HUMAN,THA11_HUMAN,RARA_HUMAN,P66A_HUMAN,ZN580_HUMAN,GATD1_HUMAN,ZBT26_HUMAN,NR2F6_HUMAN,FOXA3_HUMAN,ZGPAT_HUMAN,ARI4B_HUMAN,ZNF48_HUMAN,SMAD4_HUMAN,KAT8_HUMAN,TFE3_HUMAN,TEAD3_HUMAN,SP5_HUMAN,KLF16_HUMAN,ELF3_HUMAN,DMAP1_HUMAN,NFIL3_HUMAN,CEBPA_HUMAN,IRF2_HUMAN,ETV5_HUMAN,FOXP1_HUMAN,ERF_HUMAN,CREM_HUMAN,TBX3_HUMAN	HepG2 (hepatoblastoma),liver	3.0244776118882526	0.0	1.1909999999999998	-1.012
chr20	49982483	T	C	CREM_HUMAN,SMAD5_HUMAN,PRD10_HUMAN,SPI1_HUMAN	HepG2 (hepatoblastoma),K562 (myelogenous leukemia),periferal blood macrophages	1.885591459138271	0.0	1.561	-1.349
chr20	50292743	C	T	ESR1_HUMAN,GCR_HUMAN,CREB1_HUMAN,ZN639_HUMAN,STAT1_HUMAN,CREM_HUMAN,NCOA1_HUMAN,ZN316_HUMAN	MCF7 (Invasive ductal breast carcinoma),CD14+ monocytes,K562 (myelogenous leukemia),breast tumor tissue	1.5956700628924785	0.0	1.244	-0.688
chr20	50292782	C	T	E2F1_HUMAN,ZN639_HUMAN,CREM_HUMAN,ZN316_HUMAN,HDAC1_HUMAN,TIF1A_HUMAN	K562 (myelogenous leukemia)	1.5821491846507976	0.10838183373087018	1.6340000000000001	-0.156
chr21	45287982	C	G	CREB1_HUMAN,STAT1_HUMAN,CREM_HUMAN	CD14+ monocytes,GM12878 (female B-cells),SUM159PT (pleiomorphic breast carcinoma),pancreas	0.0	1.4504870719657852	-0.6459999999999999	0.862
chr22	20117330	T	G	MAX_HUMAN,EGR1_HUMAN,CREB1_HUMAN,KDM1A_HUMAN,MNT_HUMAN,ZNF24_HUMAN,NR2C1_HUMAN,GMEB1_HUMAN,TAF9B_HUMAN,CEBPA_HUMAN,STAT1_HUMAN,CREM_HUMAN,E2F7_HUMAN,SPT5H_HUMAN,BCOR_HUMAN,TR150_HUMAN	CD14+ monocytes,K562 (myelogenous leukemia),SKH1 (chronic myelogenous leukemia, BCR-ABL1 positive)	2.2112213729744443	0.05548526421242798	0.925	0.054000000000000006
chr22	21713378	C	T	MNT_HUMAN,IKZF1_HUMAN,FOXK2_HUMAN,CREM_HUMAN,MEIS2_HUMAN,SOX6_HUMAN,HDAC1_HUMAN	K562 (myelogenous leukemia),upper lobe of left lung	1.9297796490603256	0.0	2.654	
chr22	21867813	A	T	CTCF_HUMAN,BHE40_HUMAN,FOXK2_HUMAN,NRF1_HUMAN,CREM_HUMAN,SOX6_HUMAN,HDAC1_HUMAN,TBP_HUMAN	HEK293 (embryonic kidney),K562 (myelogenous leukemia),MDA-MB-453 (breast adenocarcinoma),foreskin keratinocyte	3.6254624984739814	0.0	0.54	0.258
chr22	46762547	T	C	ANDR_HUMAN,CREB1_HUMAN,ZBT8A_HUMAN,FOXK2_HUMAN,ZBT26_HUMAN,STAT1_HUMAN,CREM_HUMAN,GLIS1_HUMAN	CD14+ monocytes,CD34+ hematopoietic stem cells-derived proerythroblasts,GM12878 (female B-cells),HCT-116 (colon carcinoma),HEK293 (embryonic kidney),MDA-MB-453 (breast adenocarcinoma)	0.0	1.5666420442323037	-1.903	1.5130000000000001
chr3	40453199	T	C	FOXA1_HUMAN,TYY1_HUMAN,GABPA_HUMAN,ATF1_HUMAN,CREB1_HUMAN,MEF2B_HUMAN,CREM_HUMAN	LNCaP (prostate carcinoma),GM12878 (female B-cells),HepG2 (hepatoblastoma),Jurkat (T-cells),lymphoblastoid cells,liver	2.9032974686908446	0.0	0.9670000000000001	-0.16
chr3	53892060	G	T	BHE40_HUMAN,STAT1_HUMAN,CREM_HUMAN,HIC1_HUMAN,COE1_HUMAN	HEK293T (embryonic kidney),CD14+ monocytes,HepG2 (hepatoblastoma),Jurkat (T-cells),foreskin keratinocyte	8.396641282706339	0.0	1.6580000000000001	
chr3	71982768	G	A	ANDR_HUMAN,JUNB_HUMAN,CREB1_HUMAN,CREM_HUMAN	HEK293T (embryonic kidney),MCF7 (Invasive ductal breast carcinoma),GM12878 (female B-cells),LHSAR (prostate epithelial cells)	1.5755390240575946	0.0	0.7709999999999999	-0.045
chr4	154456389	C	T	DDX20_HUMAN,GATA1_HUMAN,TAL1_HUMAN,REST_HUMAN,ATF1_HUMAN,HDAC2_HUMAN,KDM1A_HUMAN,SMCE1_HUMAN,MNT_HUMAN,ZNF24_HUMAN,NCOR1_HUMAN,ZN592_HUMAN,MYBB_HUMAN,RFX1_HUMAN,NCOA2_HUMAN,ATF3_HUMAN,ILF3_HUMAN,HDAC3_HUMAN,SMCA4_HUMAN,HTF4_HUMAN,IKZF1_HUMAN,FOXK2_HUMAN,MTA2_HUMAN,NFAC3_HUMAN,ARNT_HUMAN,SKIL_HUMAN,REQU_HUMAN,FOXM1_HUMAN,ZN639_HUMAN,P66A_HUMAN,GABP1_HUMAN,RING2_HUMAN,CREM_HUMAN,ZEB2_HUMAN,MTG16_HUMAN,ATF7_HUMAN,E2F8_HUMAN,E4F1_HUMAN,ENL_HUMAN,MTA1_HUMAN,MEIS2_HUMAN,NCOA1_HUMAN,SOX6_HUMAN,ZN316_HUMAN,ZBTB2_HUMAN,ZN184_HUMAN,PHB2_HUMAN,MCM7_HUMAN,C2D1A_HUMAN,HDAC1_HUMAN,TIF1A_HUMAN,AFF1_HUMAN,TEAD4_HUMAN	K562 (myelogenous leukemia)	0.0	2.341571331518466	-2.6860000000000004	1.733
chr5	207389	A	T	CREM_HUMAN	K562 (myelogenous leukemia)	1.3134585722026055	0.0	1.431	-1.139
chr5	81301544	T	C	GABPA_HUMAN,CREB1_HUMAN,CREM_HUMAN,ETV1_HUMAN,HDAC1_HUMAN	HEK293T (embryonic kidney),LNCaP (prostate carcinoma),T47D (invasive ductal carcinoma),GM12878 (female B-cells),HepG2 (hepatoblastoma),K562 (myelogenous leukemia)	2.2935152335344613	0.0	0.868	0.363
chr5	81301555	T	C	ESR1_HUMAN,CTCF_HUMAN,CREB1_HUMAN,STAT1_HUMAN,CREM_HUMAN,ETV1_HUMAN,HDAC1_HUMAN	T47D (invasive ductal carcinoma),CD14+ monocytes,GM12878 (female B-cells),K562 (myelogenous leukemia),breast tumor tissue	1.4246521647045156	0.0	1.237	
chr5	140711225	A	G	JUN_HUMAN,ZBT40_HUMAN,EGR1_HUMAN,CREB1_HUMAN,ATF3_HUMAN,PBX2_HUMAN,HTF4_HUMAN,FOXK2_HUMAN,COT1_HUMAN,NF2L2_HUMAN,STAT1_HUMAN,CREM_HUMAN,MAFK_HUMAN,ATF7_HUMAN,NCOA1_HUMAN,TBP_HUMAN	A549 (lung carcinoma),CD14+ monocytes,HUVEC (umbilical vein endothelial cells),IMR90 (lung fibroblasts),K562 (myelogenous leukemia),liver,HAEC (human aortic endothelial cells)	4.091549319378378	0.0	1.265	-0.239
chr6	28080846	T	C	GABPA_HUMAN,ATF1_HUMAN,CREB1_HUMAN,THA11_HUMAN,CREM_HUMAN,ZN143_HUMAN,ERG_HUMAN	LNCaP (prostate carcinoma),VCaP (prostate carcinoma),GM12878 (female B-cells),HepG2 (hepatoblastoma)	6.325970383917743	0.0	1.13	0.365
chr6	30781935	T	G	RXRA_HUMAN,SKI_HUMAN,CEBPB_HUMAN,JUN_HUMAN,MAX_HUMAN,JUND_HUMAN,CREB1_HUMAN,KDM1A_HUMAN,FOXK2_HUMAN,RARA_HUMAN,ZBT26_HUMAN,SMAD4_HUMAN,CEBPA_HUMAN,FOXP1_HUMAN,CREM_HUMAN	A549 (lung carcinoma),HepG2 (hepatoblastoma),HT29 (colon adenocarcinoma),K562 (myelogenous leukemia),liver,macrophages	0.0	1.804705875141881	-0.251	1.1440000000000001
chr6	31272160	C	T	ATF1_HUMAN,E2F1_HUMAN,NRF1_HUMAN,CREM_HUMAN	K562 (myelogenous leukemia)	3.4850527490921275	0.0	2.298	
chr6	32668413	G	A	PKNX1_HUMAN,CREM_HUMAN,RFX5_HUMAN	GM12878 (female B-cells)	1.8234480826312136	0.0	1.2670000000000001	
chr6	32668477	T	C	CREB1_HUMAN,ELF1_HUMAN,CREM_HUMAN	LNCaP (prostate carcinoma),GM12878 (female B-cells),H1 (embryonic stem cells)	8.117256446976883	0.0	1.294	-0.209
chr6	33289409	A	G	TYY1_HUMAN,GABPA_HUMAN,HLF_HUMAN,CREM_HUMAN	HepG2 (hepatoblastoma),lymphoblastoid cells	4.515067213424383	0.0	0.77	-0.07200000000000001
chr6	41921089	C	G	RAD21_HUMAN,CTCF_HUMAN,GABPA_HUMAN,SMCA4_HUMAN,FOXK2_HUMAN,CREM_HUMAN	HepG2 (hepatoblastoma),K562 (myelogenous leukemia),testis	0.001362395353280867	1.7769380249366278	0.099	0.899
chr6	44064594	C	A	ATF1_HUMAN,SMCA5_HUMAN,MNT_HUMAN,ELF1_HUMAN,ATF3_HUMAN,TAF9B_HUMAN,EMSY_HUMAN,HTF4_HUMAN,FOXK2_HUMAN,HDGF_HUMAN,STAT1_HUMAN,CREM_HUMAN,NCOA1_HUMAN,TIF1A_HUMAN,AFF1_HUMAN	CD14+ monocytes,GM12878 (female B-cells),HepG2 (hepatoblastoma),K562 (myelogenous leukemia)	1.3213958135201955	0.0	1.996	
chr6	125956734	G	T	CREB1_HUMAN,STAT1_HUMAN,CREM_HUMAN	CD14+ monocytes,epidermal keratinocytes,K562 (myelogenous leukemia)	0.0	2.896818953302999		1.814
chr6	167398505	G	T	FOXA1_HUMAN,FOXA2_HUMAN,CREB1_HUMAN,SOX13_HUMAN,TCF7_HUMAN,THB_HUMAN,HM20A_HUMAN,RARA_HUMAN,NR2F6_HUMAN,MLX_HUMAN,FOXA3_HUMAN,SMAD4_HUMAN,CEBPA_HUMAN,CREM_HUMAN	HepG2 (hepatoblastoma)	2.252376546060956	0.0	0.853	-0.22699999999999998
chr7	149209	C	T	TYY1_HUMAN,NRF1_HUMAN,CREM_HUMAN	K562 (myelogenous leukemia)	0.0	1.9740030470383807	-1.21	1.345
chr7	1160154	G	C	CREB1_HUMAN,MNT_HUMAN,NRF1_HUMAN,CREM_HUMAN,ATF7_HUMAN,RELB_HUMAN,HDAC1_HUMAN	GM12878 (female B-cells),H1 (embryonic stem cells),K562 (myelogenous leukemia)	6.3150369921819545	0.0	1.4	-0.51
chr7	7182563	C	T	EP300_HUMAN,CTCF_HUMAN,AP2A_HUMAN,JUN_HUMAN,CREB1_HUMAN,MNT_HUMAN,SMAD4_HUMAN,CREM_HUMAN,ERR1_HUMAN	A549 (lung carcinoma),CD14+ monocytes,cranial neural crest cells,GM12878 (female B-cells),HEK293 (embryonic kidney),HepG2 (hepatoblastoma),K562 (myelogenous leukemia),upper lobe of left lung	1.3282350794148798	0.01624664873601529	1.375	0.27899999999999997
chr7	27740072	G	C	ELF1_HUMAN,NFRKB_HUMAN,CREM_HUMAN,SMAD5_HUMAN,ERR1_HUMAN,HDAC1_HUMAN	K562 (myelogenous leukemia)	0.0	1.6726760264142193	-0.53	1.202
chr7	39733396	G	A	CREB1_HUMAN,ATF2_HUMAN,BMI1_HUMAN,CREM_HUMAN	A549 (lung carcinoma),MCF7 (Invasive ductal breast carcinoma),HepG2 (hepatoblastoma),K562 (myelogenous leukemia),breast tumor tissue	0.0	10.409439274756746	0.36700000000000005	0.877
chr7	44477611	G	A	CREM_HUMAN,ARI1B_HUMAN	K562 (myelogenous leukemia),fibroblast of dermis,B-cells	1.462105512820832	0.0	1.3159999999999998	
chr7	56105714	C	T	CREM_HUMAN	K562 (myelogenous leukemia)	2.127684449688261	0.0	1.561	-1.99
chr7	75734799	T	C	CREM_HUMAN,MITF_HUMAN,ETV1_HUMAN	HEK293 (embryonic kidney)	0.0	2.569695037538961	-2.015	1.6680000000000001
chr7	103344764	C	G	CREB1_HUMAN,E2F1_HUMAN,FOXK2_HUMAN,CREM_HUMAN	GM12878 (female B-cells),HepG2 (hepatoblastoma)	0.0	6.765727903557749	-0.433	1.3869999999999998
chr7	105522381	A	G	EGR1_HUMAN,FOXK2_HUMAN,NRF1_HUMAN,CREM_HUMAN	GM12878 (female B-cells),K562 (myelogenous leukemia)	1.6640404618611453	0.0	0.915	-1.181
chr7	113118639	A	G	EGR1_HUMAN,KLF1_HUMAN,KLF13_HUMAN,CREB1_HUMAN,E2F1_HUMAN,IKZF1_HUMAN,ATF4_HUMAN,CREM_HUMAN,MTA1_HUMAN,TBP_HUMAN	786-O (renal carcinoma),LNCaP (prostate carcinoma),CWR22 (prostate carcinoma),GM12878 (female B-cells),K562 (myelogenous leukemia),monocyte-derived dendritic cells	0.0	3.026401440117641	-0.611	0.782
chr7	127651950	C	T	RFOX2_HUMAN,PRDM1_HUMAN,GABPA_HUMAN,MAFG_HUMAN,ELF1_HUMAN,MYB_HUMAN,NR2C1_HUMAN,IKZF1_HUMAN,SRF_HUMAN,ZN622_HUMAN,LMBL2_HUMAN,ELK1_HUMAN,THA11_HUMAN,TFE3_HUMAN,GABP1_HUMAN,NR2C2_HUMAN,STAT1_HUMAN,CREM_HUMAN,ZN143_HUMAN,AFF1_HUMAN,ZN394_HUMAN	MCF7 (Invasive ductal breast carcinoma),CD14+ monocytes,GM12878 (female B-cells),HEK293 (embryonic kidney),HepG2 (hepatoblastoma),hMADS-3 (adipose-derived stem cells),Jurkat (T-cells),K562 (myelogenous leukemia)	2.286873941363031	0.0	1.389	-0.752
chr7	127651967	G	A	RFOX2_HUMAN,GABPA_HUMAN,MAFG_HUMAN,ELF1_HUMAN,HCFC1_HUMAN,NR2C1_HUMAN,IKZF1_HUMAN,FOXK2_HUMAN,SRF_HUMAN,ZN622_HUMAN,THA11_HUMAN,TFE3_HUMAN,GABP1_HUMAN,NR2C2_HUMAN,NRF1_HUMAN,CREM_HUMAN,ZN143_HUMAN,AFF1_HUMAN,ZN394_HUMAN	MCF7 (Invasive ductal breast carcinoma),GM12878 (female B-cells),HEK293 (embryonic kidney),HepG2 (hepatoblastoma),K562 (myelogenous leukemia),periferal blood macrophages,liver	3.224881653502456	0.0	1.6640000000000001	
chr7	135187023	C	T	JUNB_HUMAN,CREB1_HUMAN,BHE40_HUMAN,BACH1_HUMAN,ZN687_HUMAN,ARNT_HUMAN,SKIL_HUMAN,MEF2B_HUMAN,CREM_HUMAN,ATF7_HUMAN,TBX21_HUMAN,BATF_HUMAN,COE1_HUMAN,RUNX3_HUMAN	GM12878 (female B-cells)	0.0	5.0926158377210875	-1.992	1.81
chr7	139341719	G	T	EP300_HUMAN,RFOX2_HUMAN,CTCF_HUMAN,ZBT7A_HUMAN,EGR1_HUMAN,CREB1_HUMAN,ZNF24_HUMAN,NR2C1_HUMAN,NCOR1_HUMAN,NCOA2_HUMAN,ZSC29_HUMAN,GABP1_HUMAN,STAT1_HUMAN,NRF1_HUMAN,CREM_HUMAN,E2F8_HUMAN,ENL_HUMAN,ZN316_HUMAN	CD14+ monocytes,HepG2 (hepatoblastoma),K562 (myelogenous leukemia),tibial nerve	0.0	2.30613065372602	-0.203	0.475
chr7	149624643	G	A	CTCF_HUMAN,JUN_HUMAN,KDM1A_HUMAN,ATF3_HUMAN,LMBL2_HUMAN,RING2_HUMAN,CREM_HUMAN,SP2_HUMAN,ZNF76_HUMAN	22RV1 (prostate carcinoma),HEK293T (embryonic kidney),A549 (lung carcinoma),GM12878 (female B-cells),HEK293 (embryonic kidney),K562 (myelogenous leukemia)	0.0	3.873072091082392	0.49700000000000005	0.7809999999999999
chr8	631089	C	T	NFE2_HUMAN,MNT_HUMAN,ZNF24_HUMAN,MGAP_HUMAN,ATF3_HUMAN,FOXK2_HUMAN,CREM_HUMAN,ZBTB2_HUMAN,HDAC1_HUMAN	K562 (myelogenous leukemia)	2.177401201598832	0.2503500214132547	1.4580000000000002	-0.067
chr8	3183717	T	C	NFIC_HUMAN,REST_HUMAN,PKNX1_HUMAN,COT1_HUMAN,CREM_HUMAN,ENL_HUMAN,MEIS2_HUMAN,HDAC1_HUMAN	K562 (myelogenous leukemia)	7.820438665539574	0.0	2.322	
chr8	30083009	T	C	RFOX2_HUMAN,GATA1_HUMAN,TYY1_HUMAN,EGR1_HUMAN,NCOR1_HUMAN,TAF9B_HUMAN,CREM_HUMAN,CTCFL_HUMAN	CD34+ hematopoietic stem cells-derived proerythroblasts,K562 (myelogenous leukemia)	3.224881653502456	0.0	1.8969999999999998	
chr8	33513239	G	A	CTCF_HUMAN,ATF1_HUMAN,CREB1_HUMAN,CREM_HUMAN	H1 (embryonic stem cells),HepG2 (hepatoblastoma),gastroesophageal sphincter	0.0	2.5560709845098413	0.21100000000000002	0.6559999999999999
chr8	97775766	A	G	ZFX_HUMAN,ATF3_HUMAN,LMBL2_HUMAN,NRF1_HUMAN,CREM_HUMAN,USF1_HUMAN	HEK293T (embryonic kidney),HCT-116 (colon carcinoma),HEK293 (embryonic kidney),K562 (myelogenous leukemia)	3.538305633350194	0.0	1.305	-0.26899999999999996
chr9	62802625	T	A	CTCF_HUMAN,SP1_HUMAN,ZBED1_HUMAN,GABP1_HUMAN,STAT1_HUMAN,CREM_HUMAN,KMT2A_HUMAN,STAT3_HUMAN,SOX4_HUMAN,PO2F2_HUMAN,JARD2_HUMAN,PML_HUMAN	MCF7 (Invasive ductal breast carcinoma),CD14+ monocytes,GM12878 (female B-cells),HCT-116 (colon carcinoma),HepG2 (hepatoblastoma),MM1.S (plasma cell myeloma),MRC-iPS-25 (induced pluripotent stem cells),MV4-11 (childhood acute monocytic leukemia),acute leukemia,MRC-5 (fetal lung fibroblasts)	5.515614882953889	0.0	1.2409999999999999	-0.691
