Chromosome	Position	Ref	Alt	ASB in transcription factors	ASB in cell types	DACH1_HUMAN_FDR_Ref	DACH1_HUMAN_FDR_Alt	DACH1_HUMAN_Effect_Size_Ref	DACH1_HUMAN_Effect_Size_Alt
chr1	9275686	C	T	NFIC_HUMAN,EGR1_HUMAN,HDAC2_HUMAN,KDM1A_HUMAN,CTBP1_HUMAN,NCOR1_HUMAN,SMCA4_HUMAN,HTF4_HUMAN,BHE40_HUMAN,IKZF1_HUMAN,IKZF2_HUMAN,COT1_HUMAN,SRF_HUMAN,RAD51_HUMAN,REQU_HUMAN,MEF2B_HUMAN,RING2_HUMAN,MTG16_HUMAN,DACH1_HUMAN,MTG8R_HUMAN,ATF7_HUMAN,FOS_HUMAN,ARI1B_HUMAN,HDAC1_HUMAN	MCF7 (Invasive ductal breast carcinoma),GM12878 (female B-cells),HCT-116 (colon carcinoma),K562 (myelogenous leukemia)	3.0996285383291218	0.0	1.444	-1.617
chr1	16621240	G	A	T2FA_HUMAN,TAF7_HUMAN,TADBP_HUMAN,CAVN1_HUMAN,DIDO1_HUMAN,HDAC8_HUMAN,RAD21_HUMAN,NFIC_HUMAN,TAL1_HUMAN,CEBPB_HUMAN,CTCF_HUMAN,GATA3_HUMAN,AP2C_HUMAN,GCR_HUMAN,SIN3A_HUMAN,ZFX_HUMAN,JUN_HUMAN,ZBT40_HUMAN,ID3_HUMAN,MAX_HUMAN,COT2_HUMAN,JUND_HUMAN,EGR1_HUMAN,SP1_HUMAN,NR4A1_HUMAN,REST_HUMAN,NFE2_HUMAN,KLF13_HUMAN,ATF1_HUMAN,MAFG_HUMAN,CREB1_HUMAN,HDAC2_HUMAN,KDM1A_HUMAN,SMCA5_HUMAN,ZN579_HUMAN,P66B_HUMAN,SMCE1_HUMAN,MNT_HUMAN,ZNF24_HUMAN,ZN574_HUMAN,NBN_HUMAN,TRI22_HUMAN,IRF1_HUMAN,PKNX1_HUMAN,CTBP1_HUMAN,HSF1_HUMAN,HCFC1_HUMAN,NR2C1_HUMAN,NCOR1_HUMAN,ZN592_HUMAN,MYBB_HUMAN,RFX1_HUMAN,MGAP_HUMAN,NCOA2_HUMAN,GMEB1_HUMAN,ATF3_HUMAN,ILF3_HUMAN,TAF9B_HUMAN,HDAC3_HUMAN,CHAP1_HUMAN,EMSY_HUMAN,EP400_HUMAN,ZN318_HUMAN,XRCC3_HUMAN,SMCA4_HUMAN,MEF2D_HUMAN,NF2L1_HUMAN,PBX2_HUMAN,HTF4_HUMAN,IKZF1_HUMAN,FOXK2_HUMAN,COT1_HUMAN,NFAC3_HUMAN,ARNT_HUMAN,SKIL_HUMAN,REQU_HUMAN,BCLF1_HUMAN,LEF1_HUMAN,LMBL2_HUMAN,HDGF_HUMAN,TEAD2_HUMAN,GABP1_HUMAN,ZN766_HUMAN,EHMT2_HUMAN,RING2_HUMAN,HINFP_HUMAN,NRF1_HUMAN,MAFK_HUMAN,MITF_HUMAN,PRD10_HUMAN,ZEB2_HUMAN,ZFP91_HUMAN,MTG16_HUMAN,DACH1_HUMAN,ATF7_HUMAN,ENL_HUMAN,NCOA3_HUMAN,NFIB_HUMAN,ZN444_HUMAN,TF65_HUMAN,T22D4_HUMAN,IRF9_HUMAN,MTA1_HUMAN,ZBT7B_HUMAN,MTA3_HUMAN,FOS_HUMAN,ETS2_HUMAN,MEIS2_HUMAN,NCOA1_HUMAN,SOX6_HUMAN,ARI1B_HUMAN,ZN316_HUMAN,ARID2_HUMAN,MCM2_HUMAN,SPT5H_HUMAN,PHB2_HUMAN,C2D1A_HUMAN,HDAC1_HUMAN,TIF1A_HUMAN,AFF1_HUMAN,TR150_HUMAN,TEAD4_HUMAN,KDM5B_HUMAN,FOSB_HUMAN	AG04449 (fibroblasts),AG04450 (fibroblasts),AG09319 (fibroblasts),VCaP (prostate carcinoma),MCF7 (Invasive ductal breast carcinoma),COLO-829 (melanoma),Delta47 (plasma cell myeloma),DND41 (acute lymphoblastic leukemia),DOHH2 (diffuse large B-cell lymphoma),FB0167P (progeria fibroblasts),GM10248 (male B-cells),GM10266 (male B-cells),GM12864 (male B-cells),GM12866 (male B-cells),GM12868 (female B-cells),GM12871 (male B-cells),GM12873 (female B-cells),GM12874 (male B-cells),GM12875 (female B-cells),H1 (embryonic stem cells),H1-derived trophectodermal cells,H929 (plasma cell myeloma),HCT-116 (colon carcinoma),HeLa Kyoto (cervical adenocarcinoma),HeLa S3 (cervical adenocarcinoma),skeletal muscles and myoblasts,epidermal keratinocytes,Jurkat (T-cells),spleen,normal lung fibroblasts,OCI-LY1 (diffuse large B-cell lymphoma),breast epithelial cells,SK-BR-3 (breast adenocarcinoma),SU-DHL-6 (diffuse large B-cell lymphoma),neural progenitors,hepatocytes,kidney,myotube,suprapubic skin,heart left ventricle,gastrocnemius medialis,Peyer's patch,bipolar neuron,ovary,stomach,uterus,esophagus muscularis mucosa,thyroid gland,ascending aorta,tibial nerve,neural cell,upper lobe of left lung,RWPE2,smooth muscle cell,SK-N-AS (neuroblastoma),HCT-116-RAD21-mAC	1.5346222221893742	0.0	1.859	-2.14
chr1	42949675	G	T	AP2A_HUMAN,HDAC2_HUMAN,KDM1A_HUMAN,MNT_HUMAN,ZNF24_HUMAN,NR2C1_HUMAN,NCOR1_HUMAN,ZN592_HUMAN,NCOA2_HUMAN,SMCA4_HUMAN,HTF4_HUMAN,IKZF1_HUMAN,MTA2_HUMAN,ARNT_HUMAN,REQU_HUMAN,FOXM1_HUMAN,GABP1_HUMAN,RING2_HUMAN,DACH1_HUMAN,MEIS2_HUMAN,NCOA1_HUMAN,ARI1B_HUMAN,ZN316_HUMAN,ZBTB2_HUMAN,HDAC1_HUMAN,BCOR_HUMAN,TIF1A_HUMAN	cranial neural crest cells,K562 (myelogenous leukemia)	2.081815853624726	0.0	1.35	
chr1	60637709	T	C	FOXA1_HUMAN,DACH1_HUMAN	VCaP (prostate carcinoma),K562 (myelogenous leukemia)	0.0	1.5259784618600132	-0.259	1.008
chr1	67686680	G	A	CEBPB_HUMAN,MNT_HUMAN,ATF3_HUMAN,DACH1_HUMAN,ZN184_HUMAN,P73_HUMAN	MCF7 (Invasive ductal breast carcinoma),K562 (myelogenous leukemia)	0.21614479166038444	1.993482330127337	0.122	1.6569999999999998
chr1	83919164	C	T	DACH1_HUMAN,ETV1_HUMAN	K562 (myelogenous leukemia)	1.6416682344705822	0.0	0.983	-1.175
chr1	86742117	G	T	DACH1_HUMAN	K562 (myelogenous leukemia)	2.270874897387866	0.0	1.104	-1.296
chr1	86742189	G	T	DACH1_HUMAN	K562 (myelogenous leukemia),OCI-LY7 (diffuse large B-cell lymphoma)	1.3829227018082677	0.0	1.195	-1.368
chr1	89483654	T	C	DACH1_HUMAN	K562 (myelogenous leukemia)	0.0	1.7241510017478556	-1.294	1.169
chr1	91556492	A	G	REQU_HUMAN,DACH1_HUMAN	K562 (myelogenous leukemia)	1.9139017833014642	0.0	1.4040000000000001	-0.966
chr1	116846301	G	A	NFIC_HUMAN,TAL1_HUMAN,KDM1A_HUMAN,MNT_HUMAN,HTF4_HUMAN,IKZF1_HUMAN,ARNT_HUMAN,MTG16_HUMAN,DACH1_HUMAN,MTG8R_HUMAN,NCOA1_HUMAN,ZN316_HUMAN,HDAC1_HUMAN,AFF1_HUMAN	K562 (myelogenous leukemia)	2.198626176043818	0.0	0.932	-1.127
chr1	160046674	C	A	TADBP_HUMAN,NFIC_HUMAN,GATA2_HUMAN,GATA1_HUMAN,TAL1_HUMAN,CEBPB_HUMAN,CTCF_HUMAN,VEZF1_HUMAN,ID3_HUMAN,REST_HUMAN,HDAC2_HUMAN,KDM1A_HUMAN,P66B_HUMAN,MNT_HUMAN,ZNF24_HUMAN,PKNX1_HUMAN,CTBP1_HUMAN,NCOR1_HUMAN,MYBB_HUMAN,MGAP_HUMAN,ATF3_HUMAN,HDAC3_HUMAN,CHAP1_HUMAN,EP400_HUMAN,SMCA4_HUMAN,IKZF1_HUMAN,FOXK2_HUMAN,COT1_HUMAN,REQU_HUMAN,RING2_HUMAN,NRF1_HUMAN,RLF_HUMAN,MTG16_HUMAN,DACH1_HUMAN,MTG8R_HUMAN,E4F1_HUMAN,ENL_HUMAN,HES1_HUMAN,SMRC2_HUMAN,MTA1_HUMAN,MTA3_HUMAN,ETV1_HUMAN,NCOA1_HUMAN,ZN316_HUMAN,C2D1A_HUMAN,HDAC1_HUMAN,BCOR_HUMAN,TIF1A_HUMAN,AFF1_HUMAN	GM12878 (female B-cells),HEK293 (embryonic kidney),K562 (myelogenous leukemia),foreskin keratinocyte	0.0730847062553987	2.078254274596721	-0.11900000000000001	1.7990000000000002
chr10	4866656	T	G	NFIC_HUMAN,TAL1_HUMAN,HDAC2_HUMAN,KDM1A_HUMAN,NBN_HUMAN,NCOR1_HUMAN,TAF9B_HUMAN,CHAP1_HUMAN,EP400_HUMAN,SMCA4_HUMAN,IKZF1_HUMAN,MTA2_HUMAN,ARNT_HUMAN,REQU_HUMAN,PRD10_HUMAN,MTG16_HUMAN,DACH1_HUMAN,ENL_HUMAN,ARI1B_HUMAN,TIF1A_HUMAN	K562 (myelogenous leukemia)	0.0	2.8147218737687565		1.7380000000000002
chr10	4866882	A	T	DACH1_HUMAN,ZN316_HUMAN,HDAC1_HUMAN	K562 (myelogenous leukemia)	0.0	2.5463920194704825		1.7819999999999998
chr10	4866900	G	A	HMBX1_HUMAN,DACH1_HUMAN,ZN316_HUMAN,HDAC1_HUMAN	K562 (myelogenous leukemia)	1.4595209560503304	0.0	1.3840000000000001	
chr10	4866921	A	G	DACH1_HUMAN,ZN316_HUMAN	K562 (myelogenous leukemia)	0.0	4.59969705487448		2.026
chr10	4866963	T	C	DACH1_HUMAN,ZN316_HUMAN	K562 (myelogenous leukemia)	0.0	1.3835895881991296	-1.3980000000000001	1.445
chr10	38528688	G	C	EP300_HUMAN,T2FA_HUMAN,EZH2_HUMAN,TADBP_HUMAN,ESR1_HUMAN,NFIC_HUMAN,CTCF_HUMAN,GATA3_HUMAN,ANDR_HUMAN,GCR_HUMAN,ZBT40_HUMAN,SP1_HUMAN,CUX1_HUMAN,REST_HUMAN,FOXA2_HUMAN,CREB1_HUMAN,HDAC2_HUMAN,KDM1A_HUMAN,PAX8_HUMAN,ZN217_HUMAN,SMCA5_HUMAN,P66B_HUMAN,SMCE1_HUMAN,MNT_HUMAN,ZNF24_HUMAN,YBOX1_HUMAN,NFXL1_HUMAN,ELF1_HUMAN,ZN507_HUMAN,NBN_HUMAN,NFRKB_HUMAN,TRI22_HUMAN,PKNX1_HUMAN,CTBP1_HUMAN,CEBPG_HUMAN,HSF1_HUMAN,NR2C1_HUMAN,MYBB_HUMAN,RFX1_HUMAN,RCOR1_HUMAN,ATF2_HUMAN,IKZF1_HUMAN,IKZF2_HUMAN,FOXK2_HUMAN,MTA2_HUMAN,ARNT_HUMAN,RAD51_HUMAN,BCLF1_HUMAN,BMI1_HUMAN,MEF2B_HUMAN,LMBL2_HUMAN,HDGF_HUMAN,STAT1_HUMAN,RING2_HUMAN,ZN512_HUMAN,SRBP1_HUMAN,MAFK_HUMAN,ZC11A_HUMAN,ZKSC1_HUMAN,PRDM4_HUMAN,MAZ_HUMAN,ZN426_HUMAN,ERR1_HUMAN,DACH1_HUMAN,ATF7_HUMAN,IRF5_HUMAN,E4F1_HUMAN,ZN207_HUMAN,ENL_HUMAN,NCOA3_HUMAN,NFIB_HUMAN,ZBT7B_HUMAN,CHD1_HUMAN,SOX6_HUMAN,ARI1B_HUMAN,ZBTB5_HUMAN,ZN282_HUMAN,MCM2_HUMAN,HDAC1_HUMAN,MCM5_HUMAN,TR150_HUMAN,PLRG1_HUMAN,KDM5C_HUMAN	22RV1 (prostate carcinoma),HEK293T (embryonic kidney),A549 (lung carcinoma),LNCaP (prostate carcinoma),T47D (invasive ductal carcinoma),MCF7 (Invasive ductal breast carcinoma),Caki-1 (renal carcinoma),CD14+ monocytes,GM12878 (female B-cells),HEK293 (embryonic kidney),HeLa S3 (cervical adenocarcinoma),HepG2 (hepatoblastoma),K562 (myelogenous leukemia),MDA-MB-231 (breast adenocarcinoma),spleen,RWPE1 (prostate epithelial cells),pancreas,suprapubic skin,subcutaneous adipose tissue,testis,omental fat pad,gastroesophageal sphincter,epithelial cell of prostate,esophagus muscularis mucosa,sigmoid colon,upper lobe of left lung,bone marrow-derived nuclear cells (adult)	0.0	14.859096729675624	-0.18600000000000003	1.3130000000000002
chr10	84327644	C	T	DACH1_HUMAN	K562 (myelogenous leukemia)	0.0	1.6338407797201406	-1.324	1.3659999999999999
chr11	44531357	C	T	NFIC_HUMAN,TAL1_HUMAN,ZBT7A_HUMAN,VEZF1_HUMAN,KDM1A_HUMAN,SMCE1_HUMAN,MNT_HUMAN,CTBP1_HUMAN,NCOR1_HUMAN,GMEB1_HUMAN,HDAC3_HUMAN,EP400_HUMAN,SMCA4_HUMAN,HTF4_HUMAN,IKZF1_HUMAN,REQU_HUMAN,LMBL2_HUMAN,RING2_HUMAN,DACH1_HUMAN,ENL_HUMAN,ARI1B_HUMAN,ZN316_HUMAN,HDAC1_HUMAN	K562 (myelogenous leukemia),226LDM (normal breast luminal cells)	9.191293982011617	0.0	1.0490000000000002	
chr11	56048769	G	A	DACH1_HUMAN	K562 (myelogenous leukemia)	0.0	2.480521578353862	-1.656	1.71
chr11	57901469	C	G	NFIC_HUMAN,GATA1_HUMAN,TAL1_HUMAN,HDAC2_HUMAN,KDM1A_HUMAN,P66B_HUMAN,PKNX1_HUMAN,CTBP1_HUMAN,NCOR1_HUMAN,CHAP1_HUMAN,SMCA4_HUMAN,HTF4_HUMAN,IKZF1_HUMAN,COT1_HUMAN,MTA2_HUMAN,REQU_HUMAN,P66A_HUMAN,EHMT2_HUMAN,RING2_HUMAN,ERR1_HUMAN,DACH1_HUMAN,MTG8R_HUMAN,MEIS2_HUMAN,ARI1B_HUMAN,HDAC1_HUMAN,TIF1A_HUMAN	CD34+ hematopoietic stem cells-derived proerythroblasts,K562 (myelogenous leukemia)	0.0	11.66624726485226		2.415
chr11	65169339	C	T	T2FA_HUMAN,NFIC_HUMAN,TAL1_HUMAN,KDM1A_HUMAN,MNT_HUMAN,NCOR1_HUMAN,ZN592_HUMAN,ATF3_HUMAN,TAF9B_HUMAN,HDAC3_HUMAN,SMCA4_HUMAN,HTF4_HUMAN,MTA2_HUMAN,REQU_HUMAN,MTG16_HUMAN,DACH1_HUMAN,MTG8R_HUMAN,MEIS2_HUMAN,NCOA1_HUMAN,ARI1B_HUMAN,HDAC1_HUMAN,TIF1A_HUMAN	K562 (myelogenous leukemia)	0.0	1.9231921305664461	-1.656	1.71
chr11	95153642	T	C	GATA1_HUMAN,NFXL1_HUMAN,DACH1_HUMAN	CD34+ hematopoietic stem cells-derived proerythroblasts,GM12878 (female B-cells),K562 (myelogenous leukemia)	0.0	7.392232070929298	-0.005	1.6580000000000001
chr12	112909910	T	A	DACH1_HUMAN	K562 (myelogenous leukemia)	1.9927180985808568	0.0	1.7530000000000001	
chr15	62060644	C	T	CTCF_HUMAN,MNT_HUMAN,IKZF1_HUMAN,FOXK2_HUMAN,TF7L2_HUMAN,DACH1_HUMAN,HDAC1_HUMAN	A549 (lung carcinoma),LNCaP (prostate carcinoma),MCF7 (Invasive ductal breast carcinoma),LNCaP C4-2B (prostate carcinoma),GM12878 (female B-cells),K562 (myelogenous leukemia),MDA-MB-453 (breast adenocarcinoma),periferal blood macrophages	0.0	1.7763963943912175	0.35700000000000004	0.5770000000000001
chr15	62060759	G	C	DACH1_HUMAN,SOX6_HUMAN	K562 (myelogenous leukemia)	0.0	2.962158919954257		1.784
chr15	101451568	T	C	CEBPB_HUMAN,EGR1_HUMAN,ATF3_HUMAN,SMCA4_HUMAN,ATF4_HUMAN,NRF1_HUMAN,MTG16_HUMAN,DACH1_HUMAN,NCOA1_HUMAN,ZN184_HUMAN,PHB2_HUMAN,HDAC1_HUMAN	K562 (myelogenous leukemia)	0.0	1.3253790041489353	-0.777	0.927
chr16	85302044	C	A	CTBP1_HUMAN,DACH1_HUMAN	K562 (myelogenous leukemia)	0.0	2.033121306312091		1.7519999999999998
chr17	39980780	A	G	TAL1_HUMAN,FOXA1_HUMAN,JUN_HUMAN,NFE2_HUMAN,HDAC2_HUMAN,KDM1A_HUMAN,MNT_HUMAN,ZNF24_HUMAN,SMCA4_HUMAN,NRF1_HUMAN,DACH1_HUMAN,ZN316_HUMAN	A549 (lung carcinoma),T47D (invasive ductal carcinoma),K562 (myelogenous leukemia),thymus-derived CD34- cells,upper lobe of left lung	1.3022164427725216	0.0	1.185	-1.084
chr17	63985232	G	A	GATA3_HUMAN,ZFX_HUMAN,KAISO_HUMAN,FOXA2_HUMAN,CREB1_HUMAN,KDM1A_HUMAN,ZN579_HUMAN,MNT_HUMAN,CLOCK_HUMAN,NBN_HUMAN,ATF3_HUMAN,ZKSC1_HUMAN,MTG16_HUMAN,DACH1_HUMAN,HES1_HUMAN,Z512B_HUMAN,ZN444_HUMAN,FOS_HUMAN	MCF7 (Invasive ductal breast carcinoma),HepG2 (hepatoblastoma),K562 (myelogenous leukemia)	0.0	3.1438116538503347		1.828
chr18	618124	T	C	DDX20_HUMAN,ZBT40_HUMAN,NONO_HUMAN,KAISO_HUMAN,NR4A1_HUMAN,P66B_HUMAN,MNT_HUMAN,ZN592_HUMAN,MYBB_HUMAN,RFX1_HUMAN,MGAP_HUMAN,NCOA2_HUMAN,ATF3_HUMAN,ILF3_HUMAN,TAF9B_HUMAN,CHAP1_HUMAN,EP400_HUMAN,ZN318_HUMAN,SMCA4_HUMAN,ZSC29_HUMAN,FOXK2_HUMAN,MTA2_HUMAN,NFAC3_HUMAN,RAD51_HUMAN,LMBL2_HUMAN,ZN639_HUMAN,EHMT2_HUMAN,RING2_HUMAN,ZEB2_HUMAN,ERR1_HUMAN,ZFP91_HUMAN,DACH1_HUMAN,PF21A_HUMAN,ATF7_HUMAN,MTA1_HUMAN,MTA3_HUMAN,NCOA1_HUMAN,CR3L1_HUMAN,ZBTB2_HUMAN,ZN184_HUMAN,BRD9_HUMAN,HDAC1_HUMAN,ASH1L_HUMAN,TR150_HUMAN	K562 (myelogenous leukemia)	4.035174698155797	0.0	1.639	
chr18	1921793	T	A	DACH1_HUMAN	K562 (myelogenous leukemia)	1.801384636906668	0.0	1.385	
chr18	35377319	C	T	VEZF1_HUMAN,NR2C1_HUMAN,RFX1_HUMAN,ZBT11_HUMAN,NR2C2_HUMAN,DACH1_HUMAN	HEK293T (embryonic kidney),GM12878 (female B-cells),HEK293 (embryonic kidney),K562 (myelogenous leukemia)	0.0	1.9216872236900462	-1.922	1.575
chr19	1021726	C	A	T2FA_HUMAN,NFIC_HUMAN,ZBT40_HUMAN,ZN148_HUMAN,MAX_HUMAN,GABPA_HUMAN,EGR1_HUMAN,ZEB1_HUMAN,REST_HUMAN,CREB1_HUMAN,PKNX1_HUMAN,ELF4_HUMAN,RFX1_HUMAN,ATF3_HUMAN,E2F1_HUMAN,BRCA1_HUMAN,SMCA4_HUMAN,ATF2_HUMAN,MTA2_HUMAN,ARNT_HUMAN,REQU_HUMAN,LEF1_HUMAN,ZN639_HUMAN,ZBT11_HUMAN,P66A_HUMAN,ZN580_HUMAN,ZN792_HUMAN,NRF1_HUMAN,CREM_HUMAN,SP3_HUMAN,INSM2_HUMAN,ZN629_HUMAN,ZN558_HUMAN,BC11B_HUMAN,KLF17_HUMAN,PRD10_HUMAN,ZN524_HUMAN,OVOL3_HUMAN,ZN837_HUMAN,ZSCA4_HUMAN,ZN169_HUMAN,Z518A_HUMAN,ZEB2_HUMAN,ZNF34_HUMAN,MTG16_HUMAN,DACH1_HUMAN,E4F1_HUMAN,HDAC1_HUMAN,ZN398_HUMAN,ZN394_HUMAN,ZN189_HUMAN	HCT-116 (colon carcinoma),HEK293 (embryonic kidney),HL-60 (acute myeloid leukemia),K562 (myelogenous leukemia),macrophages	0.0	1.3550842806078718		1.7469999999999999
chr19	7294391	C	T	ESR1_HUMAN,AP2A_HUMAN,STAT1_HUMAN,DACH1_HUMAN	CD14+ monocytes,cranial neural crest cells,K562 (myelogenous leukemia),breast tumor tissue	2.3626800520838263	0.0	1.219	
chr19	17197483	C	A	DACH1_HUMAN	K562 (myelogenous leukemia)	0.0	1.7451838428087065		1.702
chr19	45195982	C	T	FOXA1_HUMAN,FOXA2_HUMAN,MAFG_HUMAN,ATF3_HUMAN,TAF9B_HUMAN,EMSY_HUMAN,FOXK2_HUMAN,RING2_HUMAN,DACH1_HUMAN	HepG2 (hepatoblastoma),K562 (myelogenous leukemia)	0.0	1.8351637435845087	-1.2690000000000001	1.3159999999999998
chr19	45196031	C	G	MAFG_HUMAN,ATF3_HUMAN,EMSY_HUMAN,FOXK2_HUMAN,REQU_HUMAN,RING2_HUMAN,DACH1_HUMAN	K562 (myelogenous leukemia)	0.0	5.202497224705337		2.072
chr19	56187625	G	A	DACH1_HUMAN	K562 (myelogenous leukemia)	0.0	1.4657080959446798	-1.442	1.475
chr2	7937975	A	G	DACH1_HUMAN	K562 (myelogenous leukemia)	2.0531961548774427	0.0	1.665	-1.5430000000000001
chr2	42196175	C	T	DACH1_HUMAN	K562 (myelogenous leukemia)	1.3662223328014378	0.0	1.629	
chr2	42196209	T	G	DACH1_HUMAN,ARI1B_HUMAN	K562 (myelogenous leukemia)	2.0531961548774427	0.0	1.7630000000000001	
chr2	42196505	A	G	EP300_HUMAN,GATA2_HUMAN,NCOR1_HUMAN,MTA2_HUMAN,GATA4_HUMAN,DACH1_HUMAN,MTA1_HUMAN,COE3_HUMAN	HUES64 (embryonic stem cells),K562 (myelogenous leukemia),SH-SY5Y (neuroblastoma),SK-N-SH (neuroblastoma)	1.3298290291963426	0.0	1.294	-1.178
chr2	159286164	T	C	MNT_HUMAN,FOXK2_HUMAN,DACH1_HUMAN	HEK293T (embryonic kidney),GM12878 (female B-cells),HepG2 (hepatoblastoma),K562 (myelogenous leukemia)	0.0	1.3251071595475348	0.213	0.695
chr2	170816965	G	A	EZH2_HUMAN,GATA1_HUMAN,VEZF1_HUMAN,HDAC2_HUMAN,MNT_HUMAN,TAF9B_HUMAN,ARNT_HUMAN,NRF1_HUMAN,DACH1_HUMAN	HEK293T (embryonic kidney),CD34+ hematopoietic stem cells-derived proerythroblasts,HEK293 (embryonic kidney),K562 (myelogenous leukemia),neural progenitors	0.0	2.495575421210475	-0.532	0.922
chr2	187547517	T	A	TAF9B_HUMAN,ZN318_HUMAN,HTF4_HUMAN,DACH1_HUMAN,HDAC1_HUMAN	HEK293 (embryonic kidney),K562 (myelogenous leukemia),HAEC (human aortic endothelial cells)	10.931083884842987	0.0	2.029	
chr20	35145275	T	C	CTCF_HUMAN,REST_HUMAN,SRF_HUMAN,DACH1_HUMAN,PRDM9_HUMAN	HEK293T (embryonic kidney),MCF7 (Invasive ductal breast carcinoma),A673 (Ewing sarcoma),GM12878 (female B-cells),H929 (plasma cell myeloma),HUES64 (embryonic stem cells),K562 (myelogenous leukemia),RWPE1 (prostate epithelial cells),CD4+ T-cells,neural progenitors,hepatocytes,RH4 (alveolar rhabdomyosarcoma),epithelial cell of prostate,smooth muscle cell	0.0	16.67737897251791	0.503	1.0759999999999998
chr21	8995328	G	A	MAFK_HUMAN,DACH1_HUMAN	A549 (lung carcinoma),HepG2 (hepatoblastoma),K562 (myelogenous leukemia)	2.9297003662397914	0.0	2.2030000000000003	
chr22	16534904	T	A	CEBPB_HUMAN,EGR1_HUMAN,ZNF24_HUMAN,CEBPG_HUMAN,NCOR1_HUMAN,RFX1_HUMAN,ATF4_HUMAN,DACH1_HUMAN,NUFP1_HUMAN,NCOA1_HUMAN	K562 (myelogenous leukemia)	1.8634331573463139	0.0	1.577	0.46299999999999997
chr22	20920050	G	A	NCOA2_HUMAN,DACH1_HUMAN,HDAC1_HUMAN	K562 (myelogenous leukemia)	0.0	1.4545042398085668		1.3119999999999998
chr22	20920765	T	C	NCOR1_HUMAN,ZSC29_HUMAN,DACH1_HUMAN,HDAC1_HUMAN	K562 (myelogenous leukemia)	1.6697444123153464	0.0	1.776	
chr4	2402254	G	A	EGR1_HUMAN,MNT_HUMAN,MGAP_HUMAN,LMBL2_HUMAN,NRF1_HUMAN,DACH1_HUMAN,HDAC1_HUMAN	K562 (myelogenous leukemia)	4.957881370954288	0.0	1.6030000000000002	-0.93
chr4	2402314	C	T	EGR1_HUMAN,KDM1A_HUMAN,TAF9B_HUMAN,NRF1_HUMAN,DACH1_HUMAN,ARI1B_HUMAN,HDAC1_HUMAN	K562 (myelogenous leukemia)	4.624316329576821	0.0	1.54	-0.847
chr4	4136851	A	G	DACH1_HUMAN	K562 (myelogenous leukemia)	3.056592923906621	0.0	1.903	
chr4	8942357	G	A	DACH1_HUMAN	K562 (myelogenous leukemia)	1.7842185125964516	0.0	1.7209999999999999	
chr4	71858001	C	T	PYGO2_HUMAN,DDX20_HUMAN,NFIC_HUMAN,GATA1_HUMAN,TAL1_HUMAN,GATA3_HUMAN,ZN148_HUMAN,EGR1_HUMAN,NFE2_HUMAN,HDAC2_HUMAN,KDM1A_HUMAN,SMCE1_HUMAN,MNT_HUMAN,ZNF24_HUMAN,NR2C1_HUMAN,NCOR1_HUMAN,NCOA2_HUMAN,HDAC3_HUMAN,CHAP1_HUMAN,SMCA4_HUMAN,HTF4_HUMAN,IKZF1_HUMAN,MTA2_HUMAN,NFAC3_HUMAN,ARNT_HUMAN,SKIL_HUMAN,REQU_HUMAN,LEF1_HUMAN,TEAD2_HUMAN,RING2_HUMAN,MITF_HUMAN,PRD10_HUMAN,ZFP91_HUMAN,MTG16_HUMAN,DACH1_HUMAN,ENL_HUMAN,MTA1_HUMAN,NCOA1_HUMAN,SOX6_HUMAN,ZN316_HUMAN,HDAC1_HUMAN,TIF1A_HUMAN,AFF1_HUMAN	H9 (embryonic stem cells),K562 (myelogenous leukemia)	0.0	1.365488125888085	-1.91	1.5019999999999998
chr4	169660075	G	A	FOXK2_HUMAN,PRD10_HUMAN,DACH1_HUMAN	GM12878 (female B-cells),K562 (myelogenous leukemia)	2.075491502259131	0.09366376482724847	1.085	-0.183
chr5	27222523	C	T	DACH1_HUMAN	K562 (myelogenous leukemia)	0.0	1.6065678825783125		1.466
chr5	119049996	T	C	MAFG_HUMAN,KDM1A_HUMAN,DACH1_HUMAN,ZN316_HUMAN	K562 (myelogenous leukemia)	0.0	1.8399323001809642	-2.197	1.666
chr6	19804666	A	G	MNT_HUMAN,SMAD4_HUMAN,DACH1_HUMAN,HDAC1_HUMAN	HepG2 (hepatoblastoma),K562 (myelogenous leukemia)	0.0	2.8497882079792425	-0.41700000000000004	1.136
chr6	31796165	G	C	ID3_HUMAN,EGR1_HUMAN,ATF1_HUMAN,MNT_HUMAN,ZNF24_HUMAN,CTBP1_HUMAN,NR2C1_HUMAN,NCOR1_HUMAN,TAF9B_HUMAN,SMCA4_HUMAN,PBX2_HUMAN,ZSC29_HUMAN,REQU_HUMAN,ZN639_HUMAN,NR2C2_HUMAN,HINFP_HUMAN,ERR1_HUMAN,DACH1_HUMAN,MEIS2_HUMAN,ZN316_HUMAN,HDAC1_HUMAN,TIF1A_HUMAN	MCF7 (Invasive ductal breast carcinoma),K562 (myelogenous leukemia)	0.0	1.5615246460583427		1.715
chr6	41896005	T	G	HDAC2_HUMAN,MNT_HUMAN,NR2C1_HUMAN,ATF3_HUMAN,TAF9B_HUMAN,USF2_HUMAN,RAD51_HUMAN,ATF4_HUMAN,DACH1_HUMAN,ATF7_HUMAN,ETV1_HUMAN,HDAC1_HUMAN,USF1_HUMAN	A549 (lung carcinoma),GM12878 (female B-cells),HepG2 (hepatoblastoma),K562 (myelogenous leukemia)	0.41645931714704854	1.486793802930274	0.024	1.484
chr6	49667286	A	G	TAL1_HUMAN,HDAC2_HUMAN,ATF3_HUMAN,SMCA4_HUMAN,ATF2_HUMAN,ATF4_HUMAN,ZEB2_HUMAN,DACH1_HUMAN,ATF7_HUMAN,MEIS2_HUMAN,HDAC1_HUMAN,TIF1A_HUMAN	K562 (myelogenous leukemia)	0.0	3.041572430803747		1.745
chr6	149129147	G	A	DACH1_HUMAN	K562 (myelogenous leukemia)	6.384359789698426	0.0	2.021	-2.265
chr7	1855100	C	A	HDAC2_HUMAN,DACH1_HUMAN,HDAC1_HUMAN	K562 (myelogenous leukemia)	2.00213554596242	0.0	1.4809999999999999	-0.45899999999999996
chr7	5457834	C	T	EGR1_HUMAN,DACH1_HUMAN,MEIS2_HUMAN,ZN316_HUMAN	K562 (myelogenous leukemia)	0.0	1.4361501319060634	-0.494	1.288
chr7	65436358	A	G	DACH1_HUMAN	K562 (myelogenous leukemia)	7.07949068065589	0.0	2.16	
chr7	65436361	C	T	DACH1_HUMAN	K562 (myelogenous leukemia)	7.07949068065589	0.0	2.15	
chr7	65436368	A	G	DACH1_HUMAN	K562 (myelogenous leukemia)	5.859838972035294	0.0	2.0069999999999997	
chr7	103254327	C	T	GATA1_HUMAN,TAL1_HUMAN,HDAC2_HUMAN,NCOR1_HUMAN,ZN592_HUMAN,MGAP_HUMAN,GMEB1_HUMAN,ATF3_HUMAN,CHAP1_HUMAN,SMCA4_HUMAN,HTF4_HUMAN,COT1_HUMAN,MTA2_HUMAN,ARNT_HUMAN,RAD51_HUMAN,REQU_HUMAN,FOXM1_HUMAN,RING2_HUMAN,ZEB2_HUMAN,DACH1_HUMAN,E4F1_HUMAN,MEIS2_HUMAN,NCOA1_HUMAN,SOX6_HUMAN,ARI1B_HUMAN,HDAC1_HUMAN,BCOR_HUMAN	CD34+ bone marrow cell-derived erythroid progenitors,K562 (myelogenous leukemia)	2.2246777734912695	0.0	0.991	-0.9159999999999999
chr7	127820540	G	A	HDAC2_HUMAN,KDM1A_HUMAN,PKNX1_HUMAN,IKZF1_HUMAN,PRD10_HUMAN,MTG16_HUMAN,DACH1_HUMAN,HDAC1_HUMAN	K562 (myelogenous leukemia)	0.0	1.835818138864999	-0.669	1.245
chr7	132595046	T	C	DACH1_HUMAN	K562 (myelogenous leukemia)	0.0	2.331032363977136	-1.584	1.4380000000000002
chr7	151027324	A	C	T2FA_HUMAN,TAL1_HUMAN,EGR1_HUMAN,REST_HUMAN,HDAC2_HUMAN,KDM1A_HUMAN,MNT_HUMAN,ZNF24_HUMAN,NFRKB_HUMAN,ZN740_HUMAN,PKNX1_HUMAN,NR2C1_HUMAN,NCOR1_HUMAN,ZN592_HUMAN,RFX1_HUMAN,MGAP_HUMAN,NCOA2_HUMAN,GMEB1_HUMAN,ATF3_HUMAN,HDAC3_HUMAN,EP400_HUMAN,SMCA4_HUMAN,IKZF1_HUMAN,FOXK2_HUMAN,MTA2_HUMAN,NFAC3_HUMAN,ARNT_HUMAN,REQU_HUMAN,LEF1_HUMAN,LMBL2_HUMAN,HDGF_HUMAN,P66A_HUMAN,GABP1_HUMAN,NRF1_HUMAN,ERR1_HUMAN,DACH1_HUMAN,ATF7_HUMAN,E4F1_HUMAN,ENL_HUMAN,HES1_HUMAN,TF65_HUMAN,MTA3_HUMAN,MEIS2_HUMAN,NCOA1_HUMAN,ARI1B_HUMAN,ZN316_HUMAN,ZBTB2_HUMAN,ZN184_HUMAN,BRD9_HUMAN,HDAC1_HUMAN,AFF1_HUMAN	K562 (myelogenous leukemia)	1.5346222221893742	0.0	1.59	-1.879
chr7	155166872	G	A	ZFX_HUMAN,FOSL2_HUMAN,FOSL1_HUMAN,MNT_HUMAN,TAF9B_HUMAN,ZN318_HUMAN,BHE40_HUMAN,FOXK2_HUMAN,LMBL2_HUMAN,RING2_HUMAN,MTG16_HUMAN,DACH1_HUMAN,MTG8R_HUMAN,ARI1B_HUMAN,ZN184_HUMAN	MCF7 (Invasive ductal breast carcinoma),LNCaP C4-2B (prostate carcinoma),HCT-116 (colon carcinoma),K562 (myelogenous leukemia),SK-N-SH (neuroblastoma)	0.0	7.7817026390261725	0.365	1.3630000000000002
chr7	155295269	G	C	DACH1_HUMAN	K562 (myelogenous leukemia)	0.0	1.514995338889964	-1.925	1.4380000000000002
chr7	155295364	T	A	MTA2_HUMAN,DACH1_HUMAN	K562 (myelogenous leukemia)	0.0	1.5749928612264963	-1.311	1.406
chr7	155295611	G	A	DACH1_HUMAN	K562 (myelogenous leukemia)	0.0	2.672681908492116	-1.939	1.681
chr8	86161436	C	A	DACH1_HUMAN	K562 (myelogenous leukemia)	1.3280484501370486	0.0	1.574	-2.241
chr8	123922318	T	C	NFIC_HUMAN,GATA1_HUMAN,TAL1_HUMAN,CEBPB_HUMAN,VEZF1_HUMAN,ID3_HUMAN,KAISO_HUMAN,GABPA_HUMAN,EGR1_HUMAN,NFE2_HUMAN,ATF1_HUMAN,FOSL1_HUMAN,MAFG_HUMAN,HDAC2_HUMAN,KDM1A_HUMAN,SMCE1_HUMAN,MNT_HUMAN,ZNF24_HUMAN,CLOCK_HUMAN,PKNX1_HUMAN,ELF4_HUMAN,CEBPG_HUMAN,NR2C1_HUMAN,NCOR1_HUMAN,ZN592_HUMAN,GMEB1_HUMAN,ATF3_HUMAN,TAF9B_HUMAN,HDAC3_HUMAN,EMSY_HUMAN,EP400_HUMAN,ZN318_HUMAN,SMCA4_HUMAN,PBX2_HUMAN,HTF4_HUMAN,BHE40_HUMAN,IKZF1_HUMAN,FOXK2_HUMAN,MTA2_HUMAN,NFAC3_HUMAN,ARNT_HUMAN,REQU_HUMAN,LEF1_HUMAN,FOXM1_HUMAN,LMBL2_HUMAN,ATF4_HUMAN,KLF16_HUMAN,RING2_HUMAN,MITF_HUMAN,MYNN_HUMAN,DACH1_HUMAN,ATF7_HUMAN,E4F1_HUMAN,ENL_HUMAN,MTA3_HUMAN,ETV1_HUMAN,MEIS2_HUMAN,NCOA1_HUMAN,SOX6_HUMAN,ARI1B_HUMAN,ZN316_HUMAN,C2D1A_HUMAN,HDAC1_HUMAN,BCOR_HUMAN,TIF1A_HUMAN,AFF1_HUMAN,SNAI2_HUMAN,TEAD4_HUMAN,NR1H3_HUMAN	A549 (lung carcinoma),MCF7 (Invasive ductal breast carcinoma),CD34+ hematopoietic stem cells-derived proerythroblasts,keratinocytes,HT29 (colon adenocarcinoma),pancreas	11.92616340004395	0.0	0.718	
chr8	143293997	T	C	NFIC_HUMAN,GATA1_HUMAN,TAL1_HUMAN,HDAC2_HUMAN,KDM1A_HUMAN,ZNF24_HUMAN,NFXL1_HUMAN,PKNX1_HUMAN,NCOR1_HUMAN,TAF9B_HUMAN,HTF4_HUMAN,MTA2_HUMAN,DACH1_HUMAN,MTG8R_HUMAN,ENL_HUMAN,ARI1B_HUMAN,ZN184_HUMAN,HDAC1_HUMAN,TIF1A_HUMAN	CD34+ hematopoietic stem cells-derived proerythroblasts,CD34+ bone marrow cell-derived erythroid progenitors,K562 (myelogenous leukemia)	4.5129961744892135	0.0	0.645	
