Chromosome	Position	Ref	Alt	ASB in transcription factors	ASB in cell types	EP400_HUMAN_FDR_Ref	EP400_HUMAN_FDR_Alt	EP400_HUMAN_Effect_Size_Ref	EP400_HUMAN_Effect_Size_Alt
chr1	1586626	C	T	EP400_HUMAN	K562 (myelogenous leukemia)	0.0	1.3070060601738527	-1.365	1.3119999999999998
chr1	5893727	G	A	CTCF_HUMAN,KDM1A_HUMAN,EP400_HUMAN,IKZF1_HUMAN	K562 (myelogenous leukemia)	1.7932928424163754	0.0	0.43799999999999994	0.11199999999999999
chr1	6007580	C	G	EGR1_HUMAN,NFE2_HUMAN,ATF1_HUMAN,MAFG_HUMAN,KDM1A_HUMAN,MNT_HUMAN,CTBP1_HUMAN,NR2C1_HUMAN,ATF3_HUMAN,EMSY_HUMAN,EP400_HUMAN,SMCA4_HUMAN,IKZF1_HUMAN,SKIL_HUMAN,REQU_HUMAN,RING2_HUMAN,NRF1_HUMAN,ZEB2_HUMAN,ATF7_HUMAN,E4F1_HUMAN,MEIS2_HUMAN,SOX6_HUMAN,ARI1B_HUMAN,ZN316_HUMAN,SPT5H_HUMAN,HDAC1_HUMAN,TIF1A_HUMAN	K562 (myelogenous leukemia)	2.289338765889453	0.0	0.722	0.17
chr1	11740966	T	C	SKI_HUMAN,ZBT40_HUMAN,NCOR1_HUMAN,EP400_HUMAN,IKZF1_HUMAN,REQU_HUMAN,ERR1_HUMAN,ENL_HUMAN,ETV1_HUMAN	HL-60 (acute myeloid leukemia),K562 (myelogenous leukemia)	0.0	3.028245632756916	-1.143	1.494
chr1	16621240	G	A	T2FA_HUMAN,TAF7_HUMAN,TADBP_HUMAN,CAVN1_HUMAN,DIDO1_HUMAN,HDAC8_HUMAN,RAD21_HUMAN,NFIC_HUMAN,TAL1_HUMAN,CEBPB_HUMAN,CTCF_HUMAN,GATA3_HUMAN,AP2C_HUMAN,GCR_HUMAN,SIN3A_HUMAN,ZFX_HUMAN,JUN_HUMAN,ZBT40_HUMAN,ID3_HUMAN,MAX_HUMAN,COT2_HUMAN,JUND_HUMAN,EGR1_HUMAN,SP1_HUMAN,NR4A1_HUMAN,REST_HUMAN,NFE2_HUMAN,KLF13_HUMAN,ATF1_HUMAN,MAFG_HUMAN,CREB1_HUMAN,HDAC2_HUMAN,KDM1A_HUMAN,SMCA5_HUMAN,ZN579_HUMAN,P66B_HUMAN,SMCE1_HUMAN,MNT_HUMAN,ZNF24_HUMAN,ZN574_HUMAN,NBN_HUMAN,TRI22_HUMAN,IRF1_HUMAN,PKNX1_HUMAN,CTBP1_HUMAN,HSF1_HUMAN,HCFC1_HUMAN,NR2C1_HUMAN,NCOR1_HUMAN,ZN592_HUMAN,MYBB_HUMAN,RFX1_HUMAN,MGAP_HUMAN,NCOA2_HUMAN,GMEB1_HUMAN,ATF3_HUMAN,ILF3_HUMAN,TAF9B_HUMAN,HDAC3_HUMAN,CHAP1_HUMAN,EMSY_HUMAN,EP400_HUMAN,ZN318_HUMAN,XRCC3_HUMAN,SMCA4_HUMAN,MEF2D_HUMAN,NF2L1_HUMAN,PBX2_HUMAN,HTF4_HUMAN,IKZF1_HUMAN,FOXK2_HUMAN,COT1_HUMAN,NFAC3_HUMAN,ARNT_HUMAN,SKIL_HUMAN,REQU_HUMAN,BCLF1_HUMAN,LEF1_HUMAN,LMBL2_HUMAN,HDGF_HUMAN,TEAD2_HUMAN,GABP1_HUMAN,ZN766_HUMAN,EHMT2_HUMAN,RING2_HUMAN,HINFP_HUMAN,NRF1_HUMAN,MAFK_HUMAN,MITF_HUMAN,PRD10_HUMAN,ZEB2_HUMAN,ZFP91_HUMAN,MTG16_HUMAN,DACH1_HUMAN,ATF7_HUMAN,ENL_HUMAN,NCOA3_HUMAN,NFIB_HUMAN,ZN444_HUMAN,TF65_HUMAN,T22D4_HUMAN,IRF9_HUMAN,MTA1_HUMAN,ZBT7B_HUMAN,MTA3_HUMAN,FOS_HUMAN,ETS2_HUMAN,MEIS2_HUMAN,NCOA1_HUMAN,SOX6_HUMAN,ARI1B_HUMAN,ZN316_HUMAN,ARID2_HUMAN,MCM2_HUMAN,SPT5H_HUMAN,PHB2_HUMAN,C2D1A_HUMAN,HDAC1_HUMAN,TIF1A_HUMAN,AFF1_HUMAN,TR150_HUMAN,TEAD4_HUMAN,KDM5B_HUMAN,FOSB_HUMAN	AG04449 (fibroblasts),AG04450 (fibroblasts),AG09319 (fibroblasts),VCaP (prostate carcinoma),MCF7 (Invasive ductal breast carcinoma),COLO-829 (melanoma),Delta47 (plasma cell myeloma),DND41 (acute lymphoblastic leukemia),DOHH2 (diffuse large B-cell lymphoma),FB0167P (progeria fibroblasts),GM10248 (male B-cells),GM10266 (male B-cells),GM12864 (male B-cells),GM12866 (male B-cells),GM12868 (female B-cells),GM12871 (male B-cells),GM12873 (female B-cells),GM12874 (male B-cells),GM12875 (female B-cells),H1 (embryonic stem cells),H1-derived trophectodermal cells,H929 (plasma cell myeloma),HCT-116 (colon carcinoma),HeLa Kyoto (cervical adenocarcinoma),HeLa S3 (cervical adenocarcinoma),skeletal muscles and myoblasts,epidermal keratinocytes,Jurkat (T-cells),spleen,normal lung fibroblasts,OCI-LY1 (diffuse large B-cell lymphoma),breast epithelial cells,SK-BR-3 (breast adenocarcinoma),SU-DHL-6 (diffuse large B-cell lymphoma),neural progenitors,hepatocytes,kidney,myotube,suprapubic skin,heart left ventricle,gastrocnemius medialis,Peyer's patch,bipolar neuron,ovary,stomach,uterus,esophagus muscularis mucosa,thyroid gland,ascending aorta,tibial nerve,neural cell,upper lobe of left lung,RWPE2,smooth muscle cell,SK-N-AS (neuroblastoma),HCT-116-RAD21-mAC	1.5346222221893742	0.0	1.859	-2.14
chr1	16645298	G	C	CAVN1_HUMAN,T2AG_HUMAN,NFIC_HUMAN,TAL1_HUMAN,SKI_HUMAN,CEBPB_HUMAN,ZFX_HUMAN,NR4A1_HUMAN,MAFG_HUMAN,MNT_HUMAN,ZNF24_HUMAN,PKNX1_HUMAN,NR2C1_HUMAN,NCOR1_HUMAN,ILF3_HUMAN,EP400_HUMAN,SMCA4_HUMAN,FOXK2_HUMAN,REQU_HUMAN,MEF2B_HUMAN,HDGF_HUMAN,RING2_HUMAN,MITF_HUMAN,PRD10_HUMAN,ERR1_HUMAN,MTG16_HUMAN,TF65_HUMAN,ARI1B_HUMAN	GM12878 (female B-cells),HEK293 (embryonic kidney),HepG2 (hepatoblastoma),K562 (myelogenous leukemia)	1.5278492107422035	0.0	1.385	
chr1	16905260	C	T	T2FA_HUMAN,T2AG_HUMAN,CEBPB_HUMAN,ID3_HUMAN,FOXA2_HUMAN,ATF1_HUMAN,MNT_HUMAN,NBN_HUMAN,ELF4_HUMAN,TAF9B_HUMAN,EP400_HUMAN,LMBL2_HUMAN,GABP1_HUMAN,MTG16_HUMAN,ATF7_HUMAN,CDC5L_HUMAN,ZN184_HUMAN,AFF1_HUMAN	MCF7 (Invasive ductal breast carcinoma),HepG2 (hepatoblastoma),K562 (myelogenous leukemia)	3.4751405145189227	0.0	1.354	
chr1	18909023	T	C	NFIC_HUMAN,TAL1_HUMAN,HDAC2_HUMAN,KDM1A_HUMAN,MNT_HUMAN,NCOR1_HUMAN,EP400_HUMAN,SMCA4_HUMAN,HTF4_HUMAN,ZSC29_HUMAN,MTA2_HUMAN,REQU_HUMAN,HMBX1_HUMAN,ARI1B_HUMAN,HDAC1_HUMAN	K562 (myelogenous leukemia)	1.8668279396795484	0.0	0.968	-1.158
chr1	21608174	G	A	PKNX1_HUMAN,E2F1_HUMAN,EP400_HUMAN,SMCA4_HUMAN	GM12878 (female B-cells),HEK293 (embryonic kidney),K562 (myelogenous leukemia)	6.343911413076607	0.0	0.816	-0.105
chr1	22019154	C	T	JUN_HUMAN,ZBT40_HUMAN,GABPA_HUMAN,MNT_HUMAN,ELF1_HUMAN,ZN592_HUMAN,NCOA2_HUMAN,TAF9B_HUMAN,EP400_HUMAN,FOXK2_HUMAN,NFAC3_HUMAN,LEF1_HUMAN,GABP1_HUMAN,EHMT2_HUMAN,MITF_HUMAN,PHF20_HUMAN,E4F1_HUMAN,ETV1_HUMAN,MEIS2_HUMAN,SPT5H_HUMAN	GM12878 (female B-cells),Jurkat (T-cells),K562 (myelogenous leukemia),PC3 (prostate carcinoma),CD34+ hematopoietic stem progenitor cells,HAEC (human aortic endothelial cells)	1.732827114867618	0.14929276204319397	1.393	0.08900000000000001
chr1	22025454	G	T	T2FA_HUMAN,NFIC_HUMAN,VEZF1_HUMAN,SP1_HUMAN,ATF1_HUMAN,HDAC2_HUMAN,P66B_HUMAN,MNT_HUMAN,ELF1_HUMAN,SNIP1_HUMAN,ELF4_HUMAN,CTBP1_HUMAN,NCOR1_HUMAN,RFX1_HUMAN,ATF3_HUMAN,E2F1_HUMAN,TAF9B_HUMAN,EMSY_HUMAN,EP400_HUMAN,REQU_HUMAN,LMBL2_HUMAN,GABP1_HUMAN,NRF1_HUMAN,ATF7_HUMAN,E4F1_HUMAN,SOX6_HUMAN,ARI1B_HUMAN,SPT5H_HUMAN,HDAC1_HUMAN	K562 (myelogenous leukemia)	1.5346222221893742	0.0	1.456	
chr1	22025458	A	G	T2FA_HUMAN,NFIC_HUMAN,CTCF_HUMAN,SP1_HUMAN,HDAC2_HUMAN,P66B_HUMAN,MNT_HUMAN,ELF1_HUMAN,NFRKB_HUMAN,CTBP1_HUMAN,RFX1_HUMAN,ATF3_HUMAN,E2F1_HUMAN,TAF9B_HUMAN,HDAC3_HUMAN,EMSY_HUMAN,EP400_HUMAN,NRF1_HUMAN,ERR1_HUMAN,ATF7_HUMAN,E2F8_HUMAN,E4F1_HUMAN,SOX6_HUMAN,ARI1B_HUMAN,SPT5H_HUMAN,HDAC1_HUMAN	K562 (myelogenous leukemia)	1.3426519179865315	0.0	1.413	-1.35
chr1	22042624	C	T	EP400_HUMAN,SMCA4_HUMAN,IKZF1_HUMAN,ENL_HUMAN	K562 (myelogenous leukemia)	2.0088681076462382	0.0	1.4880000000000002	-1.274
chr1	23872849	A	C	CEBPB_HUMAN,KDM1A_HUMAN,EP400_HUMAN,ERR1_HUMAN,MTG16_HUMAN,ARI1B_HUMAN,ZN316_HUMAN,HDAC1_HUMAN	K562 (myelogenous leukemia)	0.0	2.750678084411727	-1.295	1.161
chr1	25979072	T	C	EP400_HUMAN	K562 (myelogenous leukemia)	0.0	1.4123352694886246		1.3219999999999998
chr1	26128782	T	A	KAISO_HUMAN,HDAC2_HUMAN,KDM1A_HUMAN,SMCE1_HUMAN,MNT_HUMAN,ZNF24_HUMAN,CTBP1_HUMAN,NCOR1_HUMAN,NCOA2_HUMAN,ATF3_HUMAN,TAF9B_HUMAN,EP400_HUMAN,HTF4_HUMAN,ARNT_HUMAN,REQU_HUMAN,LMBL2_HUMAN,HDGF_HUMAN,ZFP91_HUMAN,PHF20_HUMAN,MTG8R_HUMAN,ENL_HUMAN,TF65_HUMAN,NCOA1_HUMAN,ZN184_HUMAN,PHB2_HUMAN	K562 (myelogenous leukemia)	1.8684917411808566	0.0	1.3330000000000002	-1.35
chr1	29181838	C	T	CTCF_HUMAN,GABPA_HUMAN,EP400_HUMAN	HepG2 (hepatoblastoma),K562 (myelogenous leukemia)	1.4222929345174837	0.059150667778220346	0.493	0.203
chr1	31410448	T	C	GATA1_HUMAN,TAL1_HUMAN,HDAC2_HUMAN,KDM1A_HUMAN,MNT_HUMAN,PKNX1_HUMAN,NCOR1_HUMAN,EP400_HUMAN,SMCA4_HUMAN,HTF4_HUMAN,REQU_HUMAN,NRF1_HUMAN,MTG16_HUMAN,MTG8R_HUMAN,E4F1_HUMAN,ARI1B_HUMAN,HDAC1_HUMAN	CD34+ hematopoietic stem cells-derived proerythroblasts,K562 (myelogenous leukemia)	0.0	1.5027529155719912	-0.034	0.9279999999999999
chr1	35800328	C	T	NFIC_HUMAN,NFE2_HUMAN,MAFG_HUMAN,KDM1A_HUMAN,EMSY_HUMAN,EP400_HUMAN,SMCA4_HUMAN,RING2_HUMAN,ZSCA4_HUMAN,E4F1_HUMAN,ENL_HUMAN,SOX6_HUMAN	HEK293 (embryonic kidney),K562 (myelogenous leukemia)	0.0	2.801190564455403	-1.577	1.61
chr1	36162432	G	A	EP300_HUMAN,ATF1_HUMAN,MNT_HUMAN,NR2C1_HUMAN,MGAP_HUMAN,EMSY_HUMAN,EP400_HUMAN,SMCA4_HUMAN,IKZF1_HUMAN,LMBL2_HUMAN,GABP1_HUMAN,ATF7_HUMAN,E4F1_HUMAN,ARI1B_HUMAN,HDAC1_HUMAN	GM12878 (female B-cells),K562 (myelogenous leukemia),upper lobe of left lung	1.6155110459859992	0.0	1.35	
chr1	42958380	A	G	MAX_HUMAN,EGR1_HUMAN,MNT_HUMAN,EP400_HUMAN,HDAC1_HUMAN,MYC_HUMAN	U2OS (osteosarcoma),K562 (myelogenous leukemia)	2.4298731188272877	0.0	1.305	-0.6829999999999999
chr1	43945917	A	G	EP400_HUMAN	HEK293 (embryonic kidney),K562 (myelogenous leukemia)	0.0	1.715623371689548	-1.358	1.29
chr1	45010817	A	G	EP400_HUMAN	K562 (myelogenous leukemia)	0.0	1.9237762170354353	-1.328	1.348
chr1	47331951	G	A	EP400_HUMAN	K562 (myelogenous leukemia)	0.0	1.8959433539252368	-1.157	1.305
chr1	91713196	G	A	NFIC_HUMAN,SMCE1_HUMAN,NR2C1_HUMAN,ZN592_HUMAN,EP400_HUMAN,SMCA4_HUMAN,IKZF1_HUMAN,LMBL2_HUMAN,RING2_HUMAN,E4F1_HUMAN,ARI1B_HUMAN,HDAC1_HUMAN	K562 (myelogenous leukemia)	1.7030284099286805	0.0	1.669	
chr1	91713699	A	G	CEBPB_HUMAN,KDM1A_HUMAN,CEBPG_HUMAN,EP400_HUMAN,FOXK2_HUMAN,LMBL2_HUMAN,RING2_HUMAN,E4F1_HUMAN	GM12878 (female B-cells),K562 (myelogenous leukemia)	3.95521214308865	0.0	1.925	
chr1	91713798	T	C	CEBPB_HUMAN,CEBPG_HUMAN,EP400_HUMAN,RING2_HUMAN	K562 (myelogenous leukemia)	2.650157748199907	0.0	1.751	
chr1	91906165	A	T	EP400_HUMAN,SPT5H_HUMAN	K562 (myelogenous leukemia)	0.0	1.5114804587669788	-2.346	1.653
chr1	93504434	T	C	CEBPB_HUMAN,KDM1A_HUMAN,MNT_HUMAN,ZN592_HUMAN,MGAP_HUMAN,EP400_HUMAN,SMCA4_HUMAN,REQU_HUMAN,LMBL2_HUMAN,HDAC1_HUMAN	K562 (myelogenous leukemia)	0.0	1.4896574626355261	-1.158	1.405
chr1	93504621	A	G	CEBPB_HUMAN,MNT_HUMAN,ZNF24_HUMAN,NR2C1_HUMAN,MGAP_HUMAN,EP400_HUMAN,SMCA4_HUMAN,LMBL2_HUMAN,ZN316_HUMAN,HDAC1_HUMAN	K562 (myelogenous leukemia)	0.13746252320270338	2.6613535178081573	0.004	1.761
chr1	109899006	G	C	EP400_HUMAN,IKZF1_HUMAN,ARI1B_HUMAN	K562 (myelogenous leukemia)	0.0	1.4123352694886246		1.3219999999999998
chr1	117060534	G	T	HDAC2_HUMAN,MNT_HUMAN,MGAP_HUMAN,EP400_HUMAN,LMBL2_HUMAN,HDAC1_HUMAN	K562 (myelogenous leukemia)	1.3352175933875408	0.0	0.835	-0.547
chr1	154431860	C	T	EP300_HUMAN,CEBPB_HUMAN,KDM1A_HUMAN,PKNX1_HUMAN,CTBP1_HUMAN,ATF3_HUMAN,TAF9B_HUMAN,EMSY_HUMAN,EP400_HUMAN,SMCA4_HUMAN,IKZF1_HUMAN,COT1_HUMAN,STAT1_HUMAN,NRF1_HUMAN,ZEB2_HUMAN,MEIS2_HUMAN,ARI1B_HUMAN,HDAC1_HUMAN	CD14+ monocytes,HEK293 (embryonic kidney),K562 (myelogenous leukemia),sigmoid colon	1.5454325577338832	0.00014833193137243268	0.777	0.032
chr1	160046674	C	A	TADBP_HUMAN,NFIC_HUMAN,GATA2_HUMAN,GATA1_HUMAN,TAL1_HUMAN,CEBPB_HUMAN,CTCF_HUMAN,VEZF1_HUMAN,ID3_HUMAN,REST_HUMAN,HDAC2_HUMAN,KDM1A_HUMAN,P66B_HUMAN,MNT_HUMAN,ZNF24_HUMAN,PKNX1_HUMAN,CTBP1_HUMAN,NCOR1_HUMAN,MYBB_HUMAN,MGAP_HUMAN,ATF3_HUMAN,HDAC3_HUMAN,CHAP1_HUMAN,EP400_HUMAN,SMCA4_HUMAN,IKZF1_HUMAN,FOXK2_HUMAN,COT1_HUMAN,REQU_HUMAN,RING2_HUMAN,NRF1_HUMAN,RLF_HUMAN,MTG16_HUMAN,DACH1_HUMAN,MTG8R_HUMAN,E4F1_HUMAN,ENL_HUMAN,HES1_HUMAN,SMRC2_HUMAN,MTA1_HUMAN,MTA3_HUMAN,ETV1_HUMAN,NCOA1_HUMAN,ZN316_HUMAN,C2D1A_HUMAN,HDAC1_HUMAN,BCOR_HUMAN,TIF1A_HUMAN,AFF1_HUMAN	GM12878 (female B-cells),HEK293 (embryonic kidney),K562 (myelogenous leukemia),foreskin keratinocyte	0.0730847062553987	2.078254274596721	-0.11900000000000001	1.7990000000000002
chr1	161612612	A	T	NFIC_HUMAN,SMC3_HUMAN,ZBT40_HUMAN,KDM1A_HUMAN,MNT_HUMAN,CTBP1_HUMAN,ZN592_HUMAN,E2F1_HUMAN,ILF3_HUMAN,HDAC3_HUMAN,EP400_HUMAN,IKZF1_HUMAN,FOXK2_HUMAN,REQU_HUMAN,SP2_HUMAN,SOX6_HUMAN,ARI1B_HUMAN,HDAC1_HUMAN	HEK293 (embryonic kidney),K562 (myelogenous leukemia),neural cell	3.8362984171735857	0.0	2.0	
chr1	161612689	A	G	EGR1_HUMAN,KDM1A_HUMAN,MNT_HUMAN,EP400_HUMAN,MEF2D_HUMAN,ENL_HUMAN,ARI1B_HUMAN	GM12878 (female B-cells),HepG2 (hepatoblastoma),K562 (myelogenous leukemia)	2.3377843356493706	0.0	1.3	-0.903
chr1	161612710	C	T	EP300_HUMAN,ESR1_HUMAN,EGR1_HUMAN,HDAC2_HUMAN,KDM1A_HUMAN,P66B_HUMAN,MNT_HUMAN,NCOR1_HUMAN,E2F1_HUMAN,EP400_HUMAN,MEF2D_HUMAN,LMBL2_HUMAN,SRBP2_HUMAN,ENL_HUMAN,ARI1B_HUMAN,BCOR_HUMAN,AFF1_HUMAN	HeLa S3 (cervical adenocarcinoma),K562 (myelogenous leukemia),breast tumor tissue,neural cell	0.0	1.892185074457234	0.203	1.224
chr1	166490612	G	A	EP400_HUMAN	K562 (myelogenous leukemia)	1.6774486427956583	0.0	1.719	
chr1	167716557	T	C	EP400_HUMAN,PRD10_HUMAN,ENL_HUMAN,ZN316_HUMAN	GM12878 (female B-cells),K562 (myelogenous leukemia)	1.4615680810675113	0.0	2.0869999999999997	
chr1	172533339	T	C	CTCF_HUMAN,HDAC2_HUMAN,KDM1A_HUMAN,MNT_HUMAN,ZNF24_HUMAN,MGAP_HUMAN,EP400_HUMAN,SMCA4_HUMAN,FOXK2_HUMAN,NRF1_HUMAN,HDAC1_HUMAN	HEK293 (embryonic kidney),K562 (myelogenous leukemia)	0.0	2.0966468666804303	0.207	0.522
chr1	179365849	A	G	CTCF_HUMAN,EP400_HUMAN,NRF1_HUMAN,ERR1_HUMAN	HEK293 (embryonic kidney),K562 (myelogenous leukemia),SK-N-SH (neuroblastoma),prostate gland	1.7092385747184375	0.0	0.795	0.36200000000000004
chr1	180155315	A	C	EGR1_HUMAN,EP400_HUMAN	K562 (myelogenous leukemia)	1.4543071635218565	0.0	1.238	
chr1	182236280	T	C	EGR1_HUMAN,PKNX1_HUMAN,NCOR1_HUMAN,ATF3_HUMAN,EP400_HUMAN,SMCA4_HUMAN,ATF2_HUMAN,FOXK2_HUMAN,REQU_HUMAN,ZEB2_HUMAN,ATF7_HUMAN,MEIS2_HUMAN,ARI1B_HUMAN,TIF1A_HUMAN	HEK293 (embryonic kidney),K562 (myelogenous leukemia)	2.0319652626103757	0.0	1.626	
chr1	182236339	A	G	GATA1_HUMAN,TAL1_HUMAN,EGR1_HUMAN,PKNX1_HUMAN,NR2C1_HUMAN,NCOR1_HUMAN,RFX1_HUMAN,ATF3_HUMAN,EP400_HUMAN,SMCA4_HUMAN,HTF4_HUMAN,REQU_HUMAN,RING2_HUMAN,ZEB2_HUMAN,MEIS2_HUMAN,SOX6_HUMAN,ARI1B_HUMAN,TIF1A_HUMAN	K562 (myelogenous leukemia)	1.8115762050704627	0.0	0.8370000000000001	-2.2159999999999997
chr1	193120899	T	C	HDAC2_HUMAN,P66B_HUMAN,NR2C1_HUMAN,EP400_HUMAN,IKZF1_HUMAN,ENL_HUMAN,MEIS2_HUMAN	GM12878 (female B-cells),K562 (myelogenous leukemia)	0.0	1.866049410371277	-2.338	1.492
chr1	201839453	C	A	NFE2_HUMAN,MAFG_HUMAN,KDM1A_HUMAN,EMSY_HUMAN,EP400_HUMAN,ZN316_HUMAN	K562 (myelogenous leukemia)	0.0	1.4179731240248568		1.814
chr1	204565957	C	T	NFIC_HUMAN,CEBPB_HUMAN,EGR1_HUMAN,HDAC2_HUMAN,KDM1A_HUMAN,ZNF24_HUMAN,PKNX1_HUMAN,CTBP1_HUMAN,CEBPG_HUMAN,NR2C1_HUMAN,NCOR1_HUMAN,GMEB1_HUMAN,ATF3_HUMAN,EP400_HUMAN,SMCA4_HUMAN,HTF4_HUMAN,ATF2_HUMAN,IKZF1_HUMAN,FOXK2_HUMAN,COT1_HUMAN,MTA2_HUMAN,NFAC3_HUMAN,ARNT_HUMAN,REQU_HUMAN,ATF4_HUMAN,RING2_HUMAN,MITF_HUMAN,ZEB2_HUMAN,ERR1_HUMAN,MTG8R_HUMAN,ATF7_HUMAN,ENL_HUMAN,MEIS2_HUMAN,SOX6_HUMAN,BRD9_HUMAN,HDAC1_HUMAN,TIF1A_HUMAN,AFF1_HUMAN	epidermal keratinocytes,K562 (myelogenous leukemia)	0.0	5.642334829783744		1.035
chr1	205321666	G	A	MNT_HUMAN,EP400_HUMAN,SMCA4_HUMAN,RAD51_HUMAN	HeLa S3 (cervical adenocarcinoma),K562 (myelogenous leukemia)	1.8167905458678881	0.13974673003206411	1.103	-0.17300000000000001
chr1	207310834	G	A	KDM1A_HUMAN,EP400_HUMAN	K562 (myelogenous leukemia)	1.3121539064287928	0.0	1.389	-1.946
chr1	207310838	C	T	KDM1A_HUMAN,EP400_HUMAN	K562 (myelogenous leukemia)	0.0	2.440764392574871	-1.969	1.636
chr1	223777329	C	T	NFIC_HUMAN,KDM1A_HUMAN,ZNF24_HUMAN,NR2C1_HUMAN,NCOR1_HUMAN,ZN592_HUMAN,EP400_HUMAN,SMCA4_HUMAN,IKZF1_HUMAN,REQU_HUMAN,RING2_HUMAN,ZFP91_HUMAN,ARI1B_HUMAN,ZN316_HUMAN,ZN184_HUMAN,HDAC1_HUMAN	K562 (myelogenous leukemia)	0.0	2.1144513229571067		1.9340000000000002
chr1	231066017	C	A	KDM1A_HUMAN,CTBP1_HUMAN,NCOR1_HUMAN,EP400_HUMAN,SMCA4_HUMAN,HTF4_HUMAN,ZSC29_HUMAN,NFAC3_HUMAN,REQU_HUMAN,ATF4_HUMAN,MEIS2_HUMAN,HDAC1_HUMAN	K562 (myelogenous leukemia)	0.0	3.396367760673388		1.9409999999999998
chr10	4848976	C	T	EP400_HUMAN,HDAC1_HUMAN	K562 (myelogenous leukemia)	0.0	1.3231471958791936	-1.344	1.5630000000000002
chr10	4866626	G	A	NFIC_HUMAN,HDAC2_HUMAN,KDM1A_HUMAN,MNT_HUMAN,NCOR1_HUMAN,ATF3_HUMAN,CHAP1_HUMAN,EP400_HUMAN,SMCA4_HUMAN,IKZF1_HUMAN,MTA2_HUMAN,REQU_HUMAN,MTG16_HUMAN,MTG8R_HUMAN,E4F1_HUMAN,ARI1B_HUMAN,ZN316_HUMAN,TIF1A_HUMAN	K562 (myelogenous leukemia)	0.0	1.5163538015942146	-2.28	1.587
chr10	4866656	T	G	NFIC_HUMAN,TAL1_HUMAN,HDAC2_HUMAN,KDM1A_HUMAN,NBN_HUMAN,NCOR1_HUMAN,TAF9B_HUMAN,CHAP1_HUMAN,EP400_HUMAN,SMCA4_HUMAN,IKZF1_HUMAN,MTA2_HUMAN,ARNT_HUMAN,REQU_HUMAN,PRD10_HUMAN,MTG16_HUMAN,DACH1_HUMAN,ENL_HUMAN,ARI1B_HUMAN,TIF1A_HUMAN	K562 (myelogenous leukemia)	0.0	2.8147218737687565		1.7380000000000002
chr10	11875003	G	A	EGR1_HUMAN,RFX1_HUMAN,MGAP_HUMAN,EP400_HUMAN,SMCA4_HUMAN,RAD51_HUMAN,LMBL2_HUMAN,RING2_HUMAN,MITF_HUMAN,HDAC1_HUMAN,USF1_HUMAN	A549 (lung carcinoma),K562 (myelogenous leukemia)	0.0	2.2861857064647864	-1.7309999999999999	1.604
chr10	15097082	C	A	VEZF1_HUMAN,EP400_HUMAN,FOXK2_HUMAN	K562 (myelogenous leukemia)	1.8398241834225493	0.0	1.455	-1.6909999999999998
chr10	23068283	G	T	CTCF_HUMAN,EP400_HUMAN,IKZF1_HUMAN	K562 (myelogenous leukemia),pancreas,PC9 (lung adenocarcinoma),esophagus squamous epithelium,tibial nerve	17.59591946286456	0.0	0.607	0.08800000000000001
chr10	28812722	A	C	HDAC2_HUMAN,KDM1A_HUMAN,ZNF24_HUMAN,NCOR1_HUMAN,EP400_HUMAN,SMCA4_HUMAN,IKZF1_HUMAN,REQU_HUMAN,ENL_HUMAN,ARI1B_HUMAN,HDAC1_HUMAN	K562 (myelogenous leukemia)	0.0022123760811420634	1.8705751409011506	-0.753	1.335
chr10	28823049	G	A	TAL1_HUMAN,NCOR1_HUMAN,EP400_HUMAN,IKZF1_HUMAN,SPT5H_HUMAN,HDAC1_HUMAN	K562 (myelogenous leukemia)	1.3093265523939044	0.0	0.8170000000000001	-0.321
chr10	38094356	T	C	CTBP1_HUMAN,EP400_HUMAN,FOXK2_HUMAN,LMBL2_HUMAN,GABP1_HUMAN	GM12878 (female B-cells),K562 (myelogenous leukemia)	0.0	1.3162679888552498	-1.2919999999999998	1.453
chr10	38094358	G	C	CTBP1_HUMAN,EP400_HUMAN,LMBL2_HUMAN,NRF1_HUMAN,ZN143_HUMAN,TBX21_HUMAN,KMT2A_HUMAN	MCF7 (Invasive ductal breast carcinoma),K562 (myelogenous leukemia),Th1-cells,fetal bone marrow-derived mononuclear cells	1.6456068334228684	0.0	1.193	-1.209
chr10	38094360	C	A	EGR1_HUMAN,CTBP1_HUMAN,EP400_HUMAN,LMBL2_HUMAN,NRF1_HUMAN,ZN143_HUMAN,TBX21_HUMAN,KMT2A_HUMAN	MCF7 (Invasive ductal breast carcinoma),K562 (myelogenous leukemia),Th1-cells,fetal bone marrow-derived mononuclear cells	1.31802752143129	0.0	0.95	-1.02
chr10	67849547	C	A	CTCF_HUMAN,GABPA_HUMAN,EGR1_HUMAN,MNT_HUMAN,ATF3_HUMAN,EMSY_HUMAN,EP400_HUMAN,ARNT_HUMAN,SPI1_HUMAN	VCaP (prostate carcinoma),K562 (myelogenous leukemia),spleen,pancreas	0.0	5.272258640287025	-0.384	1.025
chr10	68900841	G	A	MAX_HUMAN,GABPA_HUMAN,EGR1_HUMAN,ATF1_HUMAN,MNT_HUMAN,ZNF24_HUMAN,NCOR1_HUMAN,MGAP_HUMAN,E2F1_HUMAN,EP400_HUMAN,SMCA4_HUMAN,LMBL2_HUMAN,GABP1_HUMAN,RING2_HUMAN,NRF1_HUMAN,CREM_HUMAN,PHF20_HUMAN,ARI1B_HUMAN,SPT5H_HUMAN	K562 (myelogenous leukemia)	1.3828277047923214	0.005862323812036067	1.022	-0.665
chr11	268078	T	C	RFOX2_HUMAN,NFIC_HUMAN,MNT_HUMAN,CTBP1_HUMAN,MGAP_HUMAN,EP400_HUMAN,RING2_HUMAN,ZEB2_HUMAN,ARI1B_HUMAN,HDAC1_HUMAN	K562 (myelogenous leukemia)	2.030747617248266	0.0	1.479	
chr11	268219	C	T	REST_HUMAN,ATF1_HUMAN,HDAC2_HUMAN,KDM1A_HUMAN,SMCA5_HUMAN,MNT_HUMAN,NBN_HUMAN,PKNX1_HUMAN,CTBP1_HUMAN,MGAP_HUMAN,GMEB1_HUMAN,ATF3_HUMAN,ILF3_HUMAN,EMSY_HUMAN,EP400_HUMAN,SMCA4_HUMAN,IKZF1_HUMAN,MTA2_HUMAN,REQU_HUMAN,LMBL2_HUMAN,RING2_HUMAN,ZEB2_HUMAN,MTG16_HUMAN,ATF7_HUMAN,ENL_HUMAN,MTA3_HUMAN,ARI1B_HUMAN,ZBTB2_HUMAN,ZN184_HUMAN,HDAC1_HUMAN	K562 (myelogenous leukemia)	1.3313834792174144	0.0	1.361	-1.254
chr11	5564514	A	G	JUND_HUMAN,MGAP_HUMAN,EP400_HUMAN,ATF7_HUMAN	coronary artery smooth muscle,K562 (myelogenous leukemia)	3.6190234766834255	0.0	1.6480000000000001	-1.68
chr11	6690632	T	G	MNT_HUMAN,NCOR1_HUMAN,EP400_HUMAN,SMCA4_HUMAN,HTF4_HUMAN,IKZF1_HUMAN,REQU_HUMAN	K562 (myelogenous leukemia)	0.0	2.537195162521795	-0.495	1.261
chr11	6690839	G	T	TAL1_HUMAN,HDAC2_HUMAN,KDM1A_HUMAN,MNT_HUMAN,ZNF24_HUMAN,NCOR1_HUMAN,EP400_HUMAN,SMCA4_HUMAN,HTF4_HUMAN,REQU_HUMAN,LMBL2_HUMAN,GABP1_HUMAN,MTG16_HUMAN,MTG8R_HUMAN,SOX6_HUMAN,ARI1B_HUMAN,HDAC1_HUMAN,AFF1_HUMAN	K562 (myelogenous leukemia)	3.885522554691986	0.0	1.91	
chr11	7673623	A	G	EP400_HUMAN,IKZF1_HUMAN	GM12878 (female B-cells),K562 (myelogenous leukemia)	0.0	1.3725538641240695	-1.446	1.504
chr11	9166139	T	C	CTCF_HUMAN,KAISO_HUMAN,EP400_HUMAN,ZN316_HUMAN	K562 (myelogenous leukemia),foreskin keratinocyte,NB69 (neuroblastoma)	2.9408287208638453	0.0	0.654	0.37799999999999995
chr11	9166141	T	C	CTCF_HUMAN,KAISO_HUMAN,EP400_HUMAN,ZN316_HUMAN	K562 (myelogenous leukemia),foreskin keratinocyte,NB69 (neuroblastoma)	3.258809793338302	0.0	0.622	0.366
chr11	9565931	G	A	ESR1_HUMAN,NCOR1_HUMAN,EP400_HUMAN,FOXK2_HUMAN,MTA2_HUMAN,HDAC1_HUMAN	GM12878 (female B-cells),K562 (myelogenous leukemia)	0.0	1.508929901137402	-2.55	1.53
chr11	36557526	C	G	NFRKB_HUMAN,CTBP1_HUMAN,MGAP_HUMAN,EP400_HUMAN,GABP1_HUMAN,RING2_HUMAN	K562 (myelogenous leukemia)	1.552038990353636	0.0	1.538	
chr11	44531357	C	T	NFIC_HUMAN,TAL1_HUMAN,ZBT7A_HUMAN,VEZF1_HUMAN,KDM1A_HUMAN,SMCE1_HUMAN,MNT_HUMAN,CTBP1_HUMAN,NCOR1_HUMAN,GMEB1_HUMAN,HDAC3_HUMAN,EP400_HUMAN,SMCA4_HUMAN,HTF4_HUMAN,IKZF1_HUMAN,REQU_HUMAN,LMBL2_HUMAN,RING2_HUMAN,DACH1_HUMAN,ENL_HUMAN,ARI1B_HUMAN,ZN316_HUMAN,HDAC1_HUMAN	K562 (myelogenous leukemia),226LDM (normal breast luminal cells)	9.191293982011617	0.0	1.0490000000000002	
chr11	44531571	C	T	EGR1_HUMAN,MNT_HUMAN,NCOR1_HUMAN,EP400_HUMAN,REQU_HUMAN,ARI1B_HUMAN,HDAC1_HUMAN	K562 (myelogenous leukemia)	0.0	2.842948309422002	-2.408	1.736
chr11	57735794	G	C	EP400_HUMAN,SOX6_HUMAN	K562 (myelogenous leukemia)	1.4608227199648502	0.0	1.29	-1.4869999999999999
chr11	76703108	T	C	EP400_HUMAN	K562 (myelogenous leukemia)	1.365996930678676	0.0	1.51	-1.2990000000000002
chr11	86158695	C	T	NFIC_HUMAN,EP400_HUMAN,LMBL2_HUMAN,HDAC1_HUMAN	K562 (myelogenous leukemia)	1.5537606855904509	0.0	1.599	-2.325
chr11	87266921	C	G	NFIC_HUMAN,CEBPB_HUMAN,CTBP1_HUMAN,EP400_HUMAN,SMCA4_HUMAN,ATF2_HUMAN,REQU_HUMAN,NFIA_HUMAN,ZN629_HUMAN,ZEB2_HUMAN,MTG16_HUMAN,SOX6_HUMAN,ARI1B_HUMAN,TIF1A_HUMAN	HEK293 (embryonic kidney),K562 (myelogenous leukemia)	0.0	11.727852424581815		1.6780000000000002
chr11	94493391	C	G	HDAC2_HUMAN,MGAP_HUMAN,EP400_HUMAN,FOXK2_HUMAN,ARI4B_HUMAN,SP130_HUMAN,HDAC1_HUMAN	HepG2 (hepatoblastoma),K562 (myelogenous leukemia)	2.0767566872427285	0.0	1.273	-1.099
chr11	94493416	A	G	HDAC2_HUMAN,MGAP_HUMAN,EP400_HUMAN,FOXK2_HUMAN,LMBL2_HUMAN,HDAC1_HUMAN	GM12878 (female B-cells),HEK293 (embryonic kidney),K562 (myelogenous leukemia)	2.0795453267725805	0.0	1.2790000000000001	-1.157
chr11	112270823	T	C	NFIC_HUMAN,CTBP1_HUMAN,MGAP_HUMAN,EP400_HUMAN,IKZF1_HUMAN,ARI1B_HUMAN	K562 (myelogenous leukemia)	0.0	3.600544865353348		1.923
chr11	112270824	G	A	NFIC_HUMAN,CTBP1_HUMAN,MGAP_HUMAN,EP400_HUMAN,IKZF1_HUMAN,ARI1B_HUMAN	K562 (myelogenous leukemia)	0.0	3.4839050854132454		1.905
chr12	39539028	C	G	MGAP_HUMAN,E2F1_HUMAN,EP400_HUMAN,LMBL2_HUMAN,GABP1_HUMAN,PHF20_HUMAN	K562 (myelogenous leukemia)	0.0	11.38035926791636		2.653
chr12	47081062	C	G	CEBPB_HUMAN,KAISO_HUMAN,MGAP_HUMAN,EP400_HUMAN,RING2_HUMAN	K562 (myelogenous leukemia)	2.1220152158585233	0.0	1.4480000000000002	
chr12	50167576	G	C	ESR1_HUMAN,NFIC_HUMAN,CTCF_HUMAN,MNT_HUMAN,EP400_HUMAN,GABP1_HUMAN	HEK293T (embryonic kidney),HEK293 (embryonic kidney),K562 (myelogenous leukemia),neutrophils,breast tumor tissue,neural cell	1.4881807321709994	0.0	0.996	
chr12	51173447	A	C	KDM1A_HUMAN,MNT_HUMAN,NCOR1_HUMAN,EP400_HUMAN,ZSC29_HUMAN,NRF1_HUMAN,ZEB2_HUMAN,HDAC1_HUMAN	K562 (myelogenous leukemia)	2.0683869588259953	0.0	1.463	-0.679
chr12	51238671	G	T	RAD21_HUMAN,CTCF_HUMAN,SMC3_HUMAN,ZBT40_HUMAN,EGR1_HUMAN,SP1_HUMAN,REST_HUMAN,KLF9_HUMAN,KDM1A_HUMAN,MNT_HUMAN,ELF1_HUMAN,GMEB1_HUMAN,EP400_HUMAN,RAD51_HUMAN,GABP1_HUMAN,NRF1_HUMAN,MITF_HUMAN,SP3_HUMAN,PRD10_HUMAN,SP2_HUMAN,HDAC1_HUMAN	MCF7 (Invasive ductal breast carcinoma),HEK293 (embryonic kidney),K562 (myelogenous leukemia),spleen,liver,pancreas,Peyer's patch,esophagus squamous epithelium,transverse colon,adrenal gland,prostate gland,neural cell,upper lobe of left lung	0.0	1.3863039722026307	-0.43	0.826
chr12	56683831	T	C	KDM1A_HUMAN,ZN384_HUMAN,NCOR1_HUMAN,EP400_HUMAN,SMCA4_HUMAN,HDAC1_HUMAN	GM12878 (female B-cells),HEK293 (embryonic kidney),K562 (myelogenous leukemia)	2.55729663359621	0.0	1.492	-0.7829999999999999
chr12	75892962	C	G	GATA3_HUMAN,REST_HUMAN,HDAC2_HUMAN,ZNF24_HUMAN,NCOR1_HUMAN,EP400_HUMAN,SMCA4_HUMAN,HTF4_HUMAN,GABP1_HUMAN,ATF7_HUMAN,AFF1_HUMAN	H9 (embryonic stem cells),K562 (myelogenous leukemia)	1.8574810467504466	0.0	0.941	-0.735
chr12	93773365	C	T	ATF1_HUMAN,MNT_HUMAN,ATF3_HUMAN,E2F1_HUMAN,EP400_HUMAN,ZN318_HUMAN,ATF2_HUMAN	K562 (myelogenous leukemia)	1.8158619581502047	0.0	1.69	
chr12	106957210	G	A	KDM1A_HUMAN,MNT_HUMAN,NCOR1_HUMAN,EP400_HUMAN,ARI1B_HUMAN	K562 (myelogenous leukemia)	1.5639920747386638	0.0	1.595	
chr12	122501051	T	A	CTCF_HUMAN,EP400_HUMAN,ZN629_HUMAN,ZN341_HUMAN,ZBTB6_HUMAN,TF65_HUMAN	HEK293T (embryonic kidney),HEK293 (embryonic kidney),K562 (myelogenous leukemia)	1.6506823496075769	0.3384666573601113	0.446	0.449
chr12	122647031	A	C	EP400_HUMAN	K562 (myelogenous leukemia)	0.0	1.3743794912349414		1.5630000000000002
chr12	124869089	T	A	HDAC2_HUMAN,MNT_HUMAN,EP400_HUMAN,ATF7_HUMAN	K562 (myelogenous leukemia)	1.4652328827724717	0.0	1.088	-0.982
chr12	124937342	G	C	ATF3_HUMAN,EP400_HUMAN,ARI1B_HUMAN	K562 (myelogenous leukemia)	0.0	1.5901704852202965	-1.216	1.4609999999999999
chr12	125065308	G	A	CTCF_HUMAN,MNT_HUMAN,ZNF24_HUMAN,EP400_HUMAN,PATZ1_HUMAN,SPT5H_HUMAN,HDAC1_HUMAN	HEK293 (embryonic kidney),K562 (myelogenous leukemia),MDA-MB-453 (breast adenocarcinoma),neural cell,foreskin keratinocyte	3.9805560811095217	0.0	0.779	0.009000000000000001
chr12	127060453	G	A	MNT_HUMAN,ELF1_HUMAN,NR2C1_HUMAN,EMSY_HUMAN,EP400_HUMAN,IKZF1_HUMAN,NRF1_HUMAN,PRD10_HUMAN,ZFP91_HUMAN,PF21A_HUMAN,E4F1_HUMAN,MTA3_HUMAN,MEIS2_HUMAN,ZN407_HUMAN,HDAC1_HUMAN	K562 (myelogenous leukemia)	1.4238382550923192	0.0	1.16	-0.5489999999999999
chr12	132446231	A	C	TADBP_HUMAN,SP1_HUMAN,REST_HUMAN,ATF1_HUMAN,FOSL1_HUMAN,CREB1_HUMAN,KDM1A_HUMAN,MNT_HUMAN,NBN_HUMAN,NR2C1_HUMAN,GMEB1_HUMAN,E2F1_HUMAN,EMSY_HUMAN,EP400_HUMAN,CREB3_HUMAN,ATF4_HUMAN,GABP1_HUMAN,RING2_HUMAN,CREM_HUMAN,PHF20_HUMAN,ENL_HUMAN,HDAC1_HUMAN	H1 (embryonic stem cells),K562 (myelogenous leukemia)	1.3125919529667363	0.0	1.7209999999999999	
chr12	132446240	T	C	SP1_HUMAN,ATF1_HUMAN,FOSL1_HUMAN,CREB1_HUMAN,KDM1A_HUMAN,MNT_HUMAN,NBN_HUMAN,NR2C1_HUMAN,BRCA1_HUMAN,EMSY_HUMAN,EP400_HUMAN,SKIL_HUMAN,ATF4_HUMAN,GABP1_HUMAN,RING2_HUMAN,CREM_HUMAN,PHF20_HUMAN,ENL_HUMAN	H1 (embryonic stem cells),K562 (myelogenous leukemia)	2.2227464711281004	0.0	1.702	
chr12	132710735	G	T	GABPA_HUMAN,EGR1_HUMAN,MNT_HUMAN,EP400_HUMAN,HDAC1_HUMAN	K562 (myelogenous leukemia)	0.0	1.382759892178911	-0.135	0.897
chr15	22949326	C	G	EGR1_HUMAN,KDM1A_HUMAN,MNT_HUMAN,CTBP1_HUMAN,EP400_HUMAN,IKZF1_HUMAN,HDAC1_HUMAN	K562 (myelogenous leukemia)	0.0	1.3913309402230487		1.219
chr15	27454342	C	T	TAL1_HUMAN,HDAC2_HUMAN,KDM1A_HUMAN,CTBP1_HUMAN,NCOR1_HUMAN,EP400_HUMAN,SMCA4_HUMAN,HTF4_HUMAN,EHMT2_HUMAN,MTG16_HUMAN,MTG8R_HUMAN,MEIS2_HUMAN,ARI1B_HUMAN,HDAC1_HUMAN,TIF1A_HUMAN	K562 (myelogenous leukemia)	0.11873371424367413	4.28243640360372	-0.261	1.73
chr15	40583267	T	A	NFIC_HUMAN,EP400_HUMAN,ARI1B_HUMAN	K562 (myelogenous leukemia)	6.063083001660111	0.0	2.214	
chr15	58546760	T	C	PKNX1_HUMAN,EP400_HUMAN,MTA2_HUMAN,MTG16_HUMAN	K562 (myelogenous leukemia)	2.029970752603151	0.0	1.574	
chr15	74953764	G	A	TAL1_HUMAN,HDAC2_HUMAN,ATF3_HUMAN,EP400_HUMAN,SMCA4_HUMAN,REQU_HUMAN,ATF4_HUMAN,MTG16_HUMAN,ATF7_HUMAN,SOX6_HUMAN,ARI1B_HUMAN,HDAC1_HUMAN,TIF1A_HUMAN	K562 (myelogenous leukemia)	0.0	4.097471643001595		1.96
chr15	83108623	T	C	NFIC_HUMAN,TAF9B_HUMAN,EP400_HUMAN,IKZF1_HUMAN,ATF4_HUMAN,RING2_HUMAN,ARI1B_HUMAN	K562 (myelogenous leukemia)	2.227297989566342	0.0	1.774	
chr15	84143022	A	G	CEBPB_HUMAN,EP400_HUMAN,ZN639_HUMAN,CEBPA_HUMAN,STAT1_HUMAN,NRF1_HUMAN	HEK293T (embryonic kidney),MCF7 (Invasive ductal breast carcinoma),CD14+ monocytes,GM12878 (female B-cells),HEK293 (embryonic kidney),K562 (myelogenous leukemia),Peyer's patch,thyroid gland	0.0	1.650618339721298	-0.413	1.18
chr15	84143063	C	T	NFIC_HUMAN,CEBPB_HUMAN,MNT_HUMAN,EP400_HUMAN,STAT1_HUMAN,NRF1_HUMAN	CD14+ monocytes,epidermal keratinocytes,K562 (myelogenous leukemia),Peyer's patch,thyroid gland,KMS-11	0.0	1.3767776189587155	-2.097	1.6380000000000001
chr15	84631524	C	T	ESR1_HUMAN,GABPA_HUMAN,EP400_HUMAN,ARNT_HUMAN,SOX6_HUMAN	VCaP (prostate carcinoma),MCF7 (Invasive ductal breast carcinoma),K562 (myelogenous leukemia),breast tumor tissue	0.0	1.812292508172347	-1.274	1.537
chr15	85010550	A	G	CTCF_HUMAN,ZNF24_HUMAN,PKNX1_HUMAN,EMSY_HUMAN,EP400_HUMAN,SMCA4_HUMAN,IKZF1_HUMAN,REQU_HUMAN,OSR2_HUMAN,ZN335_HUMAN,SCRT2_HUMAN,ZN189_HUMAN	HEK293T (embryonic kidney),HEK293 (embryonic kidney),K562 (myelogenous leukemia)	0.0	1.6223112995947608	-0.254	0.77
chr15	89049578	T	A	EGR1_HUMAN,MGAP_HUMAN,EP400_HUMAN,IKZF1_HUMAN,ARI1B_HUMAN	K562 (myelogenous leukemia)	1.8166307159101596	0.0	1.2109999999999999	-1.06
chr15	99251134	A	C	NFIC_HUMAN,CTCF_HUMAN,ZFX_HUMAN,VEZF1_HUMAN,KDM1A_HUMAN,MNT_HUMAN,ZNF24_HUMAN,TAF9B_HUMAN,EP400_HUMAN,SMCA4_HUMAN,PBX2_HUMAN,OSR2_HUMAN,ZN316_HUMAN,SPT5H_HUMAN,HDAC1_HUMAN	MCF7 (Invasive ductal breast carcinoma),HEK293 (embryonic kidney),K562 (myelogenous leukemia),tibial nerve	2.9097607566938657	0.0	1.8840000000000001	
chr15	99251187	C	A	T2FA_HUMAN,RFOX2_HUMAN,TAF7_HUMAN,CTCF_HUMAN,EGR1_HUMAN,MNT_HUMAN,ZNF24_HUMAN,ELF1_HUMAN,ELF4_HUMAN,TAF9B_HUMAN,EP400_HUMAN,SMCA4_HUMAN,SP7_HUMAN,E4F1_HUMAN,ARI1B_HUMAN,SPT5H_HUMAN,HDAC1_HUMAN,SCRT2_HUMAN	MCF7 (Invasive ductal breast carcinoma),GM12878 (female B-cells),HEK293 (embryonic kidney),K562 (myelogenous leukemia),D283 Med (medulloblastoma),tibial nerve	1.5346222221893742	0.0	1.44	-0.547
chr15	101334558	A	G	GABPA_HUMAN,EP400_HUMAN,FOXK2_HUMAN,MTA2_HUMAN,GABP1_HUMAN,NR2C2_HUMAN,PHF20_HUMAN,ZN316_HUMAN,ZN75A_HUMAN	K562 (myelogenous leukemia)	0.031058175913004575	3.528311322910256	-0.326	1.729
chr16	1475198	C	A	AP2A_HUMAN,EGR1_HUMAN,KDM1A_HUMAN,MNT_HUMAN,EP400_HUMAN,GABP1_HUMAN	cranial neural crest cells,K562 (myelogenous leukemia)	1.7286730906800882	0.0	1.2590000000000001	-1.158
chr16	1984660	T	C	NFIC_HUMAN,EGR1_HUMAN,EP400_HUMAN	HEK293 (embryonic kidney),K562 (myelogenous leukemia)	0.0	5.625796510974184		0.846
chr16	2136356	A	G	EP300_HUMAN,NFIC_HUMAN,CTCF_HUMAN,EGR1_HUMAN,HDAC2_HUMAN,KDM1A_HUMAN,CTBP1_HUMAN,GMEB1_HUMAN,ILF3_HUMAN,EP400_HUMAN,SMCA4_HUMAN,IKZF1_HUMAN,MTA2_HUMAN,LMBL2_HUMAN,NRF1_HUMAN,MXI1_HUMAN,E4F1_HUMAN,ENL_HUMAN,MEIS2_HUMAN,ARI1B_HUMAN,SPT5H_HUMAN,HDAC1_HUMAN	MCF7 (Invasive ductal breast carcinoma),GM12878 (female B-cells),HepG2 (hepatoblastoma),K562 (myelogenous leukemia),tibial nerve,neural cell	0.0	3.959708582719956	-1.785	1.7180000000000002
chr16	2267776	C	G	RFOX2_HUMAN,ZBT40_HUMAN,GABPA_HUMAN,MNT_HUMAN,NR2C1_HUMAN,EP400_HUMAN,GABP1_HUMAN	K562 (myelogenous leukemia)	2.304720799677817	0.0	1.67	-2.464
chr16	2267777	T	G	RFOX2_HUMAN,ZBT40_HUMAN,GABPA_HUMAN,MNT_HUMAN,NR2C1_HUMAN,EP400_HUMAN,GABP1_HUMAN	K562 (myelogenous leukemia)	2.172784518075267	0.0	1.626	-2.42
chr16	3153034	G	T	SUMO2_HUMAN,HDAC2_HUMAN,ATF3_HUMAN,EP400_HUMAN,ZSC29_HUMAN,ZEB2_HUMAN	MCF7 (Invasive ductal breast carcinoma),K562 (myelogenous leukemia)	1.7730644508889817	0.0	1.305	-0.5710000000000001
chr16	4847471	A	G	EP400_HUMAN,CREM_HUMAN	K562 (myelogenous leukemia)	1.328463275895065	0.0	1.5530000000000002	
chr16	8110035	G	A	MNT_HUMAN,EP400_HUMAN	K562 (myelogenous leukemia)	2.63458791777622	0.0	1.5859999999999999	0.375
chr16	8110552	C	T	EP400_HUMAN	K562 (myelogenous leukemia)	1.9879505931349164	0.0	1.7209999999999999	
chr16	12048020	C	T	KDM1A_HUMAN,MNT_HUMAN,NR2C1_HUMAN,NCOR1_HUMAN,GMEB1_HUMAN,EP400_HUMAN,SMCA4_HUMAN,IKZF1_HUMAN,COT1_HUMAN,LMBL2_HUMAN,RING2_HUMAN,ARI1B_HUMAN,ZN316_HUMAN	K562 (myelogenous leukemia)	2.933546463809744	0.0	1.53	-1.0759999999999998
chr16	12048070	T	C	HDAC2_HUMAN,KDM1A_HUMAN,MNT_HUMAN,NR2C1_HUMAN,NCOR1_HUMAN,ZN592_HUMAN,ATF3_HUMAN,EP400_HUMAN,SMCA4_HUMAN,IKZF1_HUMAN,COT1_HUMAN,REQU_HUMAN,LMBL2_HUMAN,ATF4_HUMAN,GABP1_HUMAN,RING2_HUMAN,SOX6_HUMAN,ARI1B_HUMAN,ZN316_HUMAN,TIF1A_HUMAN	K562 (myelogenous leukemia)	2.827183354675295	0.0	1.479	-2.42
chr16	12048273	C	T	NFIC_HUMAN,MAFG_HUMAN,MNT_HUMAN,EP400_HUMAN,RING2_HUMAN,ARI1B_HUMAN,ZN316_HUMAN,HDAC1_HUMAN	K562 (myelogenous leukemia)	1.579439379442919	0.0	1.51	-1.3980000000000001
chr16	12048315	T	G	NFIC_HUMAN,KDM1A_HUMAN,ZN592_HUMAN,MGAP_HUMAN,EP400_HUMAN,REQU_HUMAN,HINFP_HUMAN,ARI1B_HUMAN,ZN316_HUMAN	K562 (myelogenous leukemia)	2.315843797080321	0.0	1.646	
chr16	12048318	C	G	NFIC_HUMAN,ZN592_HUMAN,MGAP_HUMAN,EP400_HUMAN,REQU_HUMAN,HINFP_HUMAN,ARI1B_HUMAN,ZN316_HUMAN	K562 (myelogenous leukemia)	2.315843797080321	0.0	1.646	
chr16	15991223	G	C	KAISO_HUMAN,EP400_HUMAN	K562 (myelogenous leukemia)	2.0845925759917	0.0	1.564	-1.453
chr16	23785054	A	G	TAL1_HUMAN,EP400_HUMAN,MTG16_HUMAN	K562 (myelogenous leukemia)	1.3222003262991204	0.0	1.102	-0.345
chr16	57628855	A	T	HDAC2_HUMAN,GMEB1_HUMAN,EP400_HUMAN,HTF4_HUMAN,MTA2_HUMAN,GLIS1_HUMAN,SP7_HUMAN,PRD10_HUMAN,ARI1B_HUMAN,ZSC26_HUMAN	HEK293 (embryonic kidney),K562 (myelogenous leukemia)	1.3352175933875408	0.0	1.431	-1.139
chr16	58265666	C	T	MNT_HUMAN,ZNF24_HUMAN,ELF1_HUMAN,ELF4_HUMAN,EP400_HUMAN,FOXK2_HUMAN,REQU_HUMAN,LMBL2_HUMAN,ZEB2_HUMAN,E4F1_HUMAN,NCOA1_HUMAN,TIF1A_HUMAN,CEBPD_HUMAN	K562 (myelogenous leukemia)	1.6274190250287337	0.0	1.1159999999999999	-0.325
chr16	58265889	G	C	NFIC_HUMAN,TAL1_HUMAN,ZNF24_HUMAN,NR2C1_HUMAN,ZN592_HUMAN,EP400_HUMAN,SMCA4_HUMAN,LMBL2_HUMAN,ZEB2_HUMAN,E4F1_HUMAN,ENL_HUMAN	K562 (myelogenous leukemia)	1.4958879990802993	0.0	1.645	
chr16	81632931	T	C	KDM1A_HUMAN,ATF3_HUMAN,EP400_HUMAN,SMCA4_HUMAN,IKZF1_HUMAN,P66A_HUMAN,NRF1_HUMAN	HT29 (colon adenocarcinoma),K562 (myelogenous leukemia)	0.0	1.306563109911004	-1.929	1.435
chr16	85381787	G	A	EP400_HUMAN,COT1_HUMAN,HDAC1_HUMAN	K562 (myelogenous leukemia)	0.0	1.4123352694886246		1.6380000000000001
chr16	85416494	G	C	MNT_HUMAN,ELF1_HUMAN,CTBP1_HUMAN,NR2C1_HUMAN,ZN592_HUMAN,EP400_HUMAN,HDAC1_HUMAN,MYC_HUMAN	MCF7 (Invasive ductal breast carcinoma),HCT-116 (colon carcinoma),K562 (myelogenous leukemia),erythroid progenitors,foreskin keratinocyte,HCT-116-RAD21-mAC	7.018322096436139	0.0	1.724	-1.291
chr17	28317282	C	T	HDAC2_HUMAN,KDM1A_HUMAN,MNT_HUMAN,NR2C1_HUMAN,NCOR1_HUMAN,ZN592_HUMAN,MGAP_HUMAN,EP400_HUMAN,SMCA4_HUMAN,IKZF1_HUMAN,LMBL2_HUMAN,RING2_HUMAN,ERR1_HUMAN,ETV1_HUMAN,HDAC1_HUMAN	K562 (myelogenous leukemia)	2.5005615944257067	0.0	1.4809999999999999	-0.94
chr17	31509153	A	C	CEBPG_HUMAN,ATF3_HUMAN,EP400_HUMAN	K562 (myelogenous leukemia)	0.0	1.3347225722276717	-2.024	1.565
chr17	31509306	G	A	CEBPG_HUMAN,ATF3_HUMAN,EP400_HUMAN,ATF4_HUMAN,ATF7_HUMAN	K562 (myelogenous leukemia)	0.0	1.8157850574468712		1.661
chr17	32819329	G	C	GATA2_HUMAN,TAL1_HUMAN,CEBPB_HUMAN,NFE2_HUMAN,HDAC2_HUMAN,KDM1A_HUMAN,MNT_HUMAN,ZNF24_HUMAN,NCOR1_HUMAN,HDAC3_HUMAN,EMSY_HUMAN,EP400_HUMAN,SMCA4_HUMAN,HTF4_HUMAN,IKZF1_HUMAN,FOXK2_HUMAN,MTA2_HUMAN,ARNT_HUMAN,REQU_HUMAN,FOXM1_HUMAN,ZEB2_HUMAN,ATF7_HUMAN,NCOA1_HUMAN,ARI1B_HUMAN,ZN316_HUMAN,C2D1A_HUMAN,HDAC1_HUMAN,TIF1A_HUMAN	K562 (myelogenous leukemia)	1.3027294418264912	0.0	1.185	-1.084
chr17	36611952	G	A	JUND_HUMAN,NCOR1_HUMAN,ZN592_HUMAN,MGAP_HUMAN,ATF3_HUMAN,EP400_HUMAN,SMCA4_HUMAN,ZN316_HUMAN	coronary artery smooth muscle,K562 (myelogenous leukemia)	2.5392229984912147	0.0	1.462	-1.651
chr17	45580071	A	G	NFIC_HUMAN,HDAC2_HUMAN,KDM1A_HUMAN,P66B_HUMAN,SMCE1_HUMAN,MNT_HUMAN,NR2C1_HUMAN,NCOR1_HUMAN,NCOA2_HUMAN,GMEB1_HUMAN,CHAP1_HUMAN,EP400_HUMAN,SMCA4_HUMAN,IKZF1_HUMAN,MTA2_HUMAN,REQU_HUMAN,HDGF_HUMAN,NRF1_HUMAN,ZN335_HUMAN,MTG8R_HUMAN,E4F1_HUMAN,MTA1_HUMAN,MEIS2_HUMAN,ARI1B_HUMAN,ZN316_HUMAN,HDAC1_HUMAN,TIF1A_HUMAN,TR150_HUMAN	GM12878 (female B-cells),HepG2 (hepatoblastoma),K562 (myelogenous leukemia)	0.0	2.3015462399079687		1.8019999999999998
chr17	45584357	C	T	CTCF_HUMAN,TYY1_HUMAN,KDM1A_HUMAN,MNT_HUMAN,NCOR1_HUMAN,ZN592_HUMAN,RFX1_HUMAN,EP400_HUMAN,COT1_HUMAN,REQU_HUMAN,RING2_HUMAN,ARI1B_HUMAN,HDAC1_HUMAN	MCF7 (Invasive ductal breast carcinoma),LNCaP C4-2B (prostate carcinoma),GM12878 (female B-cells),HEK293 (embryonic kidney),HepG2 (hepatoblastoma),K562 (myelogenous leukemia),SK-N-SH (neuroblastoma),neural cell	0.05273477090461842	1.3126238385085685	0.235	0.3
chr17	45584431	T	C	HDAC2_HUMAN,KDM1A_HUMAN,MNT_HUMAN,ZNF24_HUMAN,NR2C1_HUMAN,NCOR1_HUMAN,ZBT8A_HUMAN,ILF3_HUMAN,EMSY_HUMAN,EP400_HUMAN,FOXK2_HUMAN,RB_HUMAN,MEIS2_HUMAN,ARI1B_HUMAN,HDAC1_HUMAN,ERG_HUMAN	VCaP (prostate carcinoma),GM12878 (female B-cells),HEK293 (embryonic kidney),HepG2 (hepatoblastoma),K562 (myelogenous leukemia)	0.0	1.6814933299090113	-0.743	1.242
chr17	45584662	A	G	ZBT40_HUMAN,EGR1_HUMAN,HDAC2_HUMAN,KDM1A_HUMAN,MNT_HUMAN,ZBT8A_HUMAN,ILF3_HUMAN,EP400_HUMAN,ZBT26_HUMAN,MXI1_HUMAN,RB_HUMAN,ARI1B_HUMAN,HDAC1_HUMAN,KMT2A_HUMAN,HIF1A_HUMAN,HIF3A_HUMAN,TFE2_HUMAN	T47D (invasive ductal carcinoma),LNCaP C4-2B (prostate carcinoma),HEK293 (embryonic kidney),HepG2 (hepatoblastoma),K562 (myelogenous leukemia),ICN12 (primary pre-B acute lymphomablastic leukemia),fetal bone marrow-derived mononuclear cells,neural cell	0.0	1.4477885962793513	-0.703	1.081
chr17	47323969	T	C	EGR1_HUMAN,EP400_HUMAN,NRF1_HUMAN,PHF20_HUMAN,ZN316_HUMAN,SPT5H_HUMAN	K562 (myelogenous leukemia)	3.5465205487855362	0.0	1.4709999999999999	-0.647
chr17	47896427	A	T	GABPA_HUMAN,ELF1_HUMAN,NR2C1_HUMAN,EP400_HUMAN	K562 (myelogenous leukemia)	2.7661667772105405	0.0	1.3969999999999998	-1.139
chr17	50208632	G	C	TAL1_HUMAN,KDM1A_HUMAN,ZNF24_HUMAN,NCOR1_HUMAN,NCOA2_HUMAN,GMEB1_HUMAN,EP400_HUMAN,HTF4_HUMAN,REQU_HUMAN,MEIS2_HUMAN,HDAC1_HUMAN	K562 (myelogenous leukemia)	0.0	2.260834810052792	-2.262	1.629
chr17	59899297	T	C	NFIC_HUMAN,CTCF_HUMAN,KAISO_HUMAN,ELF1_HUMAN,PKNX1_HUMAN,CEBPG_HUMAN,NCOR1_HUMAN,ZN592_HUMAN,ATF3_HUMAN,EP400_HUMAN,SMCA4_HUMAN,ARNT_HUMAN,ATF4_HUMAN,RING2_HUMAN,ARI1B_HUMAN,ZN316_HUMAN,HDAC1_HUMAN,TR150_HUMAN	LNCaP (prostate carcinoma),GM12878 (female B-cells),K562 (myelogenous leukemia)	0.0	1.53419242890828	-1.344	1.5630000000000002
chr17	63835032	C	T	RAD21_HUMAN,MAX_HUMAN,REST_HUMAN,KDM1A_HUMAN,ZNF24_HUMAN,NR2C1_HUMAN,NCOR1_HUMAN,EP400_HUMAN,IKZF1_HUMAN,LMBL2_HUMAN,RING2_HUMAN,ZN143_HUMAN,MTA3_HUMAN,MEIS2_HUMAN,ARI1B_HUMAN	A549 (lung carcinoma),AG10803 (fibroblasts),GM12878 (female B-cells),HepG2 (hepatoblastoma),K562 (myelogenous leukemia)	2.1146643378608507	0.13892203159226413	0.701	-0.292
chr17	65123370	G	A	NFIC_HUMAN,HDAC2_HUMAN,MNT_HUMAN,ELF1_HUMAN,SNIP1_HUMAN,PKNX1_HUMAN,NR2C1_HUMAN,NCOR1_HUMAN,ZN592_HUMAN,MYBB_HUMAN,MGAP_HUMAN,TAF9B_HUMAN,HDAC3_HUMAN,SIN3B_HUMAN,EP400_HUMAN,IKZF1_HUMAN,REQU_HUMAN,ZBT11_HUMAN,RING2_HUMAN,RLF_HUMAN,PHF20_HUMAN,ATF7_HUMAN,MTA3_HUMAN,CR3L1_HUMAN,SPT5H_HUMAN,HDAC1_HUMAN,TBP_HUMAN	HepG2 (hepatoblastoma),K562 (myelogenous leukemia)	1.4681975288522098	0.0	1.611	-2.227
chr17	65123412	C	T	DIDO1_HUMAN,KDM5A_HUMAN,KDM1A_HUMAN,MNT_HUMAN,NFRKB_HUMAN,SNIP1_HUMAN,NR2C1_HUMAN,MYBB_HUMAN,SIN3B_HUMAN,EP400_HUMAN,SKIL_HUMAN,REQU_HUMAN,ZBT11_HUMAN,ETV5_HUMAN,BC11B_HUMAN,ZEB2_HUMAN,PHF20_HUMAN,CR3L1_HUMAN,ARI1B_HUMAN,HDAC1_HUMAN,AFF1_HUMAN,SPI1_HUMAN	T47D (invasive ductal carcinoma),GM12878 (female B-cells),HepG2 (hepatoblastoma),monocyte-derived macrophages,K562 (myelogenous leukemia),periferal blood macrophages,thymus-derived CD34- cells	2.1501121690072864	0.0	1.7109999999999999	-2.6860000000000004
chr17	74463637	G	A	ZBT40_HUMAN,ATF1_HUMAN,NBN_HUMAN,MYB_HUMAN,ATF3_HUMAN,E2F1_HUMAN,EP400_HUMAN,REQU_HUMAN,ATF4_HUMAN,ATF7_HUMAN,ETV1_HUMAN,ARI1B_HUMAN,ZN316_HUMAN,HDAC1_HUMAN,TIF1A_HUMAN	Jurkat (T-cells),K562 (myelogenous leukemia)	0.0	1.3620874655530217	-2.079	1.3619999999999999
chr17	77887649	G	A	MNT_HUMAN,MGAP_HUMAN,EP400_HUMAN,LMBL2_HUMAN	K562 (myelogenous leukemia)	1.8629649670479629	0.020566544107830778	0.972	-0.61
chr17	77887724	C	T	ZNF24_HUMAN,MGAP_HUMAN,EP400_HUMAN,SMCA4_HUMAN,FOXK2_HUMAN,LMBL2_HUMAN,STAT1_HUMAN,RING2_HUMAN,NRF1_HUMAN	CD14+ monocytes,GM12878 (female B-cells),K562 (myelogenous leukemia)	1.61429856940717	0.02524067453428236	1.025	-0.342
chr17	77887761	C	A	MGAP_HUMAN,EP400_HUMAN,FOXK2_HUMAN,STAT1_HUMAN,NRF1_HUMAN,ARI1B_HUMAN	CD14+ monocytes,K562 (myelogenous leukemia)	7.8526672240054705	0.0	2.07	
chr17	78168967	G	C	MNT_HUMAN,EP400_HUMAN	GM12878 (female B-cells),K562 (myelogenous leukemia)	1.9271448982810013	0.0	1.185	-0.353
chr17	81667744	A	T	EP400_HUMAN	K562 (myelogenous leukemia)	1.328463275895065	0.0	1.453	-1.337
chr17	81667783	T	C	EP400_HUMAN	K562 (myelogenous leukemia)	1.4894561747820516	0.0	1.51	-1.3980000000000001
chr17	81711810	G	C	MNT_HUMAN,EP400_HUMAN,GABP1_HUMAN	HepG2 (hepatoblastoma),K562 (myelogenous leukemia)	1.7145172979073944	0.0	1.0959999999999999	-1.431
chr17	82170563	G	A	MNT_HUMAN,GMEB1_HUMAN,EP400_HUMAN,RING2_HUMAN,ARI1B_HUMAN	K562 (myelogenous leukemia)	2.926651187485477	0.0	1.696	
chr17	82170571	G	A	MNT_HUMAN,GMEB1_HUMAN,EP400_HUMAN,RING2_HUMAN	K562 (myelogenous leukemia)	2.926651187485477	0.0	1.696	
chr17	82170770	G	A	NFIC_HUMAN,KDM1A_HUMAN,EP400_HUMAN,RAD51_HUMAN,LMBL2_HUMAN,E4F1_HUMAN,HDAC1_HUMAN	K562 (myelogenous leukemia)	2.190577868274359	0.0	1.62	
chr18	618124	T	C	DDX20_HUMAN,ZBT40_HUMAN,NONO_HUMAN,KAISO_HUMAN,NR4A1_HUMAN,P66B_HUMAN,MNT_HUMAN,ZN592_HUMAN,MYBB_HUMAN,RFX1_HUMAN,MGAP_HUMAN,NCOA2_HUMAN,ATF3_HUMAN,ILF3_HUMAN,TAF9B_HUMAN,CHAP1_HUMAN,EP400_HUMAN,ZN318_HUMAN,SMCA4_HUMAN,ZSC29_HUMAN,FOXK2_HUMAN,MTA2_HUMAN,NFAC3_HUMAN,RAD51_HUMAN,LMBL2_HUMAN,ZN639_HUMAN,EHMT2_HUMAN,RING2_HUMAN,ZEB2_HUMAN,ERR1_HUMAN,ZFP91_HUMAN,DACH1_HUMAN,PF21A_HUMAN,ATF7_HUMAN,MTA1_HUMAN,MTA3_HUMAN,NCOA1_HUMAN,CR3L1_HUMAN,ZBTB2_HUMAN,ZN184_HUMAN,BRD9_HUMAN,HDAC1_HUMAN,ASH1L_HUMAN,TR150_HUMAN	K562 (myelogenous leukemia)	4.035174698155797	0.0	1.639	
chr18	712356	G	T	EP400_HUMAN,HINFP_HUMAN,ZBTB5_HUMAN	K562 (myelogenous leukemia)	2.1866537463039752	0.0	1.156	-1.3419999999999999
chr18	712568	G	A	NFIC_HUMAN,ATF1_HUMAN,CTBP1_HUMAN,EP400_HUMAN,LMBL2_HUMAN,NRF1_HUMAN,ZBTB5_HUMAN,SPT5H_HUMAN,C2D1A_HUMAN	K562 (myelogenous leukemia)	4.089651799738327	0.0	1.3869999999999998	-1.5659999999999998
chr18	1521795	G	A	MNT_HUMAN,NFRKB_HUMAN,NCOR1_HUMAN,ILF3_HUMAN,TAF9B_HUMAN,EP400_HUMAN,FOXK2_HUMAN,LMBL2_HUMAN,NRF1_HUMAN,ENL_HUMAN,ARI1B_HUMAN,HDAC1_HUMAN	K562 (myelogenous leukemia)	2.661832100870832	0.0	1.246	-0.745
chr18	1521938	C	T	ATF1_HUMAN,MNT_HUMAN,NFRKB_HUMAN,ILF3_HUMAN,EP400_HUMAN,FOXK2_HUMAN,LMBL2_HUMAN,ZEB2_HUMAN,HDAC1_HUMAN	K562 (myelogenous leukemia)	1.553727878912783	0.0	1.1520000000000001	-1.19
chr18	1522015	C	G	KDM1A_HUMAN,NFRKB_HUMAN,PKNX1_HUMAN,GMEB1_HUMAN,TAF9B_HUMAN,EP400_HUMAN,IKZF1_HUMAN,ZSC29_HUMAN,FOXK2_HUMAN,RING2_HUMAN,ZN316_HUMAN,HDAC1_HUMAN	K562 (myelogenous leukemia)	1.4045059694231514	0.0	0.985	-0.507
chr19	984533	T	C	RFOX2_HUMAN,TYY1_HUMAN,CREB1_HUMAN,MNT_HUMAN,ZNF24_HUMAN,EP400_HUMAN,ATF2_HUMAN,FOXK2_HUMAN,NRF1_HUMAN,ATF7_HUMAN,CTCFL_HUMAN	LNCaP (prostate carcinoma),GM12878 (female B-cells),HepG2 (hepatoblastoma),K562 (myelogenous leukemia)	2.7031317359845266	0.0	1.473	-0.6890000000000001
chr19	984554	C	G	RFOX2_HUMAN,TYY1_HUMAN,GABPA_HUMAN,CREB1_HUMAN,KDM5A_HUMAN,MNT_HUMAN,EP400_HUMAN,FOXK2_HUMAN,NRF1_HUMAN,ATF7_HUMAN	H1 (embryonic stem cells),HepG2 (hepatoblastoma),K562 (myelogenous leukemia),liver	2.1063317688375927	0.0	1.369	-1.391
chr19	984578	T	G	AP2A_HUMAN,ZFX_HUMAN,TYY1_HUMAN,CREB1_HUMAN,ATF3_HUMAN,EP400_HUMAN,FOXK2_HUMAN,NRF1_HUMAN,ATF7_HUMAN	cranial neural crest cells,GM12878 (female B-cells),HepG2 (hepatoblastoma),K562 (myelogenous leukemia),lymphoblastoid cells	1.5256359511965414	0.0	1.1179999999999999	
chr19	1021903	G	T	NFIC_HUMAN,GABPA_HUMAN,KDM1A_HUMAN,ZNF24_HUMAN,NR2C1_HUMAN,NCOR1_HUMAN,EP400_HUMAN,SMCA4_HUMAN,FOXK2_HUMAN,MTA2_HUMAN,REQU_HUMAN,NRF1_HUMAN,ZN316_HUMAN	K562 (myelogenous leukemia),neural cell	0.0	1.9875132315829456		0.6459999999999999
chr19	1065019	G	T	CTCF_HUMAN,AP2A_HUMAN,EP400_HUMAN,STAT1_HUMAN	CD14+ monocytes,cranial neural crest cells,GM12864 (male B-cells),GM12878 (female B-cells),GM12892 (female B-cells),HepG2 (hepatoblastoma),K562 (myelogenous leukemia),lymphoblastoid cells,pancreas,heart left ventricle,right lobe of liver,upper lobe of left lung,foreskin keratinocyte	15.423293766229067	0.0	0.5710000000000001	0.231
chr19	2956764	T	C	EP400_HUMAN	K562 (myelogenous leukemia)	0.0	1.4123352694886246	-1.412	1.5619999999999998
chr19	4457002	C	T	MNT_HUMAN,EP400_HUMAN	K562 (myelogenous leukemia)	1.6564490835760906	0.0	1.1840000000000002	-0.036000000000000004
chr19	8363686	C	T	CTCF_HUMAN,EGR1_HUMAN,HDAC2_HUMAN,NCOR1_HUMAN,EP400_HUMAN,ENL_HUMAN,HDAC1_HUMAN	K562 (myelogenous leukemia),SK-N-SH (neuroblastoma),pancreas,foreskin keratinocyte	0.0	6.209711777769654	0.185	1.088
chr19	15828447	T	C	GATA3_HUMAN,ZN592_HUMAN,EP400_HUMAN,IKZF1_HUMAN	MCF7 (Invasive ductal breast carcinoma),K562 (myelogenous leukemia)	0.0	2.6516077432474505		1.982
chr19	16889821	G	A	EP400_HUMAN	K562 (myelogenous leukemia)	1.6567320236079977	0.0	1.656	
chr19	17545615	G	A	MNT_HUMAN,ATF3_HUMAN,EP400_HUMAN,FOXK2_HUMAN,AFF1_HUMAN	K562 (myelogenous leukemia)	1.9785779579357634	0.0	1.2990000000000002	-1.459
chr19	19032913	T	C	EP400_HUMAN,IKZF2_HUMAN	GM12878 (female B-cells),K562 (myelogenous leukemia)	1.4391562031052505	0.0	1.4480000000000002	
chr19	35041038	G	A	MNT_HUMAN,NR2C1_HUMAN,EP400_HUMAN,LMBL2_HUMAN,MEIS2_HUMAN	K562 (myelogenous leukemia)	0.0	3.029681150110716	-1.587	1.5090000000000001
chr19	35380805	C	T	MNT_HUMAN,EP400_HUMAN	K562 (myelogenous leukemia)	0.0	1.4079777750274896	-0.127	1.156
chr19	35389551	T	C	KDM1A_HUMAN,NCOR1_HUMAN,EP400_HUMAN	K562 (myelogenous leukemia)	1.5291936266660258	0.0	1.369	-1.621
chr19	36418800	C	G	EP400_HUMAN,NRF1_HUMAN	K562 (myelogenous leukemia)	1.5321543721620139	0.0	1.479	
chr19	43594811	C	G	KDM1A_HUMAN,EP400_HUMAN,RB_HUMAN,ARI1B_HUMAN	GM12878 (female B-cells),Ishikawa (endometrial adenocarcinoma),K562 (myelogenous leukemia),PC9 (lung adenocarcinoma),foreskin keratinocyte	1.960099157339617	0.0	1.26	-1.01
chr19	45179662	C	T	RFOX2_HUMAN,NFIC_HUMAN,ZFX_HUMAN,EGR1_HUMAN,MNT_HUMAN,CTBP1_HUMAN,NCOR1_HUMAN,EP400_HUMAN,ATF7_HUMAN,MTA3_HUMAN	K562 (myelogenous leukemia)	0.0	1.901949061085819	-1.632	1.662
chr19	46546671	A	C	CEBPB_HUMAN,REST_HUMAN,NFE2_HUMAN,MAFG_HUMAN,KDM1A_HUMAN,MNT_HUMAN,NR2C1_HUMAN,GMEB1_HUMAN,ATF3_HUMAN,EMSY_HUMAN,EP400_HUMAN,USF2_HUMAN,RAD51_HUMAN,GABP1_HUMAN,RING2_HUMAN,MITF_HUMAN,PRD10_HUMAN,ZEB2_HUMAN,MTG8R_HUMAN,ATF7_HUMAN,ZN143_HUMAN,ARI1B_HUMAN,AFF1_HUMAN,SNAI2_HUMAN,USF1_HUMAN	A549 (lung carcinoma),keratinocytes,GM12878 (female B-cells),HeLa S3 (cervical adenocarcinoma),K562 (myelogenous leukemia)	13.971101348352432	0.0	1.463	-1.033
chr19	48747281	A	G	EGR1_HUMAN,ATF1_HUMAN,PKNX1_HUMAN,ATF3_HUMAN,EP400_HUMAN,FOXK2_HUMAN,STAT1_HUMAN,ZN143_HUMAN,HDAC1_HUMAN,AFF1_HUMAN	CD14+ monocytes,CUTLL1 (T-cell lymphoblastic lymphoma 1),HUES64 (embryonic stem cells),K562 (myelogenous leukemia)	5.6795580488145765	0.0	1.1159999999999999	
chr19	48993237	G	A	ESR1_HUMAN,CTCF_HUMAN,EGR1_HUMAN,KDM1A_HUMAN,MNT_HUMAN,EP400_HUMAN	K562 (myelogenous leukemia),breast tumor tissue,foreskin keratinocyte	1.8126235291235615	0.0	1.3780000000000001	
chr19	54463591	T	A	CTBP1_HUMAN,GMEB1_HUMAN,EP400_HUMAN,SPT5H_HUMAN	A549 (lung carcinoma),K562 (myelogenous leukemia)	1.9864764231042553	0.0	1.594	
chr19	58387596	T	G	EP400_HUMAN	GM12878 (female B-cells),HEK293 (embryonic kidney),K562 (myelogenous leukemia)	0.0	1.8008253411748971		1.761
chr2	20135853	G	A	MAX_HUMAN,MNT_HUMAN,EP400_HUMAN,LMBL2_HUMAN	22RV1 (prostate carcinoma),A549 (lung carcinoma),HCT-116 (colon carcinoma),K562 (myelogenous leukemia)	2.072407025912698	0.0	0.9079999999999999	-0.27899999999999997
chr2	25210497	G	A	EP400_HUMAN	germinal center B-cells,K562 (myelogenous leukemia)	1.328463275895065	0.0	1.453	-1.337
chr2	27629251	A	C	MNT_HUMAN,EMSY_HUMAN,EP400_HUMAN,FOXK2_HUMAN,PHF20_HUMAN,HDAC1_HUMAN,CXXC1_HUMAN	GM12878 (female B-cells),HEK293 (embryonic kidney),HepG2 (hepatoblastoma),K562 (myelogenous leukemia),SEM (childhood B acute lymphoblastic leukemia)	1.8426457566400347	0.0	1.062	-0.17
chr2	36966894	C	T	ESR1_HUMAN,SIN3A_HUMAN,GABPA_HUMAN,KLF1_HUMAN,MNT_HUMAN,ELF1_HUMAN,HCFC1_HUMAN,EP400_HUMAN,ZBT26_HUMAN,NRF1_HUMAN,SMAD5_HUMAN,SP3_HUMAN,SCRT1_HUMAN,MAZ_HUMAN,ZBT17_HUMAN,ZSCA4_HUMAN,KLF8_HUMAN,PATZ1_HUMAN,ZEB2_HUMAN,ATF7_HUMAN,TBX21_HUMAN,ARI1B_HUMAN,SCRT2_HUMAN	MCF7 (Invasive ductal breast carcinoma),HEK293 (embryonic kidney),K562 (myelogenous leukemia),Th1-cells,breast tumor tissue	2.2015754599945185	0.0	1.507	
chr2	62296093	G	A	EP400_HUMAN	K562 (myelogenous leukemia)	1.6899923622499702	0.0	1.564	-1.453
chr2	70244767	A	G	MGAP_HUMAN,EP400_HUMAN,IKZF1_HUMAN,ARI1B_HUMAN	K562 (myelogenous leukemia)	0.0	1.3411460879306278		1.401
chr2	70244782	C	G	EP400_HUMAN,REQU_HUMAN,ARI1B_HUMAN	K562 (myelogenous leukemia)	0.0	2.4715015146429327		1.7380000000000002
chr2	70301469	T	C	MNT_HUMAN,EP400_HUMAN	K562 (myelogenous leukemia)	0.017602929327813925	1.5080993477731883	-0.425	0.985
chr2	100283944	G	A	KDM1A_HUMAN,MNT_HUMAN,NCOR1_HUMAN,MGAP_HUMAN,EP400_HUMAN,MTG16_HUMAN,MTG8R_HUMAN,ARI1B_HUMAN	K562 (myelogenous leukemia),SK-N-SH (neuroblastoma)	0.0	1.3167856378756972	-0.6809999999999999	1.21
chr2	111120650	G	A	AP2A_HUMAN,MAX_HUMAN,MNT_HUMAN,EP400_HUMAN,FOXK2_HUMAN,ATF7_HUMAN	cranial neural crest cells,GM12878 (female B-cells),NCI-H2171 (small cell lung carcinoma),K562 (myelogenous leukemia)	1.9855509618662204	0.0	1.315	
chr2	112667055	G	A	NFIC_HUMAN,GATA1_HUMAN,ZBT40_HUMAN,HDAC2_HUMAN,KDM1A_HUMAN,MNT_HUMAN,PKNX1_HUMAN,CTBP1_HUMAN,NR2C1_HUMAN,NCOR1_HUMAN,ZN592_HUMAN,GMEB1_HUMAN,ATF3_HUMAN,E2F1_HUMAN,HDAC3_HUMAN,CHAP1_HUMAN,EP400_HUMAN,HTF4_HUMAN,IKZF1_HUMAN,NFAC3_HUMAN,ARNT_HUMAN,REQU_HUMAN,FOXM1_HUMAN,P66A_HUMAN,GABP1_HUMAN,RING2_HUMAN,ZEB2_HUMAN,ATF7_HUMAN,ZN316_HUMAN,HDAC1_HUMAN	CD34+ hematopoietic stem cells-derived proerythroblasts,K562 (myelogenous leukemia)	0.0	7.66952926274531		2.363
chr2	175704437	G	C	EP400_HUMAN	K562 (myelogenous leukemia)	2.1575332717295	0.0	1.524	-1.393
chr20	35745016	A	G	EP400_HUMAN	K562 (myelogenous leukemia)	1.4486976064524761	0.0	1.536	-1.311
chr20	49978960	G	A	CTCF_HUMAN,MNT_HUMAN,EP400_HUMAN,LMBL2_HUMAN,RING2_HUMAN	K562 (myelogenous leukemia)	1.3797534796405195	0.0	0.354	0.11900000000000001
chr20	49979115	A	G	MAX_HUMAN,MNT_HUMAN,ZN592_HUMAN,MGAP_HUMAN,EP400_HUMAN,SMCA4_HUMAN,RAD51_HUMAN,LMBL2_HUMAN,STAT1_HUMAN,RING2_HUMAN,MITF_HUMAN,HDAC1_HUMAN,SNAI2_HUMAN	CD14+ monocytes,keratinocytes,DOHH2 (diffuse large B-cell lymphoma),HeLa S3 (cervical adenocarcinoma),HepG2 (hepatoblastoma),epidermal keratinocytes,Ishikawa (endometrial adenocarcinoma),K562 (myelogenous leukemia),NB4 (acute promyelocytic leukemia ),neutrophils	8.857146993493899	0.0	1.339	-0.7170000000000001
chr20	49982693	A	G	AP2A_HUMAN,EGR1_HUMAN,MGAP_HUMAN,EP400_HUMAN,HDAC1_HUMAN	cranial neural crest cells,HepG2 (hepatoblastoma),K562 (myelogenous leukemia),erythroid cells,Peyer's patch	1.819064680864447	0.0	1.294	-1.178
chr20	49982735	A	G	ESR1_HUMAN,AP2A_HUMAN,EGR1_HUMAN,MGAP_HUMAN,EP400_HUMAN,ELF3_HUMAN,ATF7_HUMAN	cranial neural crest cells,GM12878 (female B-cells),HepG2 (hepatoblastoma),K562 (myelogenous leukemia),erythroid cells,pancreas	1.4042690483399844	0.0	1.4180000000000001	-1.925
chr20	49982737	C	G	ESR1_HUMAN,EGR1_HUMAN,MNT_HUMAN,MGAP_HUMAN,EP400_HUMAN,ELF3_HUMAN	HepG2 (hepatoblastoma),K562 (myelogenous leukemia),erythroid cells,pancreas	1.5843912597363636	0.0	1.463	-1.999
chr20	50055705	T	C	EP400_HUMAN,ARI1B_HUMAN,ZN316_HUMAN	K562 (myelogenous leukemia)	1.9080298431072358	0.0	1.6569999999999998	-2.531
chr20	50433830	C	T	NFIC_HUMAN,CTCF_HUMAN,MNT_HUMAN,NCOR1_HUMAN,ZN592_HUMAN,MYBB_HUMAN,MGAP_HUMAN,EP400_HUMAN,SMCA4_HUMAN,IKZF1_HUMAN,LMBL2_HUMAN,MTG16_HUMAN,E4F1_HUMAN,ETV1_HUMAN,HDAC1_HUMAN	K562 (myelogenous leukemia),HCT-116-RAD21-mAC	0.0	11.727852424581815		1.07
chr20	51222167	T	C	CTBP1_HUMAN,ATF3_HUMAN,EP400_HUMAN,IKZF1_HUMAN,ATF4_HUMAN,CEBPA_HUMAN,GABP1_HUMAN,ZEB2_HUMAN,ATF7_HUMAN,SOX6_HUMAN,HDAC1_HUMAN	HepG2 (hepatoblastoma),K562 (myelogenous leukemia)	0.0	1.708248014855158	-2.398	1.6340000000000001
chr20	53162289	G	A	EP400_HUMAN	K562 (myelogenous leukemia)	0.0	1.774175305898437	-1.5019999999999998	1.659
chr20	53503778	A	G	EP400_HUMAN,IKZF1_HUMAN,RING2_HUMAN	K562 (myelogenous leukemia)	1.5321543721620139	0.0	1.479	
chr20	53503779	A	G	EP400_HUMAN,IKZF1_HUMAN	K562 (myelogenous leukemia)	1.5321543721620139	0.0	1.479	
chr20	63552817	C	T	ANDR_HUMAN,NCOR1_HUMAN,EP400_HUMAN,REQU_HUMAN,EGR2_HUMAN	HEK293 (embryonic kidney),K562 (myelogenous leukemia),PC3 (prostate carcinoma)	0.0	2.419121082842048	-0.8320000000000001	1.126
chr21	14758112	T	C	KDM1A_HUMAN,ATF3_HUMAN,EP400_HUMAN	K562 (myelogenous leukemia)	0.0	1.4050798780750184	-0.8170000000000001	1.133
chr21	33931462	C	T	NFIC_HUMAN,CEBPB_HUMAN,KDM1A_HUMAN,MNT_HUMAN,NFRKB_HUMAN,NR2C1_HUMAN,ATF3_HUMAN,EP400_HUMAN,IKZF1_HUMAN,ZSC29_HUMAN,COT1_HUMAN,NRF1_HUMAN,HDAC1_HUMAN	K562 (myelogenous leukemia)	1.3208439029761687	0.0	1.275	-1.196
chr21	39313678	C	T	T2AG_HUMAN,TYY1_HUMAN,HDAC2_HUMAN,ZNF24_HUMAN,CSN2_HUMAN,MGAP_HUMAN,NCOA2_HUMAN,GMEB1_HUMAN,E2F1_HUMAN,ZBT8A_HUMAN,TAF9B_HUMAN,NCOA6_HUMAN,HDAC3_HUMAN,EP400_HUMAN,ARNT_HUMAN,ZBT26_HUMAN,ZN692_HUMAN,ZN629_HUMAN,FEZF1_HUMAN,SP7_HUMAN,PRD10_HUMAN,PRDM6_HUMAN,ZSA5A_HUMAN,ZN623_HUMAN,KLF8_HUMAN,PATZ1_HUMAN,ZN770_HUMAN,ZBT10_HUMAN,MTG8R_HUMAN,TIF1A_HUMAN,HIC1_HUMAN,ZN394_HUMAN	HEK293 (embryonic kidney),K562 (myelogenous leukemia)	0.0	2.439693088668279	-1.149	0.998
chr21	39320056	T	C	T2FA_HUMAN,VEZF1_HUMAN,ZN148_HUMAN,NFE2_HUMAN,KDM1A_HUMAN,P66B_HUMAN,SMCE1_HUMAN,MNT_HUMAN,NCOR1_HUMAN,ZN592_HUMAN,EP400_HUMAN,SMCA4_HUMAN,NF2L1_HUMAN,IKZF1_HUMAN,ARNT_HUMAN,REQU_HUMAN,LEF1_HUMAN,E4F1_HUMAN,ZN316_HUMAN,ZBTB2_HUMAN,TIF1A_HUMAN	K562 (myelogenous leukemia)	0.0	1.5782884286569885	-1.3259999999999998	1.483
chr21	41895969	G	A	KDM1A_HUMAN,CTBP1_HUMAN,ZN592_HUMAN,MGAP_HUMAN,EP400_HUMAN,SOX6_HUMAN,ARI1B_HUMAN	K562 (myelogenous leukemia)	1.4549673480798533	0.02358408536019151	1.01	-0.39
chr21	45555934	C	T	NFIC_HUMAN,CEBPB_HUMAN,CTCF_HUMAN,HDAC2_HUMAN,KDM1A_HUMAN,MNT_HUMAN,ELF1_HUMAN,PKNX1_HUMAN,CTBP1_HUMAN,NR2C1_HUMAN,NCOR1_HUMAN,GMEB1_HUMAN,HDAC3_HUMAN,EP400_HUMAN,SMCA4_HUMAN,ATF2_HUMAN,COT1_HUMAN,ZN639_HUMAN,GABP1_HUMAN,RING2_HUMAN,NRF1_HUMAN,MXI1_HUMAN,PRD10_HUMAN,ERR1_HUMAN,E4F1_HUMAN,MEIS2_HUMAN,NCOA1_HUMAN,SOX6_HUMAN,ZN316_HUMAN,ZBTB2_HUMAN,SPT5H_HUMAN,HDAC1_HUMAN	cranial neural crest cells,K562 (myelogenous leukemia),RWPE1 (prostate epithelial cells),bipolar neuron,ovary,stomach,tibial nerve,neural cell	2.807250261638725	0.0	1.608	-1.8519999999999999
chr21	46296475	C	A	EP300_HUMAN,KAISO_HUMAN,EGR1_HUMAN,EP400_HUMAN,LMBL2_HUMAN,SPT5H_HUMAN	K562 (myelogenous leukemia)	0.0	1.4362890023619412	-1.19	1.145
chr21	46296633	C	G	EGR1_HUMAN,MNT_HUMAN,ELF4_HUMAN,NR2C1_HUMAN,MGAP_HUMAN,EP400_HUMAN,LMBL2_HUMAN,ZN407_HUMAN,HDAC1_HUMAN	K562 (myelogenous leukemia)	0.0	2.415240491368458	-1.296	1.4709999999999999
chr21	46296638	G	A	EGR1_HUMAN,MNT_HUMAN,NR2C1_HUMAN,MGAP_HUMAN,EP400_HUMAN,LMBL2_HUMAN,ZN407_HUMAN	K562 (myelogenous leukemia)	0.0	2.380360646797091	-1.296	1.449
chr21	46296766	A	G	MGAP_HUMAN,EP400_HUMAN,RING2_HUMAN	K562 (myelogenous leukemia)	0.0	2.247919783386384	-1.569	1.445
chr21	46296787	G	T	KDM1A_HUMAN,MGAP_HUMAN,EP400_HUMAN	K562 (myelogenous leukemia)	0.0	1.422384296456375	0.05	1.185
chr22	19171209	A	G	HDAC2_HUMAN,ZNF24_HUMAN,EP400_HUMAN,IKZF1_HUMAN,NRF1_HUMAN,ZN316_HUMAN,HDAC1_HUMAN	GM12878 (female B-cells),HEK293 (embryonic kidney),K562 (myelogenous leukemia)	2.4837558721224604	0.0	1.635	
chr22	19947476	T	C	REST_HUMAN,ATF1_HUMAN,KDM1A_HUMAN,MNT_HUMAN,PKNX1_HUMAN,NR2C1_HUMAN,NCOR1_HUMAN,ZN592_HUMAN,ATF3_HUMAN,EP400_HUMAN,IKZF1_HUMAN,NFAC3_HUMAN,ARNT_HUMAN,REQU_HUMAN,E4F1_HUMAN,ARI1B_HUMAN	HEK293 (embryonic kidney),K562 (myelogenous leukemia)	2.382205634309178	0.0	2.5	
chr22	21938623	C	A	CTCF_HUMAN,TYY1_HUMAN,KDM1A_HUMAN,ZNF24_HUMAN,NFRKB_HUMAN,ELF4_HUMAN,NR2C1_HUMAN,NCOR1_HUMAN,TAF9B_HUMAN,EP400_HUMAN,SMCA4_HUMAN,NFAC3_HUMAN,GABP1_HUMAN,PATZ1_HUMAN,ZEB2_HUMAN,ERR1_HUMAN,ETV1_HUMAN,MEIS2_HUMAN,HDAC1_HUMAN	HEK293 (embryonic kidney),K562 (myelogenous leukemia),erythroid cells,foreskin keratinocyte	6.230500210445756	0.0	0.649	0.214
chr22	22519977	A	G	ZNF24_HUMAN,NR2C1_HUMAN,EP400_HUMAN	K562 (myelogenous leukemia)	1.5999207368185417	0.0	1.712	
chr22	22519994	G	A	HDAC2_HUMAN,KDM1A_HUMAN,CLOCK_HUMAN,NR2C1_HUMAN,NCOR1_HUMAN,EP400_HUMAN	MCF7 (Invasive ductal breast carcinoma),K562 (myelogenous leukemia)	1.4107618919313702	0.0	1.568	
chr4	2375686	C	T	NFIC_HUMAN,KDM1A_HUMAN,EP400_HUMAN,REQU_HUMAN,RING2_HUMAN,CR3L1_HUMAN,ARI1B_HUMAN,HDAC1_HUMAN	K562 (myelogenous leukemia)	1.581672649025658	0.0	1.581	-2.375
chr4	2467656	C	A	EP400_HUMAN	K562 (myelogenous leukemia)	1.399265372310582	0.0	1.482	-1.364
chr4	2934953	T	C	ESR1_HUMAN,CTCF_HUMAN,EP400_HUMAN,STAT1_HUMAN	CD14+ monocytes,K562 (myelogenous leukemia),breast tumor tissue	0.0	2.0733980888877976	-0.226	1.761
chr4	7031944	C	T	EP400_HUMAN,HDAC1_HUMAN	K562 (myelogenous leukemia)	0.0	1.4123352694886246	-2.246	1.669
chr4	17511835	A	G	MNT_HUMAN,EP400_HUMAN,NRF1_HUMAN	K562 (myelogenous leukemia),neural cell	1.8855680833502502	0.0	1.281	-0.503
chr4	26319013	A	C	NFIC_HUMAN,KDM1A_HUMAN,ATF3_HUMAN,EP400_HUMAN,REQU_HUMAN,RING2_HUMAN,ENL_HUMAN,ARI1B_HUMAN	K562 (myelogenous leukemia)	0.0	2.495359829799492	-1.656	1.71
chr4	55729970	G	T	TAL1_HUMAN,COT2_HUMAN,MNT_HUMAN,NCOR1_HUMAN,HDAC3_HUMAN,EP400_HUMAN,COT1_HUMAN,NRF1_HUMAN,ATF7_HUMAN,MTA3_HUMAN,ZN184_HUMAN	K562 (myelogenous leukemia)	1.353746418505291	0.0	0.825	-0.44299999999999995
chr4	99949025	T	C	EP400_HUMAN	LNCaP (prostate carcinoma),MCF7 (Invasive ductal breast carcinoma),GM12878 (female B-cells),K562 (myelogenous leukemia),foreskin keratinocyte	1.514958420472549	0.0	1.659	
chr4	127656228	T	C	EP400_HUMAN	K562 (myelogenous leukemia)	0.0	1.451971743919963		1.4969999999999999
chr4	139189280	C	G	CEBPB_HUMAN,HDAC2_HUMAN,KDM1A_HUMAN,PKNX1_HUMAN,CEBPG_HUMAN,ZN592_HUMAN,MGAP_HUMAN,ATF3_HUMAN,EP400_HUMAN,SMCA4_HUMAN,IKZF1_HUMAN,COT1_HUMAN,REQU_HUMAN,LEF1_HUMAN,CEBPA_HUMAN,STAT1_HUMAN,PRD10_HUMAN,ERR1_HUMAN,ENL_HUMAN,SOX6_HUMAN,ARI1B_HUMAN,HDAC1_HUMAN,BCOR_HUMAN,TIF1A_HUMAN,SPI1_HUMAN	CD14+ monocytes,K562 (myelogenous leukemia),monocyte-derived dendritic cells,periferal blood macrophages	5.50425759587446	0.0	2.005	
chr4	145178495	A	G	EP400_HUMAN	K562 (myelogenous leukemia)	1.346006831854041	0.0	1.4169999999999998	
chr4	186840957	C	T	MNT_HUMAN,NR2C1_HUMAN,EP400_HUMAN	K562 (myelogenous leukemia)	2.4446971900687346	0.0	1.274	-0.843
chr4	190111851	A	G	EP300_HUMAN,ILK_HUMAN,PYGO2_HUMAN,TADBP_HUMAN,ESR1_HUMAN,CTCF_HUMAN,ANDR_HUMAN,FOXA1_HUMAN,JUN_HUMAN,NONO_HUMAN,KLF1_HUMAN,KDM1A_HUMAN,MNT_HUMAN,ZNF24_HUMAN,ELF1_HUMAN,ELF4_HUMAN,NR2C1_HUMAN,NCOR1_HUMAN,RFX1_HUMAN,MGAP_HUMAN,ILF3_HUMAN,TAF9B_HUMAN,HDAC3_HUMAN,EP400_HUMAN,USF2_HUMAN,HTF4_HUMAN,LMBL2_HUMAN,Z354B_HUMAN,RING2_HUMAN,ZN512_HUMAN,ZC11A_HUMAN,TBX3_HUMAN,MTA3_HUMAN,MEIS2_HUMAN,ARI1B_HUMAN,MCM3_HUMAN,TR150_HUMAN,P53_HUMAN,ASCL1_HUMAN	A549 (lung carcinoma),LNCaP (prostate carcinoma),MCF7 (Invasive ductal breast carcinoma),GM12878 (female B-cells),HepG2 (hepatoblastoma),K562 (myelogenous leukemia),spleen,G523NS (glioblastoma),epithelial cell of prostate,RWPE2	0.0	1.406756950595236		0.7090000000000001
chr5	416003	G	A	KDM1A_HUMAN,MNT_HUMAN,ZN592_HUMAN,MGAP_HUMAN,EP400_HUMAN,ZN282_HUMAN,HDAC1_HUMAN	K562 (myelogenous leukemia)	1.6048226290823993	0.0	0.948	-0.941
chr5	27220390	C	T	NFRKB_HUMAN,E2F1_HUMAN,TAF9B_HUMAN,EP400_HUMAN,ENL_HUMAN,ARI1B_HUMAN	K562 (myelogenous leukemia)	1.9095547310096315	0.0	1.5119999999999998	-1.723
chr5	31532771	C	A	MNT_HUMAN,EP400_HUMAN,MXI1_HUMAN,HDAC1_HUMAN	K562 (myelogenous leukemia)	0.0	1.8812860062424555	0.457	0.905
chr5	34524314	G	A	NFIC_HUMAN,KDM1A_HUMAN,NCOR1_HUMAN,ATF3_HUMAN,EP400_HUMAN,SMCA4_HUMAN,HTF4_HUMAN,REQU_HUMAN,MTG16_HUMAN,ARI1B_HUMAN	K562 (myelogenous leukemia)	4.195727095353989	0.0	0.665	
chr5	85663389	G	A	EGR1_HUMAN,KDM1A_HUMAN,MGAP_HUMAN,TAF9B_HUMAN,EP400_HUMAN	K562 (myelogenous leukemia)	2.6616667072900952	0.0	1.422	-0.887
chr5	90208490	G	C	EP400_HUMAN	K562 (myelogenous leukemia)	1.365996930678676	0.0	1.51	-1.2990000000000002
chr5	102671264	C	T	EP400_HUMAN	K562 (myelogenous leukemia)	2.305431193002137	0.0	1.672	
chr5	103120550	C	T	MNT_HUMAN,TAF9B_HUMAN,EP400_HUMAN,GABP1_HUMAN,HDAC1_HUMAN	K562 (myelogenous leukemia)	0.0	8.459440593379384		2.035
chr5	103120600	A	G	KDM1A_HUMAN,MNT_HUMAN,MGAP_HUMAN,EP400_HUMAN,GABP1_HUMAN,E4F1_HUMAN,HDAC1_HUMAN	GM12878 (female B-cells),K562 (myelogenous leukemia)	0.0	1.6461666411860185	-0.757	1.265
chr5	127752845	T	C	NFIC_HUMAN,EGR1_HUMAN,NR2C1_HUMAN,NCOR1_HUMAN,MGAP_HUMAN,TAF9B_HUMAN,EP400_HUMAN,IKZF1_HUMAN,EHMT2_HUMAN,ARI1B_HUMAN	K562 (myelogenous leukemia)	3.334974157176413	0.0	1.8330000000000002	
chr5	127752854	C	T	NCOR1_HUMAN,MGAP_HUMAN,ATF3_HUMAN,EP400_HUMAN,RING2_HUMAN,ARI1B_HUMAN	K562 (myelogenous leukemia)	1.400498183301571	0.0	1.361	-1.254
chr5	134512081	T	G	AP2A_HUMAN,ZN148_HUMAN,HDAC2_HUMAN,KDM1A_HUMAN,NCOR1_HUMAN,ATF3_HUMAN,EP400_HUMAN,NRF1_HUMAN,HDAC1_HUMAN	cranial neural crest cells,K562 (myelogenous leukemia)	1.3028378712717927	0.0	1.062	-0.9790000000000001
chr5	144170653	G	T	ZBT40_HUMAN,GABPA_HUMAN,EGR1_HUMAN,ATF1_HUMAN,NR2C1_HUMAN,E2F1_HUMAN,EMSY_HUMAN,EP400_HUMAN,MTA2_HUMAN,NRF1_HUMAN,ERR1_HUMAN,ZN316_HUMAN,HDAC1_HUMAN,KMT2A_HUMAN	HEK293T (embryonic kidney),HepG2 (hepatoblastoma),K562 (myelogenous leukemia),liver,fetal bone marrow-derived mononuclear cells	0.0	5.152873881218445	-1.2570000000000001	0.9590000000000001
chr5	149357849	C	G	MNT_HUMAN,CTBP1_HUMAN,EP400_HUMAN,FOXK2_HUMAN,NRF1_HUMAN,ATF7_HUMAN,E4F1_HUMAN,ASH1L_HUMAN	K562 (myelogenous leukemia)	1.5032445588276495	0.0	1.094	-0.794
chr5	173867106	T	C	REST_HUMAN,KDM1A_HUMAN,MNT_HUMAN,CTBP1_HUMAN,NCOR1_HUMAN,EP400_HUMAN,IKZF1_HUMAN,RAD51_HUMAN,LMBL2_HUMAN,RING2_HUMAN,NRF1_HUMAN,MITF_HUMAN,PRD10_HUMAN,ATF7_HUMAN,MTA3_HUMAN,ARI1B_HUMAN	K562 (myelogenous leukemia)	6.23198609264422	0.0	2.201	
chr5	173867348	C	T	NFIC_HUMAN,KLF1_HUMAN,HDAC2_HUMAN,KDM1A_HUMAN,ZN592_HUMAN,MGAP_HUMAN,GMEB1_HUMAN,CHAP1_HUMAN,EP400_HUMAN,SMCA4_HUMAN,IKZF1_HUMAN,ARNT_HUMAN,REQU_HUMAN,RING2_HUMAN,MTG16_HUMAN,MEIS2_HUMAN,ARI1B_HUMAN,ZN316_HUMAN,HDAC1_HUMAN,BCOR_HUMAN,TIF1A_HUMAN	K562 (myelogenous leukemia)	1.3208439029761687	0.0	1.571	-2.187
chr5	176185174	G	A	NFIC_HUMAN,KDM1A_HUMAN,MYBB_HUMAN,EP400_HUMAN,FOXK2_HUMAN,COT1_HUMAN,RING2_HUMAN,ATF7_HUMAN,MEIS2_HUMAN,HDAC1_HUMAN	K562 (myelogenous leukemia)	0.0	1.4828778847684156		0.514
chr5	177367190	G	A	EP400_HUMAN,LMBL2_HUMAN	K562 (myelogenous leukemia)	0.0	1.4162060178467326		1.692
chr5	180493995	T	C	HDAC2_HUMAN,KDM1A_HUMAN,MNT_HUMAN,CTBP1_HUMAN,EP400_HUMAN,IKZF1_HUMAN,SPT5H_HUMAN	VCaP (prostate carcinoma),GM12878 (female B-cells),K562 (myelogenous leukemia)	0.0	1.4788665856192065	-1.75	1.386
chr5	181267490	G	A	MNT_HUMAN,NCOR1_HUMAN,MGAP_HUMAN,ATF3_HUMAN,EP400_HUMAN,LMBL2_HUMAN,RING2_HUMAN	K562 (myelogenous leukemia)	3.4570694696376187	0.0	1.444	-1.215
chr5	181280973	T	C	KDM1A_HUMAN,MNT_HUMAN,TAF9B_HUMAN,EP400_HUMAN,SMCA4_HUMAN,IKZF1_HUMAN,ZN184_HUMAN,HDAC1_HUMAN	K562 (myelogenous leukemia)	1.4280621211198936	0.0	1.305	-0.753
chr6	3022195	C	T	EP400_HUMAN,IKZF1_HUMAN	K562 (myelogenous leukemia)	0.0	1.3725538641240695		1.7069999999999999
chr6	3372311	G	A	EP400_HUMAN	K562 (myelogenous leukemia)	1.3170248018470414	0.0	1.504	
chr6	11834319	A	G	ZNF24_HUMAN,EP400_HUMAN	K562 (myelogenous leukemia)	1.3335922050211593	0.06441670179195025	1.218	-0.501
chr6	13924304	T	G	EP400_HUMAN,IKZF1_HUMAN,FOXK2_HUMAN	K562 (myelogenous leukemia)	0.0	1.5511413089839006		1.87
chr6	15018443	G	T	EP400_HUMAN	K562 (myelogenous leukemia)	1.3651164311074335	0.0	1.6059999999999999	
chr6	27502999	T	A	EP400_HUMAN,FOXK2_HUMAN,ZN316_HUMAN	HepG2 (hepatoblastoma),K562 (myelogenous leukemia)	1.3257957171545343	0.0	1.929	
chr6	28742118	T	C	KDM1A_HUMAN,ATF3_HUMAN,EP400_HUMAN,ATF4_HUMAN	K562 (myelogenous leukemia)	0.0	1.8660115624196711		1.814
chr6	28764148	T	C	NFIC_HUMAN,EGR1_HUMAN,HDAC2_HUMAN,KDM1A_HUMAN,MNT_HUMAN,ZNF24_HUMAN,CEBPG_HUMAN,NCOR1_HUMAN,GMEB1_HUMAN,ATF3_HUMAN,TAF9B_HUMAN,EP400_HUMAN,SMCA4_HUMAN,FOXK2_HUMAN,REQU_HUMAN,ATF4_HUMAN,NRF1_HUMAN,PRD10_HUMAN,ATF7_HUMAN,HDAC1_HUMAN,TIF1A_HUMAN	K562 (myelogenous leukemia)	0.0	1.9534659304992328		1.9869999999999999
chr6	29977019	C	T	MGAP_HUMAN,GMEB1_HUMAN,EP400_HUMAN,LMBL2_HUMAN,RING2_HUMAN,NRF1_HUMAN	K562 (myelogenous leukemia)	1.3659944359888951	0.0	1.9780000000000002	
chr6	29977026	C	A	MGAP_HUMAN,GMEB1_HUMAN,EP400_HUMAN,LMBL2_HUMAN,NRF1_HUMAN	K562 (myelogenous leukemia)	1.749631165087162	0.0	2.01	
chr6	29977027	T	G	MGAP_HUMAN,GMEB1_HUMAN,EP400_HUMAN,LMBL2_HUMAN,NRF1_HUMAN	K562 (myelogenous leukemia)	1.5656021591378928	0.0	2.002	
chr6	29977045	A	G	KDM1A_HUMAN,GMEB1_HUMAN,EP400_HUMAN,LMBL2_HUMAN,RING2_HUMAN,NRF1_HUMAN	K562 (myelogenous leukemia)	2.3546098827394486	0.0	1.7480000000000002	
chr6	29977047	G	A	KDM1A_HUMAN,GMEB1_HUMAN,EP400_HUMAN,LMBL2_HUMAN,RING2_HUMAN,NRF1_HUMAN	K562 (myelogenous leukemia)	2.3971746658729907	0.0	1.808	
chr6	29977115	G	C	EZH2_HUMAN,NFIC_HUMAN,CTCF_HUMAN,KDM1A_HUMAN,MNT_HUMAN,GMEB1_HUMAN,EP400_HUMAN,IKZF1_HUMAN,COT1_HUMAN,BCOR_HUMAN	K562 (myelogenous leukemia),bipolar neuron	1.8866284308921082	0.0	1.15	-0.5760000000000001
chr6	30571350	A	G	MAX_HUMAN,HDAC2_HUMAN,CLOCK_HUMAN,NR2C1_HUMAN,EP400_HUMAN,SOX6_HUMAN	MCF7 (Invasive ductal breast carcinoma),K562 (myelogenous leukemia)	0.20288049404569616	2.331893983575163	-0.449	1.659
chr6	30813159	C	T	EP400_HUMAN	K562 (myelogenous leukemia)	1.6964342193104152	0.0	1.703	
chr6	31197017	T	C	RAD21_HUMAN,CTCF_HUMAN,EGR1_HUMAN,REST_HUMAN,MNT_HUMAN,ZNF24_HUMAN,ZN592_HUMAN,TAF9B_HUMAN,EP400_HUMAN,FOXK2_HUMAN,COT1_HUMAN,ENL_HUMAN,HDAC1_HUMAN	GM12878 (female B-cells),K562 (myelogenous leukemia),liver,Th1-cells,gastrocnemius medialis,esophagus muscularis mucosa,adrenal gland	3.282976324328083	0.0	1.5090000000000001	-0.17600000000000002
chr6	31560549	G	C	NFIC_HUMAN,ZN148_HUMAN,EGR1_HUMAN,HDAC2_HUMAN,KDM1A_HUMAN,P66B_HUMAN,MNT_HUMAN,CTBP1_HUMAN,MYB_HUMAN,NCOR1_HUMAN,ATF3_HUMAN,EP400_HUMAN,SMCA4_HUMAN,IKZF1_HUMAN,FOXK2_HUMAN,COT1_HUMAN,REQU_HUMAN,LEF1_HUMAN,GABP1_HUMAN,MTG16_HUMAN,MTG8R_HUMAN,ETV1_HUMAN,ARI1B_HUMAN,HDAC1_HUMAN,TIF1A_HUMAN	GM12878 (female B-cells),K562 (myelogenous leukemia)	0.0	2.630831551373389		2.244
chr6	35726800	C	T	EP400_HUMAN	K562 (myelogenous leukemia)	1.7657652809370026	0.0	1.7209999999999999	
chr6	36821334	G	T	EGR1_HUMAN,KDM1A_HUMAN,NCOR1_HUMAN,ATF3_HUMAN,EP400_HUMAN,IKZF1_HUMAN,LMBL2_HUMAN,MITF_HUMAN,ARI1B_HUMAN	K562 (myelogenous leukemia)	4.493628865314208	0.0	1.839	
chr6	36986886	G	C	EP400_HUMAN	K562 (myelogenous leukemia)	1.4283697466452208	0.0	1.652	
chr6	73654582	C	A	KDM1A_HUMAN,NCOR1_HUMAN,EP400_HUMAN,STAT1_HUMAN	A549 (lung carcinoma),CD14+ monocytes,K562 (myelogenous leukemia)	0.0	2.3701724437252416	-0.9209999999999999	1.421
chr6	82101580	T	C	TAF7_HUMAN,NFRKB_HUMAN,EP400_HUMAN,FOXK2_HUMAN	HEK293 (embryonic kidney),K562 (myelogenous leukemia)	1.3406130232260434	0.0	1.574	-2.241
chr6	88421068	C	T	ZN592_HUMAN,EP400_HUMAN	K562 (myelogenous leukemia)	1.723571556378153	0.0	1.662	-2.388
chr6	118709558	A	T	MNT_HUMAN,NCOR1_HUMAN,EP400_HUMAN,SMCA4_HUMAN,HTF4_HUMAN,IKZF1_HUMAN,REQU_HUMAN,LEF1_HUMAN,NRF1_HUMAN,MTG16_HUMAN,MTG8R_HUMAN,ENL_HUMAN,HDAC1_HUMAN,TIF1A_HUMAN	GM12878 (female B-cells),K562 (myelogenous leukemia)	0.0	2.4986305796517527	0.019	1.449
chr6	129663217	T	A	MNT_HUMAN,EP400_HUMAN,SMCA4_HUMAN,HTF4_HUMAN,COT1_HUMAN,REQU_HUMAN,MEIS2_HUMAN,HDAC1_HUMAN	K562 (myelogenous leukemia)	1.7120218989230789	0.0	1.113	-0.06
chr6	130993614	C	T	TAL1_HUMAN,REST_HUMAN,HDAC2_HUMAN,SMCE1_HUMAN,ELF4_HUMAN,NCOR1_HUMAN,ZN592_HUMAN,ATF3_HUMAN,EP400_HUMAN,SMCA4_HUMAN,HTF4_HUMAN,IKZF1_HUMAN,FOXK2_HUMAN,REQU_HUMAN,ATF4_HUMAN,GABP1_HUMAN,E4F1_HUMAN,ARI1B_HUMAN	K562 (myelogenous leukemia)	2.7099039775516673	0.0	1.185	-0.6779999999999999
chr6	139974009	A	G	NFIC_HUMAN,HDAC2_HUMAN,KDM1A_HUMAN,MNT_HUMAN,PKNX1_HUMAN,ATF3_HUMAN,TAF9B_HUMAN,EP400_HUMAN,HTF4_HUMAN,IKZF1_HUMAN,FOXK2_HUMAN,REQU_HUMAN,MTG16_HUMAN,SOX6_HUMAN,ARI1B_HUMAN,HDAC1_HUMAN,TIF1A_HUMAN	K562 (myelogenous leukemia)	0.0	1.6898136027508757	-1.2409999999999999	1.3980000000000001
chr6	140898305	C	A	NFIC_HUMAN,MNT_HUMAN,NR2C1_HUMAN,EP400_HUMAN,IKZF1_HUMAN,IKZF2_HUMAN,COT1_HUMAN,ENL_HUMAN,ARI1B_HUMAN,HDAC1_HUMAN	GM12878 (female B-cells),HepG2 (hepatoblastoma),K562 (myelogenous leukemia)	0.0	4.220205526355598	-1.88	1.7409999999999999
chr6	140898385	A	G	EP300_HUMAN,NFIC_HUMAN,SP1_HUMAN,MNT_HUMAN,ELF1_HUMAN,NR2C1_HUMAN,EP400_HUMAN,IKZF1_HUMAN,IKZF2_HUMAN,COT1_HUMAN,RING2_HUMAN,HDAC1_HUMAN	GM12878 (female B-cells),HepG2 (hepatoblastoma),K562 (myelogenous leukemia),tibial nerve	0.0	1.9540794833005195	-1.29	1.331
chr6	140898401	A	G	EP300_HUMAN,NFIC_HUMAN,GABPA_HUMAN,SP1_HUMAN,MNT_HUMAN,NR2C1_HUMAN,EP400_HUMAN,IKZF1_HUMAN,IKZF2_HUMAN,RING2_HUMAN,HDAC1_HUMAN	GM12878 (female B-cells),HepG2 (hepatoblastoma),K562 (myelogenous leukemia),tibial nerve	0.0	3.100232874915647	0.034	1.5819999999999999
chr6	151450984	A	G	MNT_HUMAN,TAF9B_HUMAN,EP400_HUMAN,MTG16_HUMAN	K562 (myelogenous leukemia)	2.0365460965859654	0.0	1.1059999999999999	-0.7020000000000001
chr6	155643186	C	T	MNT_HUMAN,ZN592_HUMAN,MGAP_HUMAN,EP400_HUMAN,SMCA4_HUMAN,LMBL2_HUMAN,RING2_HUMAN,MITF_HUMAN,ATF7_HUMAN,E4F1_HUMAN	K562 (myelogenous leukemia)	0.0	2.956409731408218	-0.84	1.308
chr6	167815931	C	G	REST_HUMAN,MNT_HUMAN,MGAP_HUMAN,EP400_HUMAN,IKZF1_HUMAN,RAD51_HUMAN,LMBL2_HUMAN,GABP1_HUMAN,RING2_HUMAN,MITF_HUMAN,MTG8R_HUMAN,HDAC1_HUMAN	K562 (myelogenous leukemia)	3.001723005613309	0.0	1.555	
chr7	605220	A	G	CEBPB_HUMAN,ATF1_HUMAN,HDAC2_HUMAN,KDM1A_HUMAN,ZNF24_HUMAN,TAF9B_HUMAN,EP400_HUMAN,IKZF1_HUMAN,COT1_HUMAN,LMBL2_HUMAN,RING2_HUMAN,SOX6_HUMAN,HDAC1_HUMAN,BCOR_HUMAN	K562 (myelogenous leukemia)	1.5431538614492553	0.0	1.369	-1.1520000000000001
chr7	2070298	C	T	GMEB1_HUMAN,EP400_HUMAN,IKZF1_HUMAN,NRF1_HUMAN	K562 (myelogenous leukemia)	0.0	1.308030019598849		1.466
chr7	22700894	C	G	CEBPG_HUMAN,ZN592_HUMAN,ATF3_HUMAN,EP400_HUMAN,SMCA4_HUMAN,IKZF1_HUMAN,COT1_HUMAN,REQU_HUMAN,LMBL2_HUMAN,ATF4_HUMAN,ATF7_HUMAN,ARI1B_HUMAN,AFF1_HUMAN	K562 (myelogenous leukemia)	1.871401211791767	0.0	1.3730000000000002	-1.209
chr7	25124643	T	G	MNT_HUMAN,EP400_HUMAN	K562 (myelogenous leukemia)	0.10397072740736109	1.4536840773290778	-0.248	1.004
chr7	25744058	A	C	CEBPB_HUMAN,NFRKB_HUMAN,CTBP1_HUMAN,MGAP_HUMAN,TAF9B_HUMAN,EP400_HUMAN,ZN316_HUMAN	K562 (myelogenous leukemia)	3.446960181592576	0.0	1.827	
chr7	32729180	C	T	MNT_HUMAN,MGAP_HUMAN,EP400_HUMAN	K562 (myelogenous leukemia)	0.0	6.523967601411703	-1.38	2.213
chr7	39810332	C	T	GATA1_HUMAN,TAL1_HUMAN,REST_HUMAN,HDAC2_HUMAN,SMCE1_HUMAN,MNT_HUMAN,ZNF24_HUMAN,ELF4_HUMAN,CTBP1_HUMAN,NCOR1_HUMAN,MGAP_HUMAN,NCOA2_HUMAN,EP400_HUMAN,SMCA4_HUMAN,HTF4_HUMAN,IKZF1_HUMAN,FOXK2_HUMAN,MTA2_HUMAN,REQU_HUMAN,LMBL2_HUMAN,ZEB2_HUMAN,MTG16_HUMAN,MTG8R_HUMAN,ENL_HUMAN,ETV1_HUMAN,MEIS2_HUMAN,ARI1B_HUMAN,ZN184_HUMAN,HDAC1_HUMAN	CD34+ hematopoietic stem cells-derived proerythroblasts,K562 (myelogenous leukemia)	1.7798133137052625	0.0	0.879	-0.153
chr7	56005148	C	T	EP400_HUMAN	K562 (myelogenous leukemia)	1.7471893015680686	0.0	1.538	
chr7	64313980	G	T	EP400_HUMAN	T47D (invasive ductal carcinoma),K562 (myelogenous leukemia)	0.0	1.5256483320613443	-1.112	0.9670000000000001
chr7	64562993	T	C	NFIC_HUMAN,KDM1A_HUMAN,MNT_HUMAN,NCOR1_HUMAN,MGAP_HUMAN,EP400_HUMAN,GABP1_HUMAN,NRF1_HUMAN,E4F1_HUMAN,ZN184_HUMAN,SPT5H_HUMAN,HDAC1_HUMAN	A549 (lung carcinoma),K562 (myelogenous leukemia)	0.0	1.658422541038696	-1.125	0.985
chr7	64891648	G	T	HDAC2_HUMAN,NCOR1_HUMAN,EP400_HUMAN,SMCA4_HUMAN,REQU_HUMAN,MTG16_HUMAN,MTG8R_HUMAN,MEIS2_HUMAN,SOX6_HUMAN,ARI1B_HUMAN,HDAC1_HUMAN,TIF1A_HUMAN	K562 (myelogenous leukemia)	1.6029864397322982	0.0	0.992	-0.8420000000000001
chr7	65145857	A	G	CEBPB_HUMAN,HDAC2_HUMAN,KDM1A_HUMAN,SMCA5_HUMAN,ZNF24_HUMAN,CEBPG_HUMAN,ATF3_HUMAN,EP400_HUMAN,ATF2_HUMAN,ZN512_HUMAN,ZFP91_HUMAN,ARI1B_HUMAN,BCOR_HUMAN,TIF1A_HUMAN,TR150_HUMAN	K562 (myelogenous leukemia)	5.578525627727279	0.0	1.666	
chr7	65269583	G	C	ZFX_HUMAN,KDM1A_HUMAN,MNT_HUMAN,CTBP1_HUMAN,EP400_HUMAN,IKZF1_HUMAN,LMBL2_HUMAN,NRF1_HUMAN,MTA3_HUMAN,SPT5H_HUMAN,HDAC1_HUMAN	HCT-116 (colon carcinoma),K562 (myelogenous leukemia)	2.05406863258405	0.0	1.055	-1.089
chr7	67019593	G	A	KDM1A_HUMAN,ZN592_HUMAN,MGAP_HUMAN,ATF3_HUMAN,TAF9B_HUMAN,EP400_HUMAN,RING2_HUMAN,ARI1B_HUMAN,TR150_HUMAN	K562 (myelogenous leukemia)	1.3333463776998262	0.0	1.033	-0.737
chr7	75485949	G	A	EP400_HUMAN,NRF1_HUMAN	K562 (myelogenous leukemia)	1.8706088956315206	0.0	1.4380000000000002	-1.463
chr7	76728900	G	T	HDAC2_HUMAN,MNT_HUMAN,NR2C1_HUMAN,GMEB1_HUMAN,TAF9B_HUMAN,EP400_HUMAN,FOXK2_HUMAN,ARI1B_HUMAN,HDAC1_HUMAN	K562 (myelogenous leukemia)	1.8508853410830282	0.0	1.0590000000000002	
chr7	101321863	C	T	RFOX2_HUMAN,VEZF1_HUMAN,GABPA_HUMAN,MNT_HUMAN,TAF9B_HUMAN,EMSY_HUMAN,EP400_HUMAN,LMBL2_HUMAN,GABP1_HUMAN,NRF1_HUMAN,RB_HUMAN,E4F1_HUMAN,SPT5H_HUMAN,HDAC1_HUMAN,KDM5B_HUMAN	HEK293 (embryonic kidney),K562 (myelogenous leukemia)	1.8076495417908909	0.0	1.453	-1.337
chr7	101322040	T	C	MNT_HUMAN,GMEB1_HUMAN,TAF9B_HUMAN,EMSY_HUMAN,EP400_HUMAN,LMBL2_HUMAN,ZN335_HUMAN,PHF20_HUMAN,ARI1B_HUMAN,SPT5H_HUMAN,HDAC1_HUMAN	MCF7 (Invasive ductal breast carcinoma),LNCaP C4-2B (prostate carcinoma),HCT-116 (colon carcinoma),HEK293 (embryonic kidney),K562 (myelogenous leukemia)	2.297605825485352	0.0	0.9279999999999999	0.033
chr7	102975165	C	A	RAD21_HUMAN,CTCF_HUMAN,VEZF1_HUMAN,EP400_HUMAN	K562 (myelogenous leukemia)	1.5354194589628014	0.0	0.937	-0.648
chr7	105521846	C	G	MNT_HUMAN,EP400_HUMAN,RING2_HUMAN,NRF1_HUMAN,MTA3_HUMAN	K562 (myelogenous leukemia)	0.0	3.4744458050800278	-1.8090000000000002	1.36
chr7	105521863	T	C	MNT_HUMAN,EP400_HUMAN,BHE40_HUMAN,MTA3_HUMAN,CTCFL_HUMAN	GM12878 (female B-cells),K562 (myelogenous leukemia)	2.3041154257551932	0.0	1.135	-0.022000000000000002
chr7	105521889	A	G	REST_HUMAN,MNT_HUMAN,EP400_HUMAN,BHE40_HUMAN,HDAC1_HUMAN	GM12878 (female B-cells),K562 (myelogenous leukemia)	1.6191718857674546	0.0	1.354	
chr7	121075565	T	C	KDM1A_HUMAN,PKNX1_HUMAN,ATF3_HUMAN,EP400_HUMAN,SMCA4_HUMAN,ATF4_HUMAN,MEIS2_HUMAN,ZN184_HUMAN,TIF1A_HUMAN	K562 (myelogenous leukemia)	1.5546067837292632	0.0	1.072	-1.19
chr7	121075684	G	C	CEBPB_HUMAN,HDAC2_HUMAN,KDM1A_HUMAN,MNT_HUMAN,PKNX1_HUMAN,NR2C1_HUMAN,ATF3_HUMAN,EP400_HUMAN,SMCA4_HUMAN,COT1_HUMAN,MITF_HUMAN,ARI1B_HUMAN,HDAC1_HUMAN,TIF1A_HUMAN	K562 (myelogenous leukemia)	2.264308013968046	0.0	1.48	-1.7690000000000001
chr7	121075767	G	A	HDAC2_HUMAN,KDM1A_HUMAN,PKNX1_HUMAN,ATF3_HUMAN,EP400_HUMAN,SMCA4_HUMAN,COT1_HUMAN,REQU_HUMAN,ARI1B_HUMAN,HDAC1_HUMAN,TIF1A_HUMAN	K562 (myelogenous leukemia)	1.3022628494414035	0.0	1.101	-0.198
chr7	121075773	G	T	HDAC2_HUMAN,PKNX1_HUMAN,NR2C1_HUMAN,ATF3_HUMAN,EP400_HUMAN,SMCA4_HUMAN,COT1_HUMAN,REQU_HUMAN,ARI1B_HUMAN,HDAC1_HUMAN,TIF1A_HUMAN,AFF1_HUMAN	K562 (myelogenous leukemia)	1.3022628494414035	0.0	1.168	0.027999999999999997
chr7	123527922	C	T	EGR1_HUMAN,MNT_HUMAN,NCOR1_HUMAN,MGAP_HUMAN,TAF9B_HUMAN,EP400_HUMAN,SMCA4_HUMAN,FOXK2_HUMAN,COT1_HUMAN,NRF1_HUMAN	K562 (myelogenous leukemia)	3.526538045752561	0.0	1.347	-1.29
chr7	128474414	T	G	CTCF_HUMAN,REST_HUMAN,EP400_HUMAN	K562 (myelogenous leukemia),pancreas,IPSC-derived bipolar neuron,tibial artery,Peyer's patch,bipolar neuron,esophagus squamous epithelium,thoracic aorta,transverse colon,esophagus muscularis mucosa,adrenal gland,prostate gland,upper lobe of left lung,GM23338	51.500740858462336	0.0	1.7009999999999998	-0.75
chr7	134646007	G	T	EGR1_HUMAN,EP400_HUMAN,ARI1B_HUMAN	HEK293 (embryonic kidney),K562 (myelogenous leukemia)	1.7900971409656616	0.0	0.818	-0.336
chr7	145785175	C	A	ATF1_HUMAN,HDAC2_HUMAN,KDM1A_HUMAN,MNT_HUMAN,EP400_HUMAN,E4F1_HUMAN,ENL_HUMAN,HDAC1_HUMAN,AFF1_HUMAN	K562 (myelogenous leukemia)	0.0	1.3488249199192845	-1.5230000000000001	1.3730000000000002
chr7	149787502	T	C	MNT_HUMAN,MGAP_HUMAN,GMEB1_HUMAN,EP400_HUMAN,SMCA4_HUMAN	K562 (myelogenous leukemia)	0.0	1.848493657911824	-0.7709999999999999	0.912
chr7	149787710	C	T	NFIC_HUMAN,CTCF_HUMAN,ATF1_HUMAN,HDAC2_HUMAN,KDM1A_HUMAN,P66B_HUMAN,MNT_HUMAN,CTBP1_HUMAN,NCOR1_HUMAN,ZN592_HUMAN,GMEB1_HUMAN,ATF3_HUMAN,ILF3_HUMAN,TAF9B_HUMAN,CHAP1_HUMAN,EP400_HUMAN,SMCA4_HUMAN,IKZF1_HUMAN,SKIL_HUMAN,REQU_HUMAN,P66A_HUMAN,RING2_HUMAN,RB_HUMAN,ATF7_HUMAN,MTA3_HUMAN,ARI1B_HUMAN,ZN316_HUMAN,HDAC1_HUMAN,BCOR_HUMAN	HCT-116 (colon carcinoma),K562 (myelogenous leukemia),upper lobe of left lung	2.5402690613021153	0.0	1.3980000000000001	-1.605
chr7	149787803	A	G	NFIC_HUMAN,REST_HUMAN,HDAC2_HUMAN,MNT_HUMAN,ZNF24_HUMAN,CTBP1_HUMAN,GMEB1_HUMAN,EP400_HUMAN,SMCA4_HUMAN,LMBL2_HUMAN,RING2_HUMAN,ERR1_HUMAN,ATF7_HUMAN,MTA3_HUMAN,ZN316_HUMAN,HDAC1_HUMAN	K562 (myelogenous leukemia)	0.0	4.4182063738139306	-2.151	1.893
chr7	151027237	T	C	PYGO2_HUMAN,CEBPB_HUMAN,MNT_HUMAN,ZNF24_HUMAN,IRF1_HUMAN,PKNX1_HUMAN,NR2C1_HUMAN,ZN592_HUMAN,MGAP_HUMAN,EP400_HUMAN,ZN318_HUMAN,NFAC3_HUMAN,REQU_HUMAN,LMBL2_HUMAN,GABP1_HUMAN,ATF7_HUMAN,ENL_HUMAN,MEIS2_HUMAN,ZN316_HUMAN,AFF1_HUMAN	K562 (myelogenous leukemia)	1.4318954218219553	0.0	1.237	-1.0070000000000001
chr7	151027324	A	C	T2FA_HUMAN,TAL1_HUMAN,EGR1_HUMAN,REST_HUMAN,HDAC2_HUMAN,KDM1A_HUMAN,MNT_HUMAN,ZNF24_HUMAN,NFRKB_HUMAN,ZN740_HUMAN,PKNX1_HUMAN,NR2C1_HUMAN,NCOR1_HUMAN,ZN592_HUMAN,RFX1_HUMAN,MGAP_HUMAN,NCOA2_HUMAN,GMEB1_HUMAN,ATF3_HUMAN,HDAC3_HUMAN,EP400_HUMAN,SMCA4_HUMAN,IKZF1_HUMAN,FOXK2_HUMAN,MTA2_HUMAN,NFAC3_HUMAN,ARNT_HUMAN,REQU_HUMAN,LEF1_HUMAN,LMBL2_HUMAN,HDGF_HUMAN,P66A_HUMAN,GABP1_HUMAN,NRF1_HUMAN,ERR1_HUMAN,DACH1_HUMAN,ATF7_HUMAN,E4F1_HUMAN,ENL_HUMAN,HES1_HUMAN,TF65_HUMAN,MTA3_HUMAN,MEIS2_HUMAN,NCOA1_HUMAN,ARI1B_HUMAN,ZN316_HUMAN,ZBTB2_HUMAN,ZN184_HUMAN,BRD9_HUMAN,HDAC1_HUMAN,AFF1_HUMAN	K562 (myelogenous leukemia)	1.5346222221893742	0.0	1.59	-1.879
chr7	151404458	T	C	EGR1_HUMAN,MNT_HUMAN,NCOR1_HUMAN,ZN592_HUMAN,MGAP_HUMAN,EMSY_HUMAN,EP400_HUMAN,SMCA4_HUMAN,REQU_HUMAN,LEF1_HUMAN,RING2_HUMAN,MTG16_HUMAN,HDAC1_HUMAN,TIF1A_HUMAN	K562 (myelogenous leukemia)	0.0	1.8824655301040958	-0.345	0.9590000000000001
chr7	153414013	C	T	EGR1_HUMAN,MNT_HUMAN,NFRKB_HUMAN,ELF4_HUMAN,NCOR1_HUMAN,ZN592_HUMAN,GMEB1_HUMAN,E2F1_HUMAN,EMSY_HUMAN,EP400_HUMAN,GABP1_HUMAN,E2F7_HUMAN,E4F1_HUMAN,MTA3_HUMAN,ZN316_HUMAN,TIF1A_HUMAN	K562 (myelogenous leukemia)	1.3920752722552396	0.0	0.865	-0.526
chr7	156638860	T	C	KDM1A_HUMAN,ILF3_HUMAN,EP400_HUMAN,GABP1_HUMAN,RING2_HUMAN,ARI1B_HUMAN	K562 (myelogenous leukemia)	0.0	2.0022117478897155		1.3359999999999999
chr7	156640261	G	A	RFOX2_HUMAN,ZFX_HUMAN,KAISO_HUMAN,EGR1_HUMAN,HDAC2_HUMAN,MNT_HUMAN,NCOR1_HUMAN,ZN592_HUMAN,MGAP_HUMAN,NCOA6_HUMAN,EP400_HUMAN,SMCA4_HUMAN,IKZF1_HUMAN,ZSC29_HUMAN,SKIL_HUMAN,ZN639_HUMAN,GABP1_HUMAN,RING2_HUMAN,NRF1_HUMAN,ZEB2_HUMAN,CR3L1_HUMAN,ARI1B_HUMAN,ZN316_HUMAN,SPT5H_HUMAN,HDAC1_HUMAN	MCF7 (Invasive ductal breast carcinoma),MCF-7 C4-12 (invasive breast ductal carcinoma),K562 (myelogenous leukemia)	0.0	2.0518469164403936		1.828
chr7	159015725	C	T	ESR1_HUMAN,COT2_HUMAN,CREB1_HUMAN,MNT_HUMAN,ZN592_HUMAN,MGAP_HUMAN,EP400_HUMAN,RING2_HUMAN,NCOA3_HUMAN	MCF7 (Invasive ductal breast carcinoma),K562 (myelogenous leukemia),breast tumor tissue	25.417266913639196	0.0	1.3630000000000002	-0.512
chr8	28888031	A	G	EP400_HUMAN,IKZF1_HUMAN	K562 (myelogenous leukemia)	0.0	1.588007265089855	-2.367	1.6740000000000002
chr8	41798930	G	T	EP400_HUMAN	K562 (myelogenous leukemia)	2.6331551023238497	0.0	1.83	
chr8	42543159	T	A	MNT_HUMAN,EP400_HUMAN,SNAI2_HUMAN	BEAS-2B (bronchial epithelium),keratinocytes,HepG2 (hepatoblastoma),K562 (myelogenous leukemia)	1.3324228522215755	0.013213675457790525	0.852	-0.266
chr8	55847758	C	G	TAL1_HUMAN,MNT_HUMAN,CEBPG_HUMAN,NR2C1_HUMAN,NCOR1_HUMAN,ATF3_HUMAN,EP400_HUMAN,HTF4_HUMAN,ATF2_HUMAN,ATF7_HUMAN	K562 (myelogenous leukemia)	0.0	1.8974452437079425	-1.2919999999999998	1.453
chr8	61085900	T	G	EP400_HUMAN,RING2_HUMAN	K562 (myelogenous leukemia)	1.4178816333186681	0.0	1.557	-1.256
chr8	95094338	T	C	KDM1A_HUMAN,EP400_HUMAN,IKZF1_HUMAN,ARI1B_HUMAN,ZN316_HUMAN,HDAC1_HUMAN	K562 (myelogenous leukemia)	0.0	1.3288497893534974	-0.8190000000000001	1.12
chr8	123417155	A	G	CTCF_HUMAN,EGR1_HUMAN,REST_HUMAN,MNT_HUMAN,ATF3_HUMAN,EP400_HUMAN,LMBL2_HUMAN,NRF1_HUMAN,ERR1_HUMAN,E4F1_HUMAN,SPT5H_HUMAN,HDAC1_HUMAN	GM12878 (female B-cells),HEK293 (embryonic kidney),K562 (myelogenous leukemia),transverse colon	0.0	5.498970926004599	0.35100000000000003	0.618
chr8	123922318	T	C	NFIC_HUMAN,GATA1_HUMAN,TAL1_HUMAN,CEBPB_HUMAN,VEZF1_HUMAN,ID3_HUMAN,KAISO_HUMAN,GABPA_HUMAN,EGR1_HUMAN,NFE2_HUMAN,ATF1_HUMAN,FOSL1_HUMAN,MAFG_HUMAN,HDAC2_HUMAN,KDM1A_HUMAN,SMCE1_HUMAN,MNT_HUMAN,ZNF24_HUMAN,CLOCK_HUMAN,PKNX1_HUMAN,ELF4_HUMAN,CEBPG_HUMAN,NR2C1_HUMAN,NCOR1_HUMAN,ZN592_HUMAN,GMEB1_HUMAN,ATF3_HUMAN,TAF9B_HUMAN,HDAC3_HUMAN,EMSY_HUMAN,EP400_HUMAN,ZN318_HUMAN,SMCA4_HUMAN,PBX2_HUMAN,HTF4_HUMAN,BHE40_HUMAN,IKZF1_HUMAN,FOXK2_HUMAN,MTA2_HUMAN,NFAC3_HUMAN,ARNT_HUMAN,REQU_HUMAN,LEF1_HUMAN,FOXM1_HUMAN,LMBL2_HUMAN,ATF4_HUMAN,KLF16_HUMAN,RING2_HUMAN,MITF_HUMAN,MYNN_HUMAN,DACH1_HUMAN,ATF7_HUMAN,E4F1_HUMAN,ENL_HUMAN,MTA3_HUMAN,ETV1_HUMAN,MEIS2_HUMAN,NCOA1_HUMAN,SOX6_HUMAN,ARI1B_HUMAN,ZN316_HUMAN,C2D1A_HUMAN,HDAC1_HUMAN,BCOR_HUMAN,TIF1A_HUMAN,AFF1_HUMAN,SNAI2_HUMAN,TEAD4_HUMAN,NR1H3_HUMAN	A549 (lung carcinoma),MCF7 (Invasive ductal breast carcinoma),CD34+ hematopoietic stem cells-derived proerythroblasts,keratinocytes,HT29 (colon adenocarcinoma),pancreas	11.92616340004395	0.0	0.718	
chr8	126805215	C	G	MNT_HUMAN,TAF9B_HUMAN,EP400_HUMAN,ARI1B_HUMAN	K562 (myelogenous leukemia)	1.4442051175310582	0.0	1.127	-0.81
chr8	142638630	C	G	NFIC_HUMAN,ZBT40_HUMAN,MAX_HUMAN,KDM1A_HUMAN,MNT_HUMAN,GMEB1_HUMAN,EP400_HUMAN,GABP1_HUMAN,NR2C2_HUMAN,ETV1_HUMAN	K562 (myelogenous leukemia)	1.6900351900074586	0.0	1.538	-1.426
chr8	143609342	G	C	RFOX2_HUMAN,MNT_HUMAN,EP400_HUMAN,NRF1_HUMAN	K562 (myelogenous leukemia)	1.4825855692946321	0.0	1.485	-2.1519999999999997
chr9	131125431	A	G	TAL1_HUMAN,CTCF_HUMAN,ATF1_HUMAN,MNT_HUMAN,CLOCK_HUMAN,NCOR1_HUMAN,MGAP_HUMAN,BRCA1_HUMAN,EP400_HUMAN,IKZF1_HUMAN,ARNT_HUMAN,REQU_HUMAN,ZN639_HUMAN,GABP1_HUMAN,STAT1_HUMAN,PHF8_HUMAN,NRF1_HUMAN,NCOA1_HUMAN,CDC5L_HUMAN,C2D1A_HUMAN,TIF1A_HUMAN,AFF1_HUMAN,KDM5B_HUMAN	LNCaP (prostate carcinoma),VCaP (prostate carcinoma),MCF7 (Invasive ductal breast carcinoma),CD14+ monocytes,GM12878 (female B-cells),K562 (myelogenous leukemia),SUM159PT (pleiomorphic breast carcinoma)	1.4453631299309857	0.0	1.6740000000000002	
