Chromosome	Position	Ref	Alt	ASB in transcription factors	ASB in cell types	FEZF1_HUMAN_FDR_Ref	FEZF1_HUMAN_FDR_Alt	FEZF1_HUMAN_Effect_Size_Ref	FEZF1_HUMAN_Effect_Size_Alt
chr1	16613699	G	A	EP300_HUMAN,EZH2_HUMAN,RFOX2_HUMAN,PYGO2_HUMAN,TAF7_HUMAN,DDX20_HUMAN,HDAC8_HUMAN,GRHL2_HUMAN,ESR1_HUMAN,TAL1_HUMAN,CEBPB_HUMAN,CTCF_HUMAN,AP2A_HUMAN,FOXA1_HUMAN,GCR_HUMAN,ZBT7A_HUMAN,SIN3A_HUMAN,ZFX_HUMAN,JUN_HUMAN,ZBT40_HUMAN,VEZF1_HUMAN,NONO_HUMAN,JUNB_HUMAN,TYY1_HUMAN,MAX_HUMAN,EGR1_HUMAN,SP1_HUMAN,BCL3_HUMAN,NR4A1_HUMAN,KLF1_HUMAN,KLF13_HUMAN,CREB1_HUMAN,SUZ12_HUMAN,CBX3_HUMAN,ZN579_HUMAN,SMCE1_HUMAN,MNT_HUMAN,ZNF24_HUMAN,ELF1_HUMAN,ZN574_HUMAN,IRF1_HUMAN,ZN740_HUMAN,SOX13_HUMAN,PKNX1_HUMAN,ELF4_HUMAN,CTBP1_HUMAN,MYB_HUMAN,NR2C1_HUMAN,RFX1_HUMAN,MGAP_HUMAN,NCOA2_HUMAN,EMSY_HUMAN,SMCA4_HUMAN,MEF2D_HUMAN,IKZF1_HUMAN,ZN687_HUMAN,MTA2_HUMAN,NFAC3_HUMAN,ARNT_HUMAN,REQU_HUMAN,TFDP1_HUMAN,CREB3_HUMAN,FOXM1_HUMAN,ZN639_HUMAN,ZBT11_HUMAN,Z354B_HUMAN,ZBT26_HUMAN,KLF11_HUMAN,KLF16_HUMAN,FOXP1_HUMAN,ERF_HUMAN,RING2_HUMAN,HINFP_HUMAN,NRF1_HUMAN,SRBP1_HUMAN,GLIS1_HUMAN,GLI2_HUMAN,ZN600_HUMAN,FEZF1_HUMAN,SP7_HUMAN,BC11B_HUMAN,ZN341_HUMAN,WT1_HUMAN,SP2_HUMAN,OSR2_HUMAN,KLF8_HUMAN,ZN770_HUMAN,ZN843_HUMAN,ZN555_HUMAN,ERR1_HUMAN,ZFP91_HUMAN,ENL_HUMAN,NFIB_HUMAN,TF65_HUMAN,MTA1_HUMAN,CHD1_HUMAN,MEIS2_HUMAN,NCOA1_HUMAN,CR3L1_HUMAN,CDC5L_HUMAN,ZN184_HUMAN,MCM7_HUMAN,HDAC1_HUMAN,AFF1_HUMAN,ZN398_HUMAN,KMT2A_HUMAN,TF7L1_HUMAN,KDM5B_HUMAN	HEK293T (embryonic kidney),A549 (lung carcinoma),VCaP (prostate carcinoma),MCF7 (Invasive ductal breast carcinoma),MCF-7 C4-12 (invasive breast ductal carcinoma),cranial neural crest cells,GM12878 (female B-cells),NCI-H2171 (small cell lung carcinoma),HCT-116 (colon carcinoma),HEK293 (embryonic kidney),HepG2 (hepatoblastoma),hMADS-3 (adipose-derived stem cells),Jurkat (T-cells),K562 (myelogenous leukemia),SEM (childhood B acute lymphoblastic leukemia),MDA-MB-453 (breast adenocarcinoma),spleen,liver,erythroblasts,pancreas,226LDM (normal breast luminal cells),RCH-ACV (B acute lymphoblastic leukemia with t(1;19)(q23;p13.3) E2A-PBX1 (TCF3-PBX1)),RH4 (alveolar rhabdomyosarcoma),breast tumor xenograft,suprapubic skin,heart left ventricle,gastrocnemius medialis,ovary,gastroesophageal sphincter,uterus,thyroid gland,adrenal gland,prostate gland,tibial nerve,upper lobe of left lung	0.0	3.639063928502179	-0.18899999999999997	0.982
chr1	16614581	G	A	CTCF_HUMAN,ZIC2_HUMAN,PRDM1_HUMAN,TYY1_HUMAN,ZN174_HUMAN,KLF9_HUMAN,ZN692_HUMAN,ZN600_HUMAN,ZN629_HUMAN,FEZF1_HUMAN,WT1_HUMAN,ZF69B_HUMAN,ZN623_HUMAN,ZN555_HUMAN,BCL6B_HUMAN,PRDM2_HUMAN,ZFP37_HUMAN,SCRT2_HUMAN,ZN366_HUMAN,ZN189_HUMAN,PRDM9_HUMAN	HEK293T (embryonic kidney),VCaP (prostate carcinoma),HEK293 (embryonic kidney)	3.5918996512469663	0.0	1.7109999999999999	-2.6860000000000004
chr1	16727263	C	T	ZBT26_HUMAN,FEZF1_HUMAN,GLIS2_HUMAN,KLF8_HUMAN,ZN394_HUMAN	HEK293T (embryonic kidney),HEK293 (embryonic kidney)	0.0	2.126662630208996	-2.388	1.695
chr1	16727269	C	A	CTCF_HUMAN,PRDM1_HUMAN,TYY1_HUMAN,KLF9_HUMAN,ZN580_HUMAN,SRBP2_HUMAN,ZN629_HUMAN,FEZF1_HUMAN,PRD10_HUMAN,ZN664_HUMAN,KLF8_HUMAN,ZEB2_HUMAN,ZNF34_HUMAN,SCRT2_HUMAN,ZN366_HUMAN,PRDM9_HUMAN	HEK293T (embryonic kidney),A549 (lung carcinoma),MCF7 (Invasive ductal breast carcinoma),HEK293 (embryonic kidney),HeLa S3 (cervical adenocarcinoma),K562 (myelogenous leukemia)	1.7474915417837977	0.0	1.018	
chr1	16727384	T	C	CTCF_HUMAN,ZBT7A_HUMAN,BC11A_HUMAN,ZN148_HUMAN,ZEB1_HUMAN,PKNX1_HUMAN,ZBT8A_HUMAN,ZBT26_HUMAN,KLF16_HUMAN,ZN692_HUMAN,GLIS1_HUMAN,ZSC16_HUMAN,PRDM4_HUMAN,ZN600_HUMAN,ZN629_HUMAN,FEZF1_HUMAN,BC11B_HUMAN,ZN524_HUMAN,ZFHX2_HUMAN,ZSA5C_HUMAN,WT1_HUMAN,ZF69B_HUMAN,ZNF2_HUMAN,ZN664_HUMAN,ZBT20_HUMAN,SP2_HUMAN,ZN335_HUMAN,ZNF18_HUMAN,GLIS2_HUMAN,ZN132_HUMAN,KLF8_HUMAN,ZEB2_HUMAN,ZN626_HUMAN,ZBT12_HUMAN,ZN449_HUMAN,ZN770_HUMAN,ZN426_HUMAN,ZNF34_HUMAN,ZN555_HUMAN,ZN398_HUMAN,HIC1_HUMAN,ZN776_HUMAN,SCRT2_HUMAN,ZN366_HUMAN	HEK293T (embryonic kidney),HEK293 (embryonic kidney)	0.0	3.116609670892271	-0.904	1.49
chr1	16904867	C	T	EP300_HUMAN,CTCF_HUMAN,ZIC2_HUMAN,GABPA_HUMAN,SP1_HUMAN,KLF1_HUMAN,PKNX1_HUMAN,ZN639_HUMAN,ZBT11_HUMAN,SP3_HUMAN,GLIS1_HUMAN,ZN629_HUMAN,FEZF1_HUMAN,ZN341_HUMAN,ZFHX2_HUMAN,WT1_HUMAN,ZBT17_HUMAN,SP2_HUMAN,GLIS2_HUMAN,ZBT10_HUMAN,ZN398_HUMAN,ZFP37_HUMAN,ZN394_HUMAN,SPI1_HUMAN	HEK293T (embryonic kidney),VCaP (prostate carcinoma),HCT-116 (colon carcinoma),HEK293 (embryonic kidney),periferal blood macrophages,R3/R4 erythroid cells,liver,ovary,transverse colon,esophagus muscularis mucosa,prostate gland,tibial nerve	9.45572229265619	0.02271552336530478	0.7909999999999999	0.12
chr1	16905197	G	A	RAD21_HUMAN,RXRA_HUMAN,GATA1_HUMAN,AP2A_HUMAN,FOXA1_HUMAN,TYY1_HUMAN,HNF4A_HUMAN,SP1_HUMAN,FOXA2_HUMAN,NFE2_HUMAN,ELF4_HUMAN,ZN384_HUMAN,MYB_HUMAN,SRF_HUMAN,FEZF1_HUMAN,ZXDB_HUMAN,ZBT17_HUMAN,SP2_HUMAN,ZNF76_HUMAN,ZN189_HUMAN,PRDM9_HUMAN,ERG_HUMAN,FLI1_HUMAN	HEK293T (embryonic kidney),786-O (renal carcinoma),LNCaP (prostate carcinoma),CD34+ bone marrow cell-derived erythroid progenitors,HCT-116 (colon carcinoma),HEK293 (embryonic kidney),HT29 (colon adenocarcinoma),Jurkat (T-cells),LoVo (colorectal adenocarcinoma),MDA-MB-453 (breast adenocarcinoma),SK-N-SH (neuroblastoma),P493-6 (B-cell lymphoma),R3/R4 erythroid cells,SKNO-1 (acute myeloid leukemia),liver,Peyer's patch,thoracic aorta,tibial nerve	0.0	1.9390994263143642	0.038	1.004
chr1	17233161	G	C	FEZF1_HUMAN,NR1H3_HUMAN	HCT-116 (colon carcinoma),HEK293 (embryonic kidney),HT29 (colon adenocarcinoma)	1.7452554564857627	0.0	1.575	
chr1	17233181	G	A	PPARG_HUMAN,FEZF1_HUMAN,NR1H3_HUMAN	HCT-116 (colon carcinoma),HEK293 (embryonic kidney),HT29 (colon adenocarcinoma)	1.372449166989835	0.0	1.403	-1.111
chr1	17233342	A	G	FEZF1_HUMAN,SNAI2_HUMAN,NR1H3_HUMAN	keratinocytes,HEK293 (embryonic kidney),HT29 (colon adenocarcinoma)	1.3493572341953564	0.0	1.515	-1.9809999999999999
chr1	22451963	C	A	ESR1_HUMAN,ZFX_HUMAN,CREB1_HUMAN,GLIS1_HUMAN,FEZF1_HUMAN	HEK293T (embryonic kidney),MCF7 (Invasive ductal breast carcinoma),HCT-116 (colon carcinoma),HEK293 (embryonic kidney)	1.9561284930913378	0.0	0.85	-0.235
chr1	41783308	A	G	GLIS1_HUMAN,FEZF1_HUMAN	HEK293T (embryonic kidney),HEK293 (embryonic kidney),SK-N-SH (neuroblastoma)	0.0	1.331374208137962		1.403
chr1	44546601	A	C	FEZF1_HUMAN	HEK293 (embryonic kidney)	1.7910139717859976	0.0	1.5630000000000002	
chr1	45491618	T	C	NFIC_HUMAN,CEBPB_HUMAN,MGAP_HUMAN,FEZF1_HUMAN,TR150_HUMAN	HEK293T (embryonic kidney),MCF7 (Invasive ductal breast carcinoma),HEK293 (embryonic kidney),K562 (myelogenous leukemia)	1.8589407588763973	0.0	1.385	
chr1	46133231	A	G	FOXK2_HUMAN,FEZF1_HUMAN,ZBT17_HUMAN,SP2_HUMAN	HEK293T (embryonic kidney),MCF7 (Invasive ductal breast carcinoma),GM12878 (female B-cells),HEK293 (embryonic kidney),K562 (myelogenous leukemia)	3.0489824179560734	0.0	1.565	0.449
chr1	63746582	T	C	FOXA1_HUMAN,PRDM4_HUMAN,FEZF1_HUMAN,SP7_HUMAN,ZSA5C_HUMAN	HEK293T (embryonic kidney),HEK293 (embryonic kidney)	0.03530991981999424	1.3138126298195998	-0.36200000000000004	0.8009999999999999
chr1	65527665	G	A	FEZF1_HUMAN,ZNF34_HUMAN	HEK293 (embryonic kidney)	0.0	1.3709613319191913	-1.042	1.455
chr1	65898932	A	G	FEZF1_HUMAN,PRDM6_HUMAN	HEK293 (embryonic kidney)	0.0	1.4566947114295257		1.508
chr1	67834114	C	T	FEZF1_HUMAN	HEK293 (embryonic kidney)	0.0	2.0979544225442406	-1.446	1.504
chr1	68202609	C	T	FEZF1_HUMAN	HEK293 (embryonic kidney)	1.6971224612572464	0.0	1.5090000000000001	-1.215
chr1	76697526	A	T	GCR_HUMAN,FEZF1_HUMAN	HEK293 (embryonic kidney),embryonic kidney	1.3757552863268443	0.0	1.294	-1.178
chr1	78885157	T	C	FEZF1_HUMAN	HEK293 (embryonic kidney)	0.0	1.3958761480587962	-1.183	1.3319999999999999
chr1	79373954	C	T	FEZF1_HUMAN,ZN708_HUMAN	HEK293 (embryonic kidney)	0.0	1.3238674360329683	-1.111	1.3459999999999999
chr1	85244629	C	G	FEZF1_HUMAN	HEK293 (embryonic kidney),K562 (myelogenous leukemia)	4.1059703946374855	0.0	2.023	
chr1	86779595	C	T	IKZF1_HUMAN,FEZF1_HUMAN,ZFHX2_HUMAN	HEK293 (embryonic kidney),K562 (myelogenous leukemia)	1.523094469380777	0.0	1.301	-1.4909999999999999
chr1	88787674	A	G	FEZF1_HUMAN	HEK293 (embryonic kidney)	0.0	1.4300881250015272		1.506
chr1	100622345	C	G	FEZF1_HUMAN	HEK293 (embryonic kidney),GM23248	1.701351066099552	0.0	1.483	-1.272
chr1	108816609	A	C	JUN_HUMAN,TYY1_HUMAN,FEZF1_HUMAN,ZN341_HUMAN	HEK293 (embryonic kidney),K562 (myelogenous leukemia),SK-N-SH (neuroblastoma)	0.006836053647587337	1.3585363452646473	0.19699999999999998	0.9490000000000001
chr1	108816672	C	T	ESR1_HUMAN,FEZF1_HUMAN	HEK293 (embryonic kidney),breast tumor tissue	2.2015754599945185	0.0	1.507	
chr1	110647392	G	A	ZN692_HUMAN,GLI2_HUMAN,PRDM4_HUMAN,INSM2_HUMAN,FEZF1_HUMAN,SP7_HUMAN,PRDM6_HUMAN,ZBT17_HUMAN,OSR2_HUMAN,ZBT21_HUMAN,ZEB2_HUMAN,ZN843_HUMAN,ZN488_HUMAN,BCL6B_HUMAN,ZN362_HUMAN,ZN366_HUMAN,ZN394_HUMAN,ZN189_HUMAN	HEK293 (embryonic kidney)	3.6697617821866784	0.0	1.986	
chr1	112548865	C	T	IKZF1_HUMAN,FEZF1_HUMAN	VCaP (prostate carcinoma),HEK293 (embryonic kidney),K562 (myelogenous leukemia)	0.0	1.5182441184900926	-1.19	1.145
chr1	112634448	G	T	FEZF1_HUMAN	HEK293 (embryonic kidney)	1.5113657366772084	0.0	1.484	-1.121
chr1	116878973	G	A	FEZF1_HUMAN,ZN366_HUMAN	HEK293 (embryonic kidney),K562 (myelogenous leukemia)	0.0	1.4561428803810172		1.258
chr1	146039555	C	T	ZNF24_HUMAN,FEZF1_HUMAN,ZBT10_HUMAN	HEK293 (embryonic kidney),HepG2 (hepatoblastoma)	0.23352824522086774	3.22250646529667	0.198	0.73
chr1	151542982	C	G	FEZF1_HUMAN,TWST1_HUMAN	HEK293 (embryonic kidney),SK-N-SH (neuroblastoma),Tet21N (neuroblastoma)	0.0	1.891486814653344		1.401
chr1	151549031	G	C	EP300_HUMAN,GATA2_HUMAN,ANDR_HUMAN,KLF1_HUMAN,ZN639_HUMAN,GLIS1_HUMAN,ZN629_HUMAN,FEZF1_HUMAN,PRD10_HUMAN,WT1_HUMAN,ZXDB_HUMAN,OSR2_HUMAN,ZNF18_HUMAN,PATZ1_HUMAN,ZN398_HUMAN,HIC1_HUMAN,ZN366_HUMAN,ZN394_HUMAN	A549 (lung carcinoma),LNCaP (prostate carcinoma),MCF7 (Invasive ductal breast carcinoma),CWR22 (prostate carcinoma),HEK293 (embryonic kidney),primary endothelial colony-forming cells,SK-N-SH (neuroblastoma),ZR-75-1 (invasive ductal carcinoma)	0.0	1.4340906852655166	0.28800000000000003	0.7090000000000001
chr1	155244682	A	G	HNF4A_HUMAN,CREB1_HUMAN,PKNX1_HUMAN,FEZF1_HUMAN,MAF_HUMAN	HEK293 (embryonic kidney),MDA-MB-453 (breast adenocarcinoma)	1.3444884421141536	0.0	1.033	-1.045
chr1	157247759	C	G	FEZF1_HUMAN	HEK293 (embryonic kidney)	0.0	3.369705392431273		1.82
chr1	167714698	A	C	FEZF1_HUMAN,TBP_HUMAN	HEK293 (embryonic kidney),HeLa S3 (cervical adenocarcinoma),macrophages	0.0	1.4857306531338776	-1.213	1.364
chr1	170096354	C	A	FEZF1_HUMAN	HEK293 (embryonic kidney)	4.314323824449292	0.0	2.0469999999999997	
chr1	183040061	T	C	FEZF1_HUMAN,PRD10_HUMAN,ZBT17_HUMAN,HIC1_HUMAN	HEK293T (embryonic kidney),HEK293 (embryonic kidney)	1.8230307436150566	0.034421859076506404	0.5539999999999999	-0.537
chr1	183040142	C	A	ZIC2_HUMAN,PRDM1_HUMAN,ZN629_HUMAN,FEZF1_HUMAN,SP7_HUMAN,ZN398_HUMAN,ZN362_HUMAN,SCRT2_HUMAN	HEK293T (embryonic kidney),HEK293 (embryonic kidney)	1.4845000257447154	0.0	0.419	
chr1	198838130	T	C	FEZF1_HUMAN,SP7_HUMAN,PRDM6_HUMAN	HEK293 (embryonic kidney)	0.0	3.625192447688034		1.849
chr1	200692426	T	C	PKNX1_HUMAN,FEZF1_HUMAN	HEK293T (embryonic kidney)	2.5556191169515734	0.0	1.197	0.46399999999999997
chr1	201538783	C	A	EP300_HUMAN,FEZF1_HUMAN,ZN398_HUMAN	HEK293 (embryonic kidney),tibial nerve	2.022244857516236	0.0	0.9470000000000001	-0.213
chr1	201538922	T	C	AP2A_HUMAN,COT1_HUMAN,ZN692_HUMAN,FEZF1_HUMAN,WT1_HUMAN	cranial neural crest cells,HEK293 (embryonic kidney)	1.4377850648346873	0.0	1.225	-2.559
chr1	205687455	T	C	COT1_HUMAN,FEZF1_HUMAN	cranial neural crest cells	1.8754341347808121	0.0	1.014	
chr1	210333020	A	C	FEZF1_HUMAN	HEK293 (embryonic kidney)	1.4786388653269698	0.0	1.315	
chr1	225228966	A	G	FEZF1_HUMAN	HEK293 (embryonic kidney)	0.0	1.4462794277538185		1.43
chr1	226815177	C	T	ESR1_HUMAN,ZIC2_HUMAN,FEZF1_HUMAN,SNAI2_HUMAN	HEK293T (embryonic kidney),keratinocytes,HEK293 (embryonic kidney),breast tumor tissue	2.9479601877360366	0.0	1.369	
chr1	228647727	G	C	ESR1_HUMAN,ZIC2_HUMAN,JUN_HUMAN,GLIS1_HUMAN,FEZF1_HUMAN	HEK293T (embryonic kidney),A549 (lung carcinoma),HEK293 (embryonic kidney),breast tumor tissue	1.7081845585003852	0.0	1.402	-2.735
chr1	231602639	T	C	CTBP1_HUMAN,FEZF1_HUMAN,PRDM6_HUMAN,ZN335_HUMAN	HEK293T (embryonic kidney),HEK293 (embryonic kidney)	0.0	1.4674062730377189		1.4340000000000002
chr1	234605134	C	T	FEZF1_HUMAN	HEK293T (embryonic kidney),GM12878 (female B-cells),HEK293 (embryonic kidney),HepG2 (hepatoblastoma),K562 (myelogenous leukemia)	0.0	1.869526228586433		1.9240000000000002
chr1	237032219	C	T	ZIC2_HUMAN,ZN600_HUMAN,FEZF1_HUMAN	HEK293 (embryonic kidney)	0.0	1.9020674049451833		2.15
chr1	240280869	G	A	FEZF1_HUMAN	HEK293T (embryonic kidney),HEK293 (embryonic kidney)	1.7910139717859976	0.0	2.423	
chr1	240281005	C	T	GLIS1_HUMAN,FEZF1_HUMAN,ZN366_HUMAN	HEK293 (embryonic kidney)	0.0	2.3408178047411576		1.639
chr11	7690693	G	A	LMBL2_HUMAN,FEZF1_HUMAN	HEK293 (embryonic kidney)	1.337852103838534	0.0	1.545	-2.028
chr11	7690725	C	T	CTCF_HUMAN,FEZF1_HUMAN,SP2_HUMAN,ZN654_HUMAN	HEK293 (embryonic kidney),foreskin keratinocyte	0.0	3.887354711052813	-0.882	1.298
chr11	11028165	T	C	CTCF_HUMAN,ZIC2_HUMAN,GLIS1_HUMAN,FEZF1_HUMAN	HEK293 (embryonic kidney),foreskin keratinocyte	3.741772343155393	0.05385904118240235	0.38799999999999996	0.247
chr11	27201742	C	G	FEZF1_HUMAN	VCaP (prostate carcinoma),MCF7 (Invasive ductal breast carcinoma),HEK293 (embryonic kidney),K562 (myelogenous leukemia)	0.0	1.3099350155755665	-0.171	1.272
chr11	33047475	G	C	FEZF1_HUMAN	HEK293 (embryonic kidney)	1.4467112326388838	0.0	1.172	-1.19
chr11	48088396	A	G	FEZF1_HUMAN,ZBT17_HUMAN,ZN366_HUMAN	HEK293 (embryonic kidney)	1.6390128510352098	0.0	1.178	-1.3459999999999999
chr11	62044917	G	T	KLF1_HUMAN,FEZF1_HUMAN,EGR2_HUMAN,SP7_HUMAN,PRD10_HUMAN,ZFHX2_HUMAN,ZN398_HUMAN	HEK293 (embryonic kidney)	0.0	5.206213206322491	-1.686	1.556
chr11	76523484	T	C	ZIC2_HUMAN,FEZF1_HUMAN	HEK293 (embryonic kidney)	1.6562834018240915	0.0	1.275	-1.196
chr11	86790297	G	C	FEZF1_HUMAN,SP7_HUMAN,ZBT21_HUMAN	HEK293 (embryonic kidney)	0.0	3.3643694982631147	-1.386	1.255
chr11	86815040	C	T	FEZF1_HUMAN,ZXDB_HUMAN	HEK293 (embryonic kidney)	0.0	3.369705392431273		1.569
chr11	93565192	G	A	FEZF1_HUMAN	HEK293 (embryonic kidney)	0.0	3.7661236875051127	-1.445	1.314
chr11	94960715	A	G	PRDM4_HUMAN,FEZF1_HUMAN,SP7_HUMAN,PRDM6_HUMAN	HEK293 (embryonic kidney)	0.0	2.178593921275026	-1.6740000000000002	1.518
chr11	110426324	T	C	FEZF1_HUMAN	HEK293 (embryonic kidney)	0.0	2.703158196193296	-1.177	1.036
chr11	123323716	C	A	FEZF1_HUMAN	HEK293 (embryonic kidney)	0.0	1.4857306531338776	-1.19	1.145
chr11	131998272	G	A	FEZF1_HUMAN	HEK293 (embryonic kidney)	0.0	3.8178135985337263		2.957
chr12	104832	A	G	FOXA1_HUMAN,ZNF24_HUMAN,ZBT8A_HUMAN,ZBT26_HUMAN,ZN692_HUMAN,FEZF1_HUMAN,TZAP_HUMAN	VCaP (prostate carcinoma),HEK293 (embryonic kidney)	0.0	3.2580138374929306	-0.07	0.6579999999999999
chr12	1519379	G	C	ESR1_HUMAN,FOXA1_HUMAN,PRDM4_HUMAN,FEZF1_HUMAN,ZN335_HUMAN	HEK293 (embryonic kidney),breast tumor tissue	4.729460104609415	0.0	1.5919999999999999	-0.282
chr12	1519455	G	A	FEZF1_HUMAN	HEK293 (embryonic kidney)	0.0	1.6080116950450507	-0.6829999999999999	0.586
chr12	26870871	T	C	FEZF1_HUMAN	HEK293 (embryonic kidney)	0.0	5.237101541419176		2.128
chr12	27305894	A	G	FEZF1_HUMAN,PRDM6_HUMAN	HEK293 (embryonic kidney)	1.3566223384001912	0.0	1.492	
chr12	29698987	T	G	FEZF1_HUMAN	HEK293 (embryonic kidney),Ishikawa (endometrial adenocarcinoma)	3.420118003270989	0.0	1.768	
chr12	29902040	T	G	FEZF1_HUMAN	HEK293 (embryonic kidney)	0.0	4.598484621371818		2.024
chr12	31636739	C	T	ZIC2_HUMAN,FEZF1_HUMAN,PRDM6_HUMAN,ZN366_HUMAN	HEK293 (embryonic kidney),epidermal keratinocytes	1.4845000257447154	0.0	1.508	-2.175
chr12	32032617	G	C	GLIS1_HUMAN,FEZF1_HUMAN,PRD10_HUMAN	HEK293 (embryonic kidney)	1.4400475799919352	0.0	1.2409999999999999	
chr12	32032693	A	G	FEZF1_HUMAN,PRD10_HUMAN,PRDM6_HUMAN,ZBT17_HUMAN,ZBTB6_HUMAN,PBX3_HUMAN	HEK293 (embryonic kidney)	2.9763670558443125	0.0	1.765	
chr12	32107291	C	T	CTCF_HUMAN,FEZF1_HUMAN,ZNF2_HUMAN	HEK293T (embryonic kidney),HEK293 (embryonic kidney)	0.0	1.5509376740974141	-1.228	1.281
chr12	32917438	A	G	FEZF1_HUMAN,OSR2_HUMAN	HEK293 (embryonic kidney),breast tumor tissue	1.4786388653269698	0.0	1.361	-1.254
chr12	41984016	G	A	GATA3_HUMAN,FEZF1_HUMAN,SP7_HUMAN,OSR2_HUMAN	MCF7 (Invasive ductal breast carcinoma),HEK293 (embryonic kidney)	2.770873326664649	0.0	1.635	-2.064
chr12	41984142	G	A	ZBT8A_HUMAN,PRDM4_HUMAN,FEZF1_HUMAN,SP7_HUMAN,PRDM6_HUMAN,OSR2_HUMAN,GFI1B_HUMAN	HEK293 (embryonic kidney)	1.4142663004489384	0.0	1.51	-1.3980000000000001
chr12	52970449	G	A	GLIS1_HUMAN,FEZF1_HUMAN,HIF1A_HUMAN	HEK293 (embryonic kidney)	2.713608312404353	0.0	1.758	
chr12	53299619	C	G	CTCF_HUMAN,GABPA_HUMAN,FOXK2_HUMAN,FEZF1_HUMAN,HIF1A_HUMAN	HEK293T (embryonic kidney),MCF7 (Invasive ductal breast carcinoma),GM12878 (female B-cells),HEK293 (embryonic kidney),K562 (myelogenous leukemia),pancreas	0.02596172280134693	2.5254102699435745	0.076	0.513
chr12	64609189	T	G	NR2C1_HUMAN,FOXK2_HUMAN,FEZF1_HUMAN	HEK293T (embryonic kidney),MCF7 (Invasive ductal breast carcinoma),HEK293 (embryonic kidney),K562 (myelogenous leukemia)	0.0	1.3334530433270317	-0.376	1.22
chr12	64651034	G	T	FEZF1_HUMAN,OSR2_HUMAN	HEK293 (embryonic kidney)	2.5060009240952414	0.0	1.7719999999999998	
chr12	67922502	G	A	PKNX1_HUMAN,FEZF1_HUMAN	HEK293T (embryonic kidney),HEK293 (embryonic kidney)	1.570641535200093	0.0	1.35	
chr12	75812348	A	T	FEZF1_HUMAN	HEK293 (embryonic kidney)	3.8113088353021123	0.0	1.96	
chr12	76882463	T	C	FEZF1_HUMAN	HEK293 (embryonic kidney)	0.0	1.5805018118577996	-1.137	1.496
chr12	81088463	G	C	FEZF1_HUMAN,PRDM6_HUMAN	HEK293 (embryonic kidney)	1.379512707671848	0.0	1.328	-1.227
chr12	89907902	G	T	FEZF1_HUMAN,OSR2_HUMAN,ZN843_HUMAN	HEK293 (embryonic kidney)	2.678149992439925	0.0	0.613	
chr12	93259635	G	A	FEZF1_HUMAN	HEK293 (embryonic kidney)	1.5765845829624332	0.0	1.35	
chr12	104243799	G	A	FEZF1_HUMAN	HEK293 (embryonic kidney)	0.0	1.5001074270270498		1.52
chr12	104286883	G	T	ESR1_HUMAN,AP2A_HUMAN,STAT1_HUMAN,FEZF1_HUMAN	HEK293T (embryonic kidney),CD14+ monocytes,cranial neural crest cells,HEK293 (embryonic kidney)	0.0	1.5274361868602835		1.65
chr12	104287004	C	G	FEZF1_HUMAN	HEK293T (embryonic kidney),MCF7 (Invasive ductal breast carcinoma),HEK293 (embryonic kidney)	0.0	4.268344690695802		2.019
chr12	104886872	T	C	FOXA1_HUMAN,ZIC2_HUMAN,PRDM4_HUMAN,FEZF1_HUMAN,SP7_HUMAN,OSR2_HUMAN,ZN398_HUMAN,ZN362_HUMAN,ZN366_HUMAN,ZN189_HUMAN	VCaP (prostate carcinoma),HEK293 (embryonic kidney)	3.7087813689536677	0.0	1.577	-1.445
chr12	104956926	T	C	FEZF1_HUMAN	HEK293 (embryonic kidney),monocyte-derived dendritic cells	0.0	2.551433333115272		1.6019999999999999
chr12	105562914	G	A	FEZF1_HUMAN	HEK293 (embryonic kidney)	0.0	1.552173452740371	-2.04	1.545
chr12	107645871	T	G	ZBT8A_HUMAN,FEZF1_HUMAN,WT1_HUMAN,ZN664_HUMAN,ZBT20_HUMAN,SP2_HUMAN,PATZ1_HUMAN,ZN398_HUMAN,ZN189_HUMAN	HEK293 (embryonic kidney)	0.0	2.3030624300285996		1.7890000000000001
chr12	109463525	C	T	ZIC2_HUMAN,GLIS1_HUMAN,FEZF1_HUMAN	HEK293 (embryonic kidney)	5.3564258059672865	0.0	1.879	
chr12	116525881	G	A	FEZF1_HUMAN	HEK293 (embryonic kidney)	2.1491805334273075	0.0	1.719	
chr12	119602859	G	A	ZN580_HUMAN,GLIS1_HUMAN,PRDM4_HUMAN,FEZF1_HUMAN,PRDM6_HUMAN,OSR2_HUMAN,MZF1_HUMAN	HEK293 (embryonic kidney)	0.0	1.402098825626255	-1.494	1.636
chr12	119602874	A	G	GLIS1_HUMAN,FEZF1_HUMAN,PRDM6_HUMAN,OSR2_HUMAN,MZF1_HUMAN,ZN843_HUMAN	HEK293 (embryonic kidney)	0.0	3.984529891234987		1.829
chr12	124927924	C	T	FEZF1_HUMAN,ZN524_HUMAN,ZBT12_HUMAN,TBP_HUMAN	HEK293T (embryonic kidney),HEK293 (embryonic kidney),HeLa S3 (cervical adenocarcinoma),HepG2 (hepatoblastoma),monocyte-derived macrophages	1.4467112326388838	0.0	1.541	-1.9869999999999999
chr12	124939879	C	T	NFXL1_HUMAN,FOXK2_HUMAN,ZBT11_HUMAN,GLIS1_HUMAN,FEZF1_HUMAN,ZBT10_HUMAN,ZNF34_HUMAN,KLF5_HUMAN,TIF1A_HUMAN	HEK293T (embryonic kidney),T47D (invasive ductal carcinoma),MCF7 (Invasive ductal breast carcinoma),GM12878 (female B-cells),HEK293 (embryonic kidney),HepG2 (hepatoblastoma),embryonic kidney,K562 (myelogenous leukemia)	0.0	2.218990507665297	-0.43	1.3419999999999999
chr12	124939956	A	G	PRGR_HUMAN,MAX_HUMAN,CREB1_HUMAN,MNT_HUMAN,NFXL1_HUMAN,ELF4_HUMAN,MGAP_HUMAN,FOXK2_HUMAN,RAD51_HUMAN,LEF1_HUMAN,LMBL2_HUMAN,THA11_HUMAN,NRF1_HUMAN,GLIS1_HUMAN,FEZF1_HUMAN,ZBT10_HUMAN,MTA1_HUMAN,ZN407_HUMAN,USF1_HUMAN,TBP_HUMAN	HEK293T (embryonic kidney),GM12878 (female B-cells),HCT-116 (colon carcinoma),HEK293 (embryonic kidney),HeLa S3 (cervical adenocarcinoma),HepG2 (hepatoblastoma),K562 (myelogenous leukemia),breast tumor xenograft	2.2529228978360516	0.0	0.8740000000000001	0.46399999999999997
chr12	124940075	G	A	CTCF_HUMAN,MAX_HUMAN,MNT_HUMAN,MGAP_HUMAN,SMCA4_HUMAN,BHE40_HUMAN,FOXK2_HUMAN,LMBL2_HUMAN,TFE3_HUMAN,GLIS1_HUMAN,ZN600_HUMAN,FEZF1_HUMAN,ZN407_HUMAN,HDAC1_HUMAN,MYCN_HUMAN,HIF1A_HUMAN,HIF3A_HUMAN	T47D (invasive ductal carcinoma),MCF7 (Invasive ductal breast carcinoma),HEK293 (embryonic kidney),HepG2 (hepatoblastoma),K562 (myelogenous leukemia),Tet21N (neuroblastoma),foreskin keratinocyte	0.0	1.4323412343679789	0.027000000000000003	0.8440000000000001
chr12	124940172	C	G	BC11A_HUMAN,HDAC2_HUMAN,MNT_HUMAN,MGAP_HUMAN,ZBT8A_HUMAN,SMCA4_HUMAN,LMBL2_HUMAN,ZN600_HUMAN,FEZF1_HUMAN,HDAC1_HUMAN	HEK293T (embryonic kidney),HEK293 (embryonic kidney),K562 (myelogenous leukemia),foreskin keratinocyte	0.0	1.4412664464386553	-1.251	1.564
chr13	40986567	T	C	FEZF1_HUMAN,ZEB2_HUMAN,ZN189_HUMAN	HEK293 (embryonic kidney)	1.7984285948177092	0.0	2.356	
chr13	71797625	T	G	FEZF1_HUMAN	HEK293 (embryonic kidney)	1.6398548560833006	0.0	1.5930000000000002	
chr13	79393874	T	C	FEZF1_HUMAN	HEK293T (embryonic kidney),HEK293 (embryonic kidney),HepG2 (hepatoblastoma)	1.4658551281596317	0.0	1.6369999999999998	
chr14	20477834	T	C	FEZF1_HUMAN	HEK293 (embryonic kidney)	0.0	1.908000107882188		1.646
chr14	22296946	T	C	FOXA1_HUMAN,FEZF1_HUMAN	MCF7 (Invasive ductal breast carcinoma),HEK293 (embryonic kidney),HepG2 (hepatoblastoma),ZR-75-1 (invasive ductal carcinoma)	1.5536767531280584	0.0	0.442	0.41700000000000004
chr14	58805372	T	C	FEZF1_HUMAN	HEK293 (embryonic kidney)	0.0	1.4544731913893316	-0.929	1.177
chr14	90406161	C	G	FEZF1_HUMAN	HEK293 (embryonic kidney)	0.0	1.891486814653344	-1.33	1.182
chr14	91057959	G	A	FEZF1_HUMAN	HEK293 (embryonic kidney)	1.7984285948177092	0.0	1.4240000000000002	-1.682
chr14	91058056	T	C	FEZF1_HUMAN,PRDM6_HUMAN,ZN366_HUMAN	HEK293 (embryonic kidney)	1.7910139717859976	0.10215393238477329	0.591	-0.204
chr14	92832412	G	C	FEZF1_HUMAN,SP7_HUMAN	HEK293 (embryonic kidney)	2.561233478123734	0.0	1.585	
chr14	95461076	G	A	GLIS1_HUMAN,FEZF1_HUMAN,SP2_HUMAN	HEK293 (embryonic kidney)	0.0	1.9644828510764816		1.601
chr14	95461119	G	C	FEZF1_HUMAN,SP2_HUMAN	HEK293 (embryonic kidney)	0.0	2.3325138578100475	-1.7269999999999999	1.5
chr14	104373479	G	A	FEZF1_HUMAN	HEK293 (embryonic kidney)	0.0	3.3986882467036637	-2.0580000000000003	1.7109999999999999
chr14	106845516	A	T	FOXA1_HUMAN,ZN600_HUMAN,FEZF1_HUMAN	GM12878 (female B-cells),HEK293 (embryonic kidney)	1.7060738585630404	0.0	0.762	0.22399999999999998
chr15	66023421	T	C	GLIS1_HUMAN,FEZF1_HUMAN	HEK293 (embryonic kidney)	0.0	2.2389303784180488	-0.452	0.608
chr15	67064085	T	C	CEBPB_HUMAN,PRDM1_HUMAN,CREB1_HUMAN,ZNF24_HUMAN,PKNX1_HUMAN,CTBP1_HUMAN,CEBPG_HUMAN,PBX2_HUMAN,ATF2_HUMAN,HLF_HUMAN,LMBL2_HUMAN,ZBT26_HUMAN,TEAD3_HUMAN,NFIL3_HUMAN,CEBPA_HUMAN,IRF2_HUMAN,NRF1_HUMAN,ZN629_HUMAN,FEZF1_HUMAN,OSR2_HUMAN,KLF8_HUMAN,SCRT2_HUMAN,PRDM9_HUMAN	HEK293T (embryonic kidney),HEK293 (embryonic kidney),HepG2 (hepatoblastoma),K562 (myelogenous leukemia)	3.4980093491562267	0.08626961987821727	1.499	-0.19699999999999998
chr15	71512298	C	T	GLIS1_HUMAN,FEZF1_HUMAN	HEK293 (embryonic kidney)	2.4306248100659804	0.0	0.927	-1.232
chr15	79389126	G	A	FEZF1_HUMAN	HEK293 (embryonic kidney)	2.4161605457567576	0.0	1.76	
chr15	80093979	A	C	ATF2_HUMAN,PRDM4_HUMAN,FEZF1_HUMAN,OSR2_HUMAN,ZBT12_HUMAN,ZN843_HUMAN,BCL6B_HUMAN	HEK293 (embryonic kidney)	2.064337323930236	0.0	1.51	-1.3980000000000001
chr15	81962555	A	G	FEZF1_HUMAN,ZXDB_HUMAN	HEK293 (embryonic kidney)	0.0	1.6571499326105916		1.524
chr15	81966763	A	G	FEZF1_HUMAN,OVOL3_HUMAN,ZXDB_HUMAN,OSR2_HUMAN,ZN510_HUMAN	HEK293 (embryonic kidney)	0.0	3.267979503889789		1.8359999999999999
chr15	90249442	A	G	ESR1_HUMAN,NFIC_HUMAN,SP1_HUMAN,KLF9_HUMAN,RFX1_HUMAN,NFIA_HUMAN,NFYC_HUMAN,FEZF1_HUMAN,ZXDB_HUMAN,SP2_HUMAN,GLIS2_HUMAN,KDM5B_HUMAN	T47D (invasive ductal carcinoma),HEK293 (embryonic kidney),HepG2 (hepatoblastoma),K562 (myelogenous leukemia),breast tumor tissue	1.7276810747377656	0.0	1.5830000000000002	-0.106
chr15	90249452	C	G	ESR1_HUMAN,NFIC_HUMAN,SP1_HUMAN,KLF9_HUMAN,RFX1_HUMAN,NFYC_HUMAN,SMAD4_HUMAN,FEZF1_HUMAN,ZXDB_HUMAN,SP2_HUMAN,GLIS2_HUMAN,ZBT10_HUMAN,KDM5B_HUMAN	HEK293T (embryonic kidney),T47D (invasive ductal carcinoma),HEK293 (embryonic kidney),HepG2 (hepatoblastoma),K562 (myelogenous leukemia),breast tumor tissue	2.2015754599945185	0.0	1.515	-0.251
chr15	90249465	G	C	ESR1_HUMAN,NFIC_HUMAN,SP1_HUMAN,KLF9_HUMAN,RFX1_HUMAN,NFYC_HUMAN,FEZF1_HUMAN,ZXDB_HUMAN,SP2_HUMAN,GLIS2_HUMAN,HIF1A_HUMAN	HEK293T (embryonic kidney),T47D (invasive ductal carcinoma),GM12878 (female B-cells),HEK293 (embryonic kidney),HepG2 (hepatoblastoma),K562 (myelogenous leukemia),breast tumor tissue	2.281915829870772	0.0	1.5	-0.405
chr15	90249573	G	T	CTCF_HUMAN,KLF9_HUMAN,IKZF1_HUMAN,IKZF2_HUMAN,LMBL2_HUMAN,FEZF1_HUMAN,ZFHX2_HUMAN,ZXDB_HUMAN,ZN335_HUMAN	HEK293T (embryonic kidney),T47D (invasive ductal carcinoma),GM12878 (female B-cells),HEK293 (embryonic kidney),K562 (myelogenous leukemia),Peyer's patch,upper lobe of left lung	0.0	7.960609077490086	-0.008	0.784
chr15	101652299	G	A	ESR1_HUMAN,CTCF_HUMAN,FEZF1_HUMAN,ZBT20_HUMAN,PRDM9_HUMAN,SPI1_HUMAN	HEK293T (embryonic kidney),monocyte-derived macrophages,breast tumor tissue	4.224542674515553	0.0	1.8780000000000001	
chr16	2663274	T	C	FEZF1_HUMAN	HEK293 (embryonic kidney)	1.4057788732326764	0.0	1.2990000000000002	-1.072
chr16	2663728	G	A	FEZF1_HUMAN	HEK293 (embryonic kidney),K562 (myelogenous leukemia)	2.1481660040183286	0.0	1.181	-1.4040000000000001
chr16	2663816	A	G	PRDM4_HUMAN,ZN600_HUMAN,FEZF1_HUMAN,SP7_HUMAN,PRDM6_HUMAN,SP2_HUMAN	HEK293 (embryonic kidney),K562 (myelogenous leukemia)	2.319618853850431	0.0	1.801	
chr16	3328146	C	G	ANDR_HUMAN,FEZF1_HUMAN	HEK293 (embryonic kidney)	0.0	2.1720416589716285		1.401
chr16	11757869	T	A	TYY1_HUMAN,ZN580_HUMAN,FEZF1_HUMAN,ZSA5C_HUMAN,OSR2_HUMAN	HEK293 (embryonic kidney)	1.44889972831782	0.0	1.35	
chr16	12271051	C	A	ZN629_HUMAN,FEZF1_HUMAN,SP7_HUMAN,ZFHX2_HUMAN,ZN398_HUMAN	HEK293 (embryonic kidney)	0.0	1.4490155748663491	-2.145	1.568
chr16	22647074	C	T	FEZF1_HUMAN	HCT-116 (colon carcinoma),HEK293 (embryonic kidney)	0.0	1.429873016203534	-1.455	1.273
chr16	28264921	G	A	KLF9_HUMAN,ZN600_HUMAN,FEZF1_HUMAN,EGR2_HUMAN,ZBT17_HUMAN,ZN394_HUMAN	HEK293 (embryonic kidney)	0.0	3.574625228186183		2.113
chr16	56478857	A	G	PKNX1_HUMAN,CEBPG_HUMAN,NR2C1_HUMAN,ZN592_HUMAN,ATF3_HUMAN,ATF2_HUMAN,LMBL2_HUMAN,ATF4_HUMAN,FEZF1_HUMAN,ZN664_HUMAN,ZEB2_HUMAN,MZF1_HUMAN,ATF7_HUMAN,MEIS2_HUMAN,SOX6_HUMAN,TIF1A_HUMAN,ZN366_HUMAN	HEK293 (embryonic kidney),K562 (myelogenous leukemia)	1.939487608215217	0.29918187117458755	1.621	0.38299999999999995
chr16	57341709	G	A	FEZF1_HUMAN	HEK293 (embryonic kidney)	1.4786388653269698	0.045764608257287356	0.452	-0.494
chr16	57341722	T	C	ESR1_HUMAN,FEZF1_HUMAN	HEK293 (embryonic kidney),breast tumor tissue	2.2015754599945185	0.0	1.185	
chr16	77224232	C	G	FEZF1_HUMAN,ZBTB6_HUMAN,ZN843_HUMAN,FOS_HUMAN	HEK293 (embryonic kidney)	1.346253693413582	0.0	1.504	-2.04
chr16	77409271	T	C	PRDM4_HUMAN,FEZF1_HUMAN	HEK293 (embryonic kidney)	0.0	2.178593921275026	-2.506	1.742
chr16	77409556	G	A	ESR1_HUMAN,ANDR_HUMAN,GCR_HUMAN,ATF2_HUMAN,ZN792_HUMAN,FEZF1_HUMAN,SP7_HUMAN,PRDM6_HUMAN,ZBT17_HUMAN,ZN623_HUMAN,GFI1B_HUMAN,MZF1_HUMAN,ZN577_HUMAN,ZN843_HUMAN,SCRT2_HUMAN	MCF7 (Invasive ductal breast carcinoma),HEK293 (embryonic kidney),embryonic kidney	0.0	2.817329291914972	-0.276	0.868
chr16	77409707	C	G	ZN792_HUMAN,ZN629_HUMAN,FEZF1_HUMAN,SP7_HUMAN,PRD10_HUMAN,ZSA5C_HUMAN,WT1_HUMAN,ZBT17_HUMAN,ZEB2_HUMAN,SCRT2_HUMAN,ZN366_HUMAN	HEK293 (embryonic kidney)	0.0	3.5700004743153815		1.95
chr16	77414766	A	G	ZN629_HUMAN,FEZF1_HUMAN	HEK293 (embryonic kidney)	0.0	2.895401475186407	-1.624	1.475
chr16	77415059	G	A	PRGR_HUMAN,FEZF1_HUMAN	HEK293 (embryonic kidney)	0.0	2.040182367041135		1.746
chr16	81006950	G	T	CTCF_HUMAN,JUN_HUMAN,STAT1_HUMAN,FEZF1_HUMAN	HEK293T (embryonic kidney),A549 (lung carcinoma),CD14+ monocytes,HCT-116 (colon carcinoma),HEK293 (embryonic kidney),HT29 (colon adenocarcinoma)	0.312152343990809	1.498622811639998	0.239	0.45
chr17	353410	T	C	ZIC2_HUMAN,GLIS1_HUMAN,FEZF1_HUMAN,KLF17_HUMAN,PRDM6_HUMAN	HEK293 (embryonic kidney)	0.0	2.3779162552970283		0.39899999999999997
chr17	879659	G	T	CTCF_HUMAN,ZIC2_HUMAN,GLIS1_HUMAN,ZN600_HUMAN,ZN629_HUMAN,FEZF1_HUMAN,PRD10_HUMAN,WT1_HUMAN,ZEB2_HUMAN,ZN366_HUMAN	HEK293 (embryonic kidney),pancreas,tibial artery,adrenal gland,prostate gland	0.0	13.623774845743856	0.316	0.772
chr17	879712	G	A	CTCF_HUMAN,ZIC2_HUMAN,GLIS1_HUMAN,FEZF1_HUMAN,PRD10_HUMAN,ZEB2_HUMAN,SCRT2_HUMAN	HEK293 (embryonic kidney),pancreas,tibial artery,testis,foreskin keratinocyte	0.0	23.376080426306764	0.147	0.6709999999999999
chr17	7455542	T	C	BCL6_HUMAN,GABPA_HUMAN,FOXK2_HUMAN,ZN639_HUMAN,FEZF1_HUMAN,SP7_HUMAN,PRD10_HUMAN,ZBT17_HUMAN,E4F1_HUMAN,ZN189_HUMAN	GM12878 (female B-cells),HEK293 (embryonic kidney),CD4+ T-cells	1.528397986367443	0.0	1.3880000000000001	0.018000000000000002
chr17	7455611	G	A	ZN639_HUMAN,ZBT11_HUMAN,GLIS1_HUMAN,FEZF1_HUMAN,PRD10_HUMAN,ZBT17_HUMAN,KLF8_HUMAN,PATZ1_HUMAN,ZN189_HUMAN	A549 (lung carcinoma),HEK293 (embryonic kidney),monocyte-derived macrophages	0.0	1.4811030062300814		1.4380000000000002
chr17	9979779	A	T	FEZF1_HUMAN	HEK293 (embryonic kidney)	0.0	7.816351926880531		2.218
chr17	12331762	T	C	FEZF1_HUMAN	HEK293 (embryonic kidney)	0.0	1.9791096819221723	-1.4680000000000002	1.319
chr17	12331924	T	G	FEZF1_HUMAN	HEK293 (embryonic kidney)	0.0	2.8738565662245605	-1.91	1.6130000000000002
chr17	12331967	C	T	FEZF1_HUMAN	HEK293 (embryonic kidney)	0.0	2.268948437363087	-1.8459999999999999	1.499
chr17	14622261	A	G	FEZF1_HUMAN	HEK293 (embryonic kidney)	0.0	1.574492279064602	-1.629	1.3330000000000002
chr17	36134092	A	G	FEZF1_HUMAN,ZN510_HUMAN	HEK293 (embryonic kidney)	0.0	5.822143930373967	-1.079	0.938
chr17	45070214	A	G	FEZF1_HUMAN	HEK293 (embryonic kidney)	0.0	2.5912815017756525	-1.64	1.4809999999999999
chr17	48580500	A	C	FEZF1_HUMAN,PRDM6_HUMAN	HEK293T (embryonic kidney),HEK293 (embryonic kidney)	0.0	2.9582962952445353	-1.3780000000000001	1.226
chr17	57364154	G	A	FEZF1_HUMAN	HEK293 (embryonic kidney)	0.0	3.048914385605209	-1.811	1.61
chr17	62760409	T	C	FEZF1_HUMAN	HEK293 (embryonic kidney)	0.0	1.4102179825727421	-1.225	1.062
chr17	79025549	A	G	ANDR_HUMAN,FEZF1_HUMAN	CWR22 (prostate carcinoma)	1.4763013521036759	0.0	0.894	0.32299999999999995
chr17	82458038	A	G	CTCF_HUMAN,FEZF1_HUMAN	GM12878 (female B-cells),HCT-116 (colon carcinoma),HEK293 (embryonic kidney),K562 (myelogenous leukemia),foreskin keratinocyte	1.4448511553631074	0.18299468185120837	0.552	0.40299999999999997
chr17	82458193	C	T	TYY1_HUMAN,CREB1_HUMAN,LMBL2_HUMAN,FEZF1_HUMAN,PRD10_HUMAN	LNCaP (prostate carcinoma),H1 (embryonic stem cells),K562 (myelogenous leukemia),SK-N-SH (neuroblastoma)	5.042301446325033	0.0	1.037	-0.004
chr18	6371040	A	G	GLIS1_HUMAN,FEZF1_HUMAN	HEK293 (embryonic kidney),HepG2 (hepatoblastoma)	0.0	1.9496225672514575	-2.097	1.6380000000000001
chr18	8374773	G	A	FEZF1_HUMAN	HEK293 (embryonic kidney)	1.315171722582975	0.0	1.483	-2.0580000000000003
chr18	10251218	G	A	FEZF1_HUMAN	HEK293 (embryonic kidney)	0.0	2.7836699915521708	-2.531	1.682
chr18	23660180	G	A	GLIS1_HUMAN,FEZF1_HUMAN,ZN843_HUMAN,ZN366_HUMAN	HEK293 (embryonic kidney)	2.179651521985987	0.0	1.6740000000000002	
chr18	24209763	C	T	JUN_HUMAN,JUND_HUMAN,FEZF1_HUMAN	coronary artery smooth muscle,HEK293 (embryonic kidney)	0.0	3.0552864923512426		1.4709999999999999
chr18	42850503	G	A	ZN580_HUMAN,GLIS1_HUMAN,FEZF1_HUMAN,GFI1B_HUMAN	HEK293 (embryonic kidney)	0.0	5.643459874449097		2.229
chr18	49500366	G	C	FEZF1_HUMAN	HEK293 (embryonic kidney)	4.1059703946374855	0.0	2.004	
chr18	50622825	C	A	FEZF1_HUMAN	HEK293 (embryonic kidney)	2.166859864157439	0.0	1.714	
chr18	58337962	C	T	FEZF1_HUMAN	HEK293 (embryonic kidney)	0.0	2.29770195012441		1.722
chr18	58805801	T	G	FEZF1_HUMAN	HEK293 (embryonic kidney)	1.5765845829624332	0.0	1.53	-2.197
chr18	62881644	A	G	FEZF1_HUMAN	A549 (lung carcinoma),HEK293 (embryonic kidney)	1.6987971882726116	0.0	1.5630000000000002	
chr18	74234371	G	A	FEZF1_HUMAN	HEK293 (embryonic kidney),HepG2 (hepatoblastoma)	0.0	3.1675992332888327		1.819
chr19	17337851	T	C	CTCF_HUMAN,TYY1_HUMAN,REST_HUMAN,KLF13_HUMAN,ZBT11_HUMAN,ZBT26_HUMAN,SP3_HUMAN,ZN692_HUMAN,ZSC16_HUMAN,ZN600_HUMAN,ZN629_HUMAN,FEZF1_HUMAN,TZAP_HUMAN,SP7_HUMAN,BC11B_HUMAN,TYY2_HUMAN,PRD10_HUMAN,ZFHX2_HUMAN,ZBT17_HUMAN,ZBT20_HUMAN,SP2_HUMAN,GLI4_HUMAN,ZN335_HUMAN,KLF8_HUMAN,PATZ1_HUMAN,ZEB2_HUMAN,ZBTB6_HUMAN,ZN770_HUMAN,ZNF34_HUMAN,ZN501_HUMAN,PRDM2_HUMAN,SCRT2_HUMAN	HEK293 (embryonic kidney)	0.0073228151403613145	2.037776948402708	0.045	1.07
chr19	17794810	A	G	FEZF1_HUMAN	HEK293 (embryonic kidney)	1.6971224612572464	0.0	1.5090000000000001	-1.215
chr19	28425060	G	A	PBX2_HUMAN,FEZF1_HUMAN,PRDM6_HUMAN,OSR2_HUMAN,MEIS2_HUMAN	HEK293 (embryonic kidney),K562 (myelogenous leukemia)	1.5323235520428165	0.0	1.35	
chr19	28425553	C	T	BC11A_HUMAN,ZBT8A_HUMAN,ATF2_HUMAN,GLIS1_HUMAN,ZNF10_HUMAN,FEZF1_HUMAN,PRD10_HUMAN,ZN341_HUMAN,WT1_HUMAN,ZXDB_HUMAN,OSR2_HUMAN,HIC1_HUMAN	HEK293 (embryonic kidney),K562 (myelogenous leukemia)	0.0	1.8743455089252359		1.719
chr19	32897025	G	T	FEZF1_HUMAN	HEK293 (embryonic kidney)	1.8922025423666031	0.0	2.07	
chr19	38271093	C	T	NCOR1_HUMAN,FEZF1_HUMAN,ZN770_HUMAN,SCRT2_HUMAN	A549 (lung carcinoma),HEK293 (embryonic kidney),K562 (myelogenous leukemia)	0.0	1.7552067497615367	-0.565	1.04
chr19	38271097	T	C	FEZF1_HUMAN,ZN770_HUMAN,SCRT2_HUMAN	HEK293 (embryonic kidney)	0.0	3.052626098039696		1.743
chr2	8591117	A	G	FEZF1_HUMAN	HEK293 (embryonic kidney)	1.490810168800084	0.0	1.24	-1.021
chr2	19667938	G	C	PKNX1_HUMAN,FEZF1_HUMAN,ZBT17_HUMAN,ZN398_HUMAN	HEK293T (embryonic kidney),VCaP (prostate carcinoma),HEK293 (embryonic kidney)	1.35294343355636	0.0	1.369	-1.1520000000000001
chr2	23391530	G	T	GLIS1_HUMAN,FEZF1_HUMAN,PRDM6_HUMAN,ZBT17_HUMAN,OSR2_HUMAN,SCRT2_HUMAN	HEK293 (embryonic kidney)	0.0	2.6311436240663233	-2.14	1.55
chr2	25010186	C	T	FEZF1_HUMAN	HEK293 (embryonic kidney)	0.0	3.8178135985337263	-1.261	1.1159999999999999
chr2	45812295	G	A	FEZF1_HUMAN	HEK293 (embryonic kidney)	0.0	1.574492279064602	-0.953	0.8079999999999999
chr2	68046853	T	A	PKNX1_HUMAN,PRDM4_HUMAN,FEZF1_HUMAN,OSR2_HUMAN	HEK293T (embryonic kidney),HEK293 (embryonic kidney)	0.0	4.265057274713944		1.9609999999999999
chr2	100064987	A	T	FEZF1_HUMAN	HEK293 (embryonic kidney)	0.0	1.716058428055356	-1.341	1.218
chr2	101433802	A	G	PRDM4_HUMAN,FEZF1_HUMAN	HEK293 (embryonic kidney)	1.3745192485864854	0.0	1.315	-1.175
chr2	109214212	C	T	SKI_HUMAN,FEZF1_HUMAN,SP2_HUMAN,ZEB2_HUMAN,ZN843_HUMAN,ZN488_HUMAN,ZN366_HUMAN,STAT3_HUMAN	HCC70 (ductal breast carcinoma),HEK293 (embryonic kidney),HL-60 (acute myeloid leukemia),PC3 (prostate carcinoma)	1.3402715265759535	0.0	1.218	-1.178
chr2	169363665	T	A	ZBT26_HUMAN,ZF64A_HUMAN,ZN629_HUMAN,FEZF1_HUMAN,ZN341_HUMAN,ZBT20_HUMAN,SP2_HUMAN,ZN366_HUMAN	HEK293 (embryonic kidney),K562 (myelogenous leukemia)	0.0	4.0833854407164205	-1.492	1.5819999999999999
chr2	171124693	C	G	FEZF1_HUMAN	HEK293 (embryonic kidney)	1.6971224612572464	0.0	1.301	-1.081
chr2	171124717	C	T	FEZF1_HUMAN	HEK293 (embryonic kidney)	1.5382281119771315	0.0	1.246	-1.103
chr2	173049830	G	T	FEZF1_HUMAN	HEK293 (embryonic kidney)	1.5409008852397705	0.0	1.239	-0.987
chr2	173050047	T	C	FEZF1_HUMAN,PRDM6_HUMAN	HEK293 (embryonic kidney)	3.074926115768097	0.0	1.5919999999999999	-1.62
chr2	180366637	A	T	FEZF1_HUMAN	HEK293 (embryonic kidney)	1.5517352482686015	0.0	1.237	-1.163
chr2	208113073	G	T	GLIS1_HUMAN,FEZF1_HUMAN	HEK293 (embryonic kidney)	0.0	2.390764636419686	-1.7690000000000001	1.511
chr2	209351817	T	C	ZIC2_HUMAN,PKNX1_HUMAN,GLIS1_HUMAN,FEZF1_HUMAN	HEK293T (embryonic kidney),HEK293 (embryonic kidney)	0.0	2.375007403416143	-1.3259999999999998	1.483
chr2	211860199	G	T	FEZF1_HUMAN	HEK293 (embryonic kidney)	0.0	2.551433333115272		1.399
chr2	211860213	A	G	FEZF1_HUMAN	HEK293 (embryonic kidney)	0.0	2.166109333451637	-1.324	1.3659999999999999
chr2	212177764	C	T	PRDM4_HUMAN,FEZF1_HUMAN,WT1_HUMAN	HEK293 (embryonic kidney)	1.6510695846587875	0.0	1.39	-1.156
chr2	218720252	G	C	ZN629_HUMAN,FEZF1_HUMAN,ZN843_HUMAN	HEK293 (embryonic kidney)	2.277012631599115	0.0	1.456	
chr2	237996150	G	A	ANDR_HUMAN,FEZF1_HUMAN	LNCaP (prostate carcinoma),HEK293 (embryonic kidney)	0.0	2.6186755914946334	-0.057	0.8079999999999999
chr20	10962096	C	A	ESR1_HUMAN,FEZF1_HUMAN,PRDM6_HUMAN	VCaP (prostate carcinoma),HEK293 (embryonic kidney),breast tumor tissue	3.2448905896323663	0.0	1.524	
chr20	35319358	T	C	FEZF1_HUMAN	HEK293T (embryonic kidney),HEK293 (embryonic kidney),K562 (myelogenous leukemia)	1.8745654178466242	0.0	1.229	-2.262
chr20	53805942	T	C	FEZF1_HUMAN	HEK293 (embryonic kidney),MDA-MB-453 (breast adenocarcinoma)	1.3146408017885642	0.0	1.402	
chr21	26126083	A	G	GCR_HUMAN,FEZF1_HUMAN	HEK293 (embryonic kidney),embryonic kidney	0.0	1.64892147901339	-1.9809999999999999	1.2229999999999999
chr21	29073640	G	A	PRDM1_HUMAN,FEZF1_HUMAN	HEK293T (embryonic kidney),HEK293 (embryonic kidney)	0.0	8.001520405720624		2.7569999999999997
chr21	34847020	A	G	FEZF1_HUMAN	HEK293 (embryonic kidney)	0.0	1.4102179825727421		1.32
chr21	39313678	C	T	T2AG_HUMAN,TYY1_HUMAN,HDAC2_HUMAN,ZNF24_HUMAN,CSN2_HUMAN,MGAP_HUMAN,NCOA2_HUMAN,GMEB1_HUMAN,E2F1_HUMAN,ZBT8A_HUMAN,TAF9B_HUMAN,NCOA6_HUMAN,HDAC3_HUMAN,EP400_HUMAN,ARNT_HUMAN,ZBT26_HUMAN,ZN692_HUMAN,ZN629_HUMAN,FEZF1_HUMAN,SP7_HUMAN,PRD10_HUMAN,PRDM6_HUMAN,ZSA5A_HUMAN,ZN623_HUMAN,KLF8_HUMAN,PATZ1_HUMAN,ZN770_HUMAN,ZBT10_HUMAN,MTG8R_HUMAN,TIF1A_HUMAN,HIC1_HUMAN,ZN394_HUMAN	HEK293 (embryonic kidney),K562 (myelogenous leukemia)	0.0	2.439693088668279	-1.149	0.998
chr22	24978018	A	C	CTCF_HUMAN,GLIS1_HUMAN,FEZF1_HUMAN	HEK293 (embryonic kidney),Peyer's patch	0.0	1.663705795397156	0.358	0.787
chr22	28784010	C	T	FEZF1_HUMAN	HEK293 (embryonic kidney)	1.315171722582975	0.0	1.483	-2.0580000000000003
chr22	33757801	T	G	GLIS1_HUMAN,FEZF1_HUMAN,PRDM6_HUMAN	HEK293 (embryonic kidney)	0.0	1.5396997950735651	-1.946	1.536
chr22	35840671	T	G	CTCF_HUMAN,TYY1_HUMAN,FEZF1_HUMAN,ZN189_HUMAN	HEK293 (embryonic kidney)	1.6661605251035134	0.0	0.89	-0.589
chr22	37541822	C	G	FEZF1_HUMAN	HEK293 (embryonic kidney)	0.0	1.4857306531338776	-1.213	1.364
chr22	42765874	T	C	FEZF1_HUMAN,ZSA5C_HUMAN	HEK293 (embryonic kidney)	0.0	3.638707165922784		1.82
chr22	42765988	A	G	FEZF1_HUMAN,ZSA5C_HUMAN	HEK293 (embryonic kidney)	0.0	4.520710942378086		1.959
chr3	4582247	C	T	ANDR_HUMAN,FEZF1_HUMAN	HEK293 (embryonic kidney),LHSAR (prostate epithelial cells)	0.0	1.435108367329737	-1.473	1.215
chr3	4582262	A	G	ANDR_HUMAN,FEZF1_HUMAN	HEK293 (embryonic kidney),LHSAR (prostate epithelial cells)	0.0	2.3931901377401634	-1.766	1.47
chr3	4989358	G	A	FEZF1_HUMAN	HEK293 (embryonic kidney)	2.3150619568803297	0.0	1.15	-1.3780000000000001
chr3	11496589	A	G	ANDR_HUMAN,GCR_HUMAN,FEZF1_HUMAN	HEK293 (embryonic kidney),embryonic kidney	1.9848328067740026	0.0	0.823	-0.24600000000000002
chr3	11632755	C	T	ANDR_HUMAN,FEZF1_HUMAN	VCaP (prostate carcinoma),HEK293 (embryonic kidney)	0.0	1.3618779517011737	0.293	0.541
chr3	12299182	A	C	FEZF1_HUMAN,PRDM6_HUMAN	HEK293 (embryonic kidney)	6.810893234508503	0.0	2.157	
chr3	12562661	A	C	FEZF1_HUMAN	HEK293 (embryonic kidney)	2.2722291351034514	0.0	1.524	
chr3	15638019	G	A	FEZF1_HUMAN	HEK293 (embryonic kidney)	0.0	1.5805018118577996	-1.126	1.319
chr3	24834770	C	T	FEZF1_HUMAN	HEK293 (embryonic kidney)	1.7173957359577956	0.0	1.354	
chr3	25008152	C	A	JUND_HUMAN,FEZF1_HUMAN	coronary artery smooth muscle	0.0	3.594757527144797	-1.7819999999999998	1.626
chr3	32321226	A	G	ZIC2_HUMAN,LMBL2_HUMAN,FEZF1_HUMAN	HEK293T (embryonic kidney),HEK293 (embryonic kidney)	0.0	2.888511010597963	-1.974	1.6780000000000002
chr3	34010270	T	C	PRDM4_HUMAN,FEZF1_HUMAN,SP7_HUMAN,PRDM6_HUMAN,WT1_HUMAN,OSR2_HUMAN,ZNF18_HUMAN,ZEB2_HUMAN,ZN843_HUMAN,ZN366_HUMAN,ZN394_HUMAN	HEK293 (embryonic kidney)	0.0	2.073610332626688	-1.8119999999999998	1.5859999999999999
chr3	34010512	T	C	FEZF1_HUMAN,ZBT17_HUMAN	HEK293 (embryonic kidney)	0.0	1.6700795166976408	-1.584	1.357
chr3	34010532	T	C	FEZF1_HUMAN	HEK293 (embryonic kidney)	0.0	1.908000107882188	-1.311	1.406
chr3	36363069	G	A	GLIS1_HUMAN,FEZF1_HUMAN	HEK293 (embryonic kidney)	4.0773465591671165	0.0	1.774	-2.031
chr3	52057238	A	G	ESR1_HUMAN,KLF1_HUMAN,PKNX1_HUMAN,ZN692_HUMAN,FEZF1_HUMAN,ZF69B_HUMAN,ZBT12_HUMAN	HEK293T (embryonic kidney),GM12878 (female B-cells),HEK293 (embryonic kidney),breast tumor tissue	1.7191573795325896	0.0	1.425	-0.251
chr3	61158249	C	T	FEZF1_HUMAN,SP7_HUMAN,ZSA5C_HUMAN,PRDM6_HUMAN,OSR2_HUMAN	HEK293 (embryonic kidney)	3.5136923144018946	0.0	1.7619999999999998	-2.051
chr3	61158401	C	T	ZIC2_HUMAN,TYY1_HUMAN,PKNX1_HUMAN,PRDM4_HUMAN,FEZF1_HUMAN,SP7_HUMAN,PRDM6_HUMAN,OSR2_HUMAN,ZN366_HUMAN	HEK293T (embryonic kidney),HEK293 (embryonic kidney)	1.437581261032638	0.0	1.319	-1.554
chr3	61158408	C	A	ZIC2_HUMAN,PKNX1_HUMAN,PRDM4_HUMAN,FEZF1_HUMAN,SP7_HUMAN,PRDM6_HUMAN,OSR2_HUMAN,ZN366_HUMAN	HEK293 (embryonic kidney)	1.7908252475490167	0.0	1.4240000000000002	-1.682
chr3	94293940	T	G	GLIS1_HUMAN,FEZF1_HUMAN,SP7_HUMAN,PRDM6_HUMAN,ZXDB_HUMAN	HEK293 (embryonic kidney)	2.454898659001512	0.0	1.714	
chr3	97737064	C	A	PKNX1_HUMAN,CTBP1_HUMAN,ZN600_HUMAN,FEZF1_HUMAN,PRDM6_HUMAN	HEK293T (embryonic kidney),HEK293 (embryonic kidney)	0.0	12.248371503197463		1.034
chr3	112688378	A	G	FEZF1_HUMAN,PRDM6_HUMAN	HEK293T (embryonic kidney),HEK293 (embryonic kidney)	0.0	4.477813205649961	-2.064	1.837
chr3	112688380	A	G	FEZF1_HUMAN,PRDM6_HUMAN	HEK293T (embryonic kidney),HEK293 (embryonic kidney)	0.0	4.477813205649961	-2.064	1.837
chr3	117885424	A	G	FEZF1_HUMAN	HEK293 (embryonic kidney)	3.1564138671114255	0.0	1.71	-2.035
chr3	119019938	G	A	FEZF1_HUMAN,DUX4_HUMAN	HEK293 (embryonic kidney),induced pluripotent stem cells	0.0	4.477813205649961		1.8780000000000001
chr3	132219042	C	T	ANDR_HUMAN,FOXA1_HUMAN,FEZF1_HUMAN	CWR22 (prostate carcinoma),HEK293 (embryonic kidney)	1.6120638242952174	0.0	0.7020000000000001	0.003
chr3	132219055	A	C	ANDR_HUMAN,FEZF1_HUMAN	VCaP (prostate carcinoma),HEK293 (embryonic kidney)	0.0	2.8927653017393284	0.22	0.675
chr3	132219079	C	G	ANDR_HUMAN,FEZF1_HUMAN	VCaP (prostate carcinoma),LNCaP C4-2 (prostate carcinoma),CWR22 (prostate carcinoma),HEK293 (embryonic kidney)	0.0	6.836479615066716	0.13	0.785
chr3	132219238	G	A	ANDR_HUMAN,FOXA1_HUMAN,FEZF1_HUMAN	LNCaP (prostate carcinoma),VCaP (prostate carcinoma),LNCaP C4-2 (prostate carcinoma),CWR22 (prostate carcinoma),HEK293 (embryonic kidney)	0.0	19.132384239053014	-0.152	1.163
chr3	138082937	A	G	FEZF1_HUMAN	GM12878 (female B-cells),HEK293 (embryonic kidney)	0.0	1.6848927863468082	-1.368	1.219
chr3	143775704	C	A	FEZF1_HUMAN	VCaP (prostate carcinoma),HEK293 (embryonic kidney),neural cell	2.5060009240952414	0.0	1.59	-1.879
chr3	149300683	C	T	FEZF1_HUMAN	HEK293 (embryonic kidney)	2.036970795848827	0.0	0.62	
chr3	159234526	C	A	FEZF1_HUMAN,PRDM6_HUMAN,WT1_HUMAN,ZN664_HUMAN,OSR2_HUMAN	HEK293 (embryonic kidney)	0.0	2.5912815017756525	-2.043	1.556
chr3	169542534	G	C	ATF2_HUMAN,INSM2_HUMAN,ZN629_HUMAN,FEZF1_HUMAN,BC11B_HUMAN,PRDM6_HUMAN,ZEB2_HUMAN	HEK293 (embryonic kidney)	0.0	1.933255136618432	-1.569	1.401
chr3	171791836	G	C	SOX13_HUMAN,SOX5_HUMAN,ZN629_HUMAN,FEZF1_HUMAN,ZBT17_HUMAN,ZEB2_HUMAN	HEK293 (embryonic kidney),HepG2 (hepatoblastoma),LHSAR (prostate epithelial cells)	4.739797673081007	0.0	1.9369999999999998	
chr3	171791952	G	C	ANDR_HUMAN,PRDM1_HUMAN,JUN_HUMAN,SOX13_HUMAN,SOX5_HUMAN,FEZF1_HUMAN	HEK293 (embryonic kidney),HepG2 (hepatoblastoma),LHSAR (prostate epithelial cells),HAEC (human aortic endothelial cells)	7.176259564632968	0.0	1.528	-0.9309999999999999
chr3	182912067	C	G	FEZF1_HUMAN	HEK293 (embryonic kidney)	1.8170009499750037	0.0	1.39	
chr3	182912071	G	A	FEZF1_HUMAN	HEK293 (embryonic kidney)	1.5056715552225899	0.0	1.2770000000000001	
chr5	14131796	T	C	GLIS1_HUMAN,FEZF1_HUMAN	HEK293 (embryonic kidney)	0.0	3.6895229661844247		2.006
chr5	14131832	A	G	GLIS1_HUMAN,FEZF1_HUMAN,ZBT17_HUMAN,ZNF34_HUMAN,ZN189_HUMAN	HEK293 (embryonic kidney)	0.0	4.662352309761672		2.242
chr5	14449027	T	C	FEZF1_HUMAN	HEK293 (embryonic kidney)	0.0	1.6441175254859783		1.59
chr5	17316076	C	G	FEZF1_HUMAN	HEK293 (embryonic kidney)	1.379512707671848	0.0	1.3780000000000001	
chr5	36242110	T	C	FEZF1_HUMAN,BC11B_HUMAN,KMT2A_HUMAN	HEK293T (embryonic kidney),A549 (lung carcinoma),VCaP (prostate carcinoma),CD14+ monocytes,HEK293 (embryonic kidney),K562 (myelogenous leukemia),PC9 (lung adenocarcinoma),fetal bone marrow-derived mononuclear cells,esophagus muscularis mucosa	0.0	4.137163714368621		2.191
chr5	36369356	G	T	FEZF1_HUMAN	HEK293 (embryonic kidney)	0.0	2.6255296121871217		1.7719999999999998
chr5	36396975	G	C	FEZF1_HUMAN	HEK293 (embryonic kidney),K562 (myelogenous leukemia)	0.0	2.7836699915521708		1.7519999999999998
chr5	40791782	C	T	FEZF1_HUMAN	HEK293 (embryonic kidney)	0.0	1.6167131426172365		1.626
chr5	43018246	T	C	CTCF_HUMAN,FEZF1_HUMAN,ZBT20_HUMAN,MZF1_HUMAN	HEK293T (embryonic kidney),A549 (lung carcinoma),HEK293 (embryonic kidney)	0.06081105573749314	2.550585120631824	0.20600000000000002	0.862
chr5	43570584	C	G	FEZF1_HUMAN	HEK293 (embryonic kidney)	3.978748026247733	0.0	1.1059999999999999	
chr5	43572599	A	G	PKNX1_HUMAN,FEZF1_HUMAN,PRDM6_HUMAN	HEK293 (embryonic kidney)	1.758049770430078	0.0	1.453	-1.337
chr5	43601508	C	A	FEZF1_HUMAN	HEK293 (embryonic kidney)	0.0	1.7703060215051953		1.449
chr7	2157810	T	C	ESR1_HUMAN,FEZF1_HUMAN,SP7_HUMAN	HEK293 (embryonic kidney),breast tumor tissue	2.681654216443019	0.0	1.092	
chr7	11457643	C	G	FEZF1_HUMAN,ZN843_HUMAN	HEK293 (embryonic kidney)	0.0	12.06083717515046		2.374
chr7	25856998	G	C	FEZF1_HUMAN	GM12878 (female B-cells),HEK293 (embryonic kidney)	0.0	1.9624244896245653	-1.625	1.4240000000000002
chr7	25952890	T	C	ZIC2_HUMAN,ZBT26_HUMAN,ZN692_HUMAN,ZN600_HUMAN,FEZF1_HUMAN,ZF69B_HUMAN,OSR2_HUMAN,ZN335_HUMAN,ZBTB6_HUMAN	HEK293 (embryonic kidney),HepG2 (hepatoblastoma)	0.0	1.4164997343217562	-1.004	1.2309999999999999
chr7	27099135	T	G	FEZF1_HUMAN,ZXDB_HUMAN,ZN843_HUMAN	HEK293 (embryonic kidney)	0.0	5.831584516777442		2.041
chr7	41445518	A	G	FEZF1_HUMAN	HEK293 (embryonic kidney)	0.0	4.6186202280197435		1.607
chr7	42233809	A	G	FEZF1_HUMAN,PRDM6_HUMAN	HEK293 (embryonic kidney)	1.4786388653269698	0.0	1.3359999999999999	-1.705
chr7	42372738	T	C	FEZF1_HUMAN	HEK293 (embryonic kidney)	0.0	1.4814467416095234	-1.0590000000000002	1.295
chr7	43363715	G	A	FEZF1_HUMAN,OSR2_HUMAN	HEK293 (embryonic kidney)	2.26519639201907	0.0	1.547	-1.8359999999999999
chr7	43363738	G	A	FEZF1_HUMAN,OSR2_HUMAN	HEK293 (embryonic kidney)	2.1481660040183286	0.0	1.528	-1.8969999999999998
chr7	43825634	C	G	FEZF1_HUMAN,SCRT1_HUMAN,PRDM6_HUMAN,HIC1_HUMAN,SCRT2_HUMAN	HEK293 (embryonic kidney)	0.0	2.364493583126536	-1.8159999999999998	1.52
chr7	44848430	G	A	RAD21_HUMAN,ZN639_HUMAN,PRDM4_HUMAN,ZN629_HUMAN,FEZF1_HUMAN,SP7_HUMAN,ZFHX2_HUMAN,ZBT17_HUMAN,ZN335_HUMAN,ZEB2_HUMAN	LNCaP (prostate carcinoma),GM12878 (female B-cells),HEK293 (embryonic kidney),thymus-derived CD34- cells	0.0	2.3922275646611606	-1.0490000000000002	1.224
chr7	95066827	G	A	FEZF1_HUMAN	HEK293 (embryonic kidney)	0.0	2.7694580387327097	-2.169	1.579
chr7	114852027	A	T	FEZF1_HUMAN	HEK293 (embryonic kidney)	1.5969969215189725	0.0	1.483	-1.178
chr7	117946237	A	G	FEZF1_HUMAN	HEK293 (embryonic kidney)	0.0	2.566431846541833	-2.388	1.695
chr7	127393894	A	T	FEZF1_HUMAN	HEK293 (embryonic kidney)	1.4786388653269698	0.0	1.361	-1.254
chr7	135704860	C	T	FEZF1_HUMAN,ZN394_HUMAN	HEK293 (embryonic kidney)	0.0	1.3709613319191913	-1.966	1.507
chr7	140396357	C	T	PKNX1_HUMAN,FEZF1_HUMAN,ZBT17_HUMAN,OSR2_HUMAN,ZNF18_HUMAN	HEK293T (embryonic kidney),HEK293 (embryonic kidney)	3.06928036876075	0.0	1.682	-2.11
chr7	140396375	C	G	GATA3_HUMAN,PKNX1_HUMAN,FEZF1_HUMAN,ZBT17_HUMAN,OSR2_HUMAN,ZN366_HUMAN	HEK293T (embryonic kidney),MCF7 (Invasive ductal breast carcinoma),HEK293 (embryonic kidney),K562 (myelogenous leukemia),SK-N-SH (neuroblastoma)	2.099028977970624	0.0	1.3019999999999998	0.212
chr7	140396403	C	T	PKNX1_HUMAN,FOXK2_HUMAN,ZN580_HUMAN,GLIS1_HUMAN,FEZF1_HUMAN,ZBT17_HUMAN,OSR2_HUMAN	HEK293T (embryonic kidney),HEK293 (embryonic kidney)	4.099873169323439	0.0	1.764	-1.999
chr7	155206321	C	T	T2FA_HUMAN,TYY1_HUMAN,EGR1_HUMAN,HDAC2_HUMAN,KDM1A_HUMAN,SMCA5_HUMAN,MNT_HUMAN,ZNF24_HUMAN,NFRKB_HUMAN,NR2C1_HUMAN,NCOR1_HUMAN,NCOA2_HUMAN,GMEB1_HUMAN,SMCA4_HUMAN,HTF4_HUMAN,IKZF1_HUMAN,FOXK2_HUMAN,MTA2_HUMAN,ARNT_HUMAN,REQU_HUMAN,HDGF_HUMAN,ZN639_HUMAN,ZN600_HUMAN,FEZF1_HUMAN,TZAP_HUMAN,ZNF2_HUMAN,MYNN_HUMAN,ZBT17_HUMAN,SP2_HUMAN,ZNF76_HUMAN,ZSCA4_HUMAN,GLIS2_HUMAN,ZBT21_HUMAN,ZN843_HUMAN,ZBT10_HUMAN,PHF20_HUMAN,E4F1_HUMAN,ENL_HUMAN,MTA1_HUMAN,MEIS2_HUMAN,NCOA1_HUMAN,ARI1B_HUMAN,ZN316_HUMAN,ZBTB5_HUMAN,ZN184_HUMAN,SPT5H_HUMAN,HDAC1_HUMAN,BCOR_HUMAN,TIF1A_HUMAN,AFF1_HUMAN,RHG35_HUMAN,HIC1_HUMAN	HEK293 (embryonic kidney),K562 (myelogenous leukemia)	1.4170278734345496	0.0	1.3419999999999999	-1.551
chr8	2012034	A	G	GLIS1_HUMAN,FEZF1_HUMAN,ZN341_HUMAN	HEK293 (embryonic kidney)	0.0	7.607365995607856		2.0540000000000003
chr8	2075434	T	C	ZN600_HUMAN,FEZF1_HUMAN,WT1_HUMAN	HEK293 (embryonic kidney)	0.0	1.4365871840152076	-1.344	1.5630000000000002
chr8	6265953	C	T	ZN629_HUMAN,FEZF1_HUMAN,PRDM6_HUMAN,ZN843_HUMAN	HEK293 (embryonic kidney)	1.7918648225366447	0.0	1.538	-1.426
chr8	6677525	C	T	FEZF1_HUMAN	HEK293 (embryonic kidney)	3.3198591793684264	0.0	1.899	
chr8	9082321	C	G	FEZF1_HUMAN,PRDM6_HUMAN,ZN366_HUMAN	HEK293 (embryonic kidney),monocyte-derived macrophages,monocyte-derived dendritic cells	2.6560330871058606	0.0	1.482	
chr8	13059461	C	G	FEZF1_HUMAN,PRDM6_HUMAN	HEK293 (embryonic kidney)	1.7329461766939294	0.0	1.545	
chr8	17158715	A	C	FEZF1_HUMAN	CD34+ hematopoietic stem cells-derived proerythroblasts,HEK293 (embryonic kidney)	0.0	3.7661236875051127		1.867
chr8	26352455	A	G	FEZF1_HUMAN	HEK293 (embryonic kidney),embryonic kidney	1.8303784902393545	0.0	1.557	-1.256
chr8	27786374	C	T	GATA1_HUMAN,FEZF1_HUMAN	CD34+ hematopoietic stem cells-derived proerythroblasts	2.3575243381479654	0.0	1.29	-0.82
chr8	42267821	T	C	ZN580_HUMAN,FEZF1_HUMAN,SP7_HUMAN,OSR2_HUMAN	HEK293T (embryonic kidney),HEK293 (embryonic kidney)	0.0	1.402098825626255	-1.964	1.556
chr8	57546678	G	T	ZIC2_HUMAN,FEZF1_HUMAN	HEK293T (embryonic kidney),HEK293 (embryonic kidney)	0.0	2.8553763507788488	-1.619	1.494
chr8	71059236	C	A	SP1_HUMAN,INSM2_HUMAN,FEZF1_HUMAN,SP7_HUMAN,PRDM6_HUMAN,WT1_HUMAN,OSR2_HUMAN	HEK293 (embryonic kidney)	1.5185260503808058	0.0	1.077	-0.301
chr8	76513527	C	T	ZIC2_HUMAN,FEZF1_HUMAN,PRDM6_HUMAN	HEK293T (embryonic kidney),HEK293 (embryonic kidney)	0.0	1.5835225883203627	-1.21	1.2570000000000001
chr8	76581291	T	A	FOXA1_HUMAN,ZIC2_HUMAN,PKNX1_HUMAN,CTBP1_HUMAN,BHE40_HUMAN,FEZF1_HUMAN	HEK293T (embryonic kidney),HEK293 (embryonic kidney)	0.0	1.5867372434822025	-1.04	1.358
chr8	105554378	T	C	FEZF1_HUMAN,PRDM6_HUMAN	HEK293 (embryonic kidney)	0.0	3.0384239031560893		0.556
chr8	142699871	G	C	ATF3_HUMAN,ZBT8A_HUMAN,ARNT_HUMAN,ZBT26_HUMAN,PRDM4_HUMAN,FEZF1_HUMAN,ZXDB_HUMAN,OSR2_HUMAN	HEK293T (embryonic kidney),HCT-116 (colon carcinoma),HEK293 (embryonic kidney),K562 (myelogenous leukemia)	0.0	1.7800719193295105	-0.797	1.224
chrX	483036	G	C	FEZF1_HUMAN,ZSA5C_HUMAN,PRDM6_HUMAN,ZF69B_HUMAN,ZXDB_HUMAN,ZN843_HUMAN,ZN366_HUMAN	HEK293 (embryonic kidney)	0.0	3.1119336727952582		1.7919999999999998
chrX	483148	G	C	FEZF1_HUMAN,ZXDB_HUMAN,ZBT17_HUMAN,ZN843_HUMAN,ZN366_HUMAN	HEK293 (embryonic kidney)	0.0	1.981482471814618	-1.442	1.475
chrX	483176	A	G	FEZF1_HUMAN,ZXDB_HUMAN,ZN366_HUMAN	HEK293 (embryonic kidney)	1.682810163393652	0.0	1.3840000000000001	
chrX	73849341	G	A	FEZF1_HUMAN,ZN555_HUMAN	HEK293T (embryonic kidney),HEK293 (embryonic kidney)	0.0	4.765177532439507		1.989
chrX	101692113	T	A	FEZF1_HUMAN	HEK293 (embryonic kidney)	2.0496297102720002	0.0	1.5090000000000001	
chrX	103152550	A	C	FOXK2_HUMAN,GLIS1_HUMAN,Z585B_HUMAN,FEZF1_HUMAN,ZN624_HUMAN,ZXDB_HUMAN,ZSA5A_HUMAN,ZNF2_HUMAN,ZN521_HUMAN,SCRT2_HUMAN,ZN366_HUMAN	HEK293T (embryonic kidney),HEK293 (embryonic kidney)	0.0	1.9379387046006677		1.4340000000000002
