Chromosome	Position	Ref	Alt	ASB in transcription factors	ASB in cell types	FOS_HUMAN_FDR_Ref	FOS_HUMAN_FDR_Alt	FOS_HUMAN_Effect_Size_Ref	FOS_HUMAN_Effect_Size_Alt
chr1	1741276	C	T	FOS_HUMAN	MCF7 (Invasive ductal breast carcinoma)	3.379094397686642	0.0	1.859	
chr1	3948509	C	T	CREB1_HUMAN,FOS_HUMAN	MCF7 (Invasive ductal breast carcinoma)	2.6636074537423142	0.0	1.499	-1.794
chr1	8046141	A	G	FOS_HUMAN	MCF7 (Invasive ductal breast carcinoma)	2.8051115474529387	0.0	1.6880000000000002	-2.6630000000000003
chr1	8197722	G	A	GCR_HUMAN,FOS_HUMAN	BEAS-2B (bronchial epithelium),MCF7 (Invasive ductal breast carcinoma),HEK293 (embryonic kidney)	2.9261463286156033	0.0	1.198	-1.275
chr1	9275686	C	T	NFIC_HUMAN,EGR1_HUMAN,HDAC2_HUMAN,KDM1A_HUMAN,CTBP1_HUMAN,NCOR1_HUMAN,SMCA4_HUMAN,HTF4_HUMAN,BHE40_HUMAN,IKZF1_HUMAN,IKZF2_HUMAN,COT1_HUMAN,SRF_HUMAN,RAD51_HUMAN,REQU_HUMAN,MEF2B_HUMAN,RING2_HUMAN,MTG16_HUMAN,DACH1_HUMAN,MTG8R_HUMAN,ATF7_HUMAN,FOS_HUMAN,ARI1B_HUMAN,HDAC1_HUMAN	MCF7 (Invasive ductal breast carcinoma),GM12878 (female B-cells),HCT-116 (colon carcinoma),K562 (myelogenous leukemia)	3.0996285383291218	0.0	1.444	-1.617
chr1	15463518	G	A	FOS_HUMAN	MCF7 (Invasive ductal breast carcinoma)	1.622361393874289	0.0	1.483	-1.178
chr1	16608312	C	T	ESR1_HUMAN,SKI_HUMAN,ANDR_HUMAN,FOXA1_HUMAN,PRGR_HUMAN,SUH_HUMAN,CREB1_HUMAN,MNT_HUMAN,ZNF24_HUMAN,CLOCK_HUMAN,SOX13_HUMAN,ZKSC8_HUMAN,ZN687_HUMAN,FOXK2_HUMAN,HM20A_HUMAN,HOMEZ_HUMAN,RCOR2_HUMAN,THA11_HUMAN,ZN580_HUMAN,MIER3_HUMAN,PPARG_HUMAN,TEAD1_HUMAN,ZBT26_HUMAN,NR2F6_HUMAN,KMT2B_HUMAN,MLX_HUMAN,ZSC9_HUMAN,FOXA3_HUMAN,ZGPAT_HUMAN,NFYC_HUMAN,ARI4B_HUMAN,TEAD3_HUMAN,ZN792_HUMAN,KLF16_HUMAN,ZN511_HUMAN,ELF3_HUMAN,CEBPA_HUMAN,IRF2_HUMAN,NC2A_HUMAN,ZN205_HUMAN,ETV5_HUMAN,FOXP1_HUMAN,SP130_HUMAN,ZBT25_HUMAN,ERF_HUMAN,FOS_HUMAN	VCaP (prostate carcinoma),MCF7 (Invasive ductal breast carcinoma),GM12878 (female B-cells),HepG2 (hepatoblastoma),K562 (myelogenous leukemia)	37.9385041050611	0.0	1.163	-0.37
chr1	16608409	C	T	ESR1_HUMAN,SKI_HUMAN,FOXA1_HUMAN,SIN3A_HUMAN,FOXA2_HUMAN,MNT_HUMAN,ZNF24_HUMAN,ZN592_HUMAN,ZN687_HUMAN,ARNT_HUMAN,ERR1_HUMAN,ATF7_HUMAN,NCOA3_HUMAN,SMRC2_HUMAN,FOS_HUMAN	MCF7 (Invasive ductal breast carcinoma),HepG2 (hepatoblastoma)	5.260520761490835	0.0	1.4809999999999999	-0.728
chr1	16609060	G	A	EP300_HUMAN,ZBT40_HUMAN,KAISO_HUMAN,KDM1A_HUMAN,MNT_HUMAN,FOXK2_HUMAN,FOXP1_HUMAN,FOS_HUMAN	MCF7 (Invasive ductal breast carcinoma),HepG2 (hepatoblastoma),gastroesophageal sphincter	1.8575303983520204	0.0	1.311	-1.237
chr1	16621240	G	A	T2FA_HUMAN,TAF7_HUMAN,TADBP_HUMAN,CAVN1_HUMAN,DIDO1_HUMAN,HDAC8_HUMAN,RAD21_HUMAN,NFIC_HUMAN,TAL1_HUMAN,CEBPB_HUMAN,CTCF_HUMAN,GATA3_HUMAN,AP2C_HUMAN,GCR_HUMAN,SIN3A_HUMAN,ZFX_HUMAN,JUN_HUMAN,ZBT40_HUMAN,ID3_HUMAN,MAX_HUMAN,COT2_HUMAN,JUND_HUMAN,EGR1_HUMAN,SP1_HUMAN,NR4A1_HUMAN,REST_HUMAN,NFE2_HUMAN,KLF13_HUMAN,ATF1_HUMAN,MAFG_HUMAN,CREB1_HUMAN,HDAC2_HUMAN,KDM1A_HUMAN,SMCA5_HUMAN,ZN579_HUMAN,P66B_HUMAN,SMCE1_HUMAN,MNT_HUMAN,ZNF24_HUMAN,ZN574_HUMAN,NBN_HUMAN,TRI22_HUMAN,IRF1_HUMAN,PKNX1_HUMAN,CTBP1_HUMAN,HSF1_HUMAN,HCFC1_HUMAN,NR2C1_HUMAN,NCOR1_HUMAN,ZN592_HUMAN,MYBB_HUMAN,RFX1_HUMAN,MGAP_HUMAN,NCOA2_HUMAN,GMEB1_HUMAN,ATF3_HUMAN,ILF3_HUMAN,TAF9B_HUMAN,HDAC3_HUMAN,CHAP1_HUMAN,EMSY_HUMAN,EP400_HUMAN,ZN318_HUMAN,XRCC3_HUMAN,SMCA4_HUMAN,MEF2D_HUMAN,NF2L1_HUMAN,PBX2_HUMAN,HTF4_HUMAN,IKZF1_HUMAN,FOXK2_HUMAN,COT1_HUMAN,NFAC3_HUMAN,ARNT_HUMAN,SKIL_HUMAN,REQU_HUMAN,BCLF1_HUMAN,LEF1_HUMAN,LMBL2_HUMAN,HDGF_HUMAN,TEAD2_HUMAN,GABP1_HUMAN,ZN766_HUMAN,EHMT2_HUMAN,RING2_HUMAN,HINFP_HUMAN,NRF1_HUMAN,MAFK_HUMAN,MITF_HUMAN,PRD10_HUMAN,ZEB2_HUMAN,ZFP91_HUMAN,MTG16_HUMAN,DACH1_HUMAN,ATF7_HUMAN,ENL_HUMAN,NCOA3_HUMAN,NFIB_HUMAN,ZN444_HUMAN,TF65_HUMAN,T22D4_HUMAN,IRF9_HUMAN,MTA1_HUMAN,ZBT7B_HUMAN,MTA3_HUMAN,FOS_HUMAN,ETS2_HUMAN,MEIS2_HUMAN,NCOA1_HUMAN,SOX6_HUMAN,ARI1B_HUMAN,ZN316_HUMAN,ARID2_HUMAN,MCM2_HUMAN,SPT5H_HUMAN,PHB2_HUMAN,C2D1A_HUMAN,HDAC1_HUMAN,TIF1A_HUMAN,AFF1_HUMAN,TR150_HUMAN,TEAD4_HUMAN,KDM5B_HUMAN,FOSB_HUMAN	AG04449 (fibroblasts),AG04450 (fibroblasts),AG09319 (fibroblasts),VCaP (prostate carcinoma),MCF7 (Invasive ductal breast carcinoma),COLO-829 (melanoma),Delta47 (plasma cell myeloma),DND41 (acute lymphoblastic leukemia),DOHH2 (diffuse large B-cell lymphoma),FB0167P (progeria fibroblasts),GM10248 (male B-cells),GM10266 (male B-cells),GM12864 (male B-cells),GM12866 (male B-cells),GM12868 (female B-cells),GM12871 (male B-cells),GM12873 (female B-cells),GM12874 (male B-cells),GM12875 (female B-cells),H1 (embryonic stem cells),H1-derived trophectodermal cells,H929 (plasma cell myeloma),HCT-116 (colon carcinoma),HeLa Kyoto (cervical adenocarcinoma),HeLa S3 (cervical adenocarcinoma),skeletal muscles and myoblasts,epidermal keratinocytes,Jurkat (T-cells),spleen,normal lung fibroblasts,OCI-LY1 (diffuse large B-cell lymphoma),breast epithelial cells,SK-BR-3 (breast adenocarcinoma),SU-DHL-6 (diffuse large B-cell lymphoma),neural progenitors,hepatocytes,kidney,myotube,suprapubic skin,heart left ventricle,gastrocnemius medialis,Peyer's patch,bipolar neuron,ovary,stomach,uterus,esophagus muscularis mucosa,thyroid gland,ascending aorta,tibial nerve,neural cell,upper lobe of left lung,RWPE2,smooth muscle cell,SK-N-AS (neuroblastoma),HCT-116-RAD21-mAC	1.5346222221893742	0.0	1.859	-2.14
chr1	21454158	A	G	GATA1_HUMAN,PPARG_HUMAN,FOS_HUMAN	MCF7 (Invasive ductal breast carcinoma),CD34+ hematopoietic stem cells-derived proerythroblasts,coronary artery smooth muscle,HEK293 (embryonic kidney),HT29 (colon adenocarcinoma)	3.7166098376572734	0.0	1.484	-1.121
chr1	29789465	C	T	FOS_HUMAN	MCF7 (Invasive ductal breast carcinoma)	0.0	1.6768246811502294		1.54
chr1	30059135	C	T	ATF2_HUMAN,GLIS1_HUMAN,SP7_HUMAN,FOS_HUMAN	MCF7 (Invasive ductal breast carcinoma),HEK293 (embryonic kidney)	0.0	1.4546782584573035	-1.244	1.395
chr1	37471780	C	T	ELF1_HUMAN,ZFHX2_HUMAN,TF65_HUMAN,FOS_HUMAN,ZFP37_HUMAN,ZN366_HUMAN	MCF7 (Invasive ductal breast carcinoma),HEK293 (embryonic kidney),monocyte-derived macrophages	0.0	2.644909704158278	-1.656	1.71
chr1	37472036	A	G	FOS_HUMAN	MCF7 (Invasive ductal breast carcinoma)	2.474058158252694	0.0	1.706	
chr1	44588088	G	T	FOS_HUMAN	MCF7 (Invasive ductal breast carcinoma)	6.470026672559885	0.0	2.218	
chr1	44721658	G	A	TAL1_HUMAN,TYY1_HUMAN,CREB1_HUMAN,IRF2_HUMAN,FOS_HUMAN,CEBPD_HUMAN,STA5A_HUMAN,TEAD4_HUMAN,PO2F2_HUMAN,MAF_HUMAN,KDM5B_HUMAN,PML_HUMAN	GM12891 (male B-cells),HepG2 (hepatoblastoma),Th2-cells,D341 Med (medulloblastoma)	1.7375806753785301	0.0	1.296	0.08199999999999999
chr1	45979585	G	A	FOXA2_HUMAN,FOS_HUMAN	LNCaP (prostate carcinoma),HEK293 (embryonic kidney)	1.4934445185352438	0.0	1.165	-0.907
chr1	54971117	T	C	GRHL2_HUMAN,FOS_HUMAN	bronchial epithelial cells	0.0	6.219189524663255	-2.546	1.8880000000000001
chr1	55310696	T	C	ANDR_HUMAN,FOS_HUMAN	HEK293 (embryonic kidney),LHSAR (prostate epithelial cells)	0.0	3.876187883802068	0.105	1.011
chr1	67044784	G	T	FOS_HUMAN	MCF7 (Invasive ductal breast carcinoma)	1.6127448960931936	0.0	1.565	-2.14
chr1	67044791	A	G	JUN_HUMAN,JUND_HUMAN,FOS_HUMAN	coronary artery smooth muscle	0.0	1.3652461407283303		0.9940000000000001
chr1	67552548	C	T	FOS_HUMAN	MCF7 (Invasive ductal breast carcinoma)	1.5207122290311974	0.0	1.484	-1.121
chr1	67889966	T	C	FOS_HUMAN	HEK293 (embryonic kidney),K562 (myelogenous leukemia)	0.0	1.5120078709362015	-2.079	1.548
chr1	70510115	G	A	CEBPB_HUMAN,FOS_HUMAN	MCF7 (Invasive ductal breast carcinoma),GM12878 (female B-cells),SUM159PT (pleiomorphic breast carcinoma)	2.953168619357322	0.0	0.645	-0.5
chr1	79198984	G	A	FOS_HUMAN	MCF7 (Invasive ductal breast carcinoma)	0.0	2.072597861589847		1.692
chr1	79199011	G	A	FOS_HUMAN	MCF7 (Invasive ductal breast carcinoma)	0.0	2.7968883259264774		1.7730000000000001
chr1	79199040	G	A	JUN_HUMAN,JUND_HUMAN,FOS_HUMAN	MCF7 (Invasive ductal breast carcinoma),coronary artery smooth muscle	0.0	2.480377989655138	0.305	1.435
chr1	107936465	G	A	GRHL2_HUMAN,ESR1_HUMAN,FOXA1_HUMAN,FOS_HUMAN	MCF7 (Invasive ductal breast carcinoma)	0.0	2.3594604164230297	-1.956	1.469
chr1	111848204	C	T	ZBT40_HUMAN,FOS_HUMAN	MCF7 (Invasive ductal breast carcinoma)	0.0	1.5285096852666882		1.4340000000000002
chr1	114123447	G	A	MNT_HUMAN,RFX1_HUMAN,FOS_HUMAN	MCF7 (Invasive ductal breast carcinoma)	0.0	2.058705075756842		2.11
chr1	114473782	C	G	REQU_HUMAN,FOS_HUMAN	MCF7 (Invasive ductal breast carcinoma)	0.0	1.937334232824674		1.671
chr1	114473793	G	A	FOS_HUMAN	MCF7 (Invasive ductal breast carcinoma),K562 (myelogenous leukemia)	0.0	2.94755790088253		3.093
chr1	116341056	G	A	PKNX1_HUMAN,FOS_HUMAN	MCF7 (Invasive ductal breast carcinoma)	2.8868287282077914	0.0	1.7109999999999999	-2.6860000000000004
chr1	147721871	T	G	MNT_HUMAN,CLOCK_HUMAN,FOS_HUMAN	MCF7 (Invasive ductal breast carcinoma)	0.0	2.155291830763112		1.8619999999999999
chr1	151539950	T	C	T2FA_HUMAN,GRHL2_HUMAN,SIN3A_HUMAN,ZFX_HUMAN,ZBT40_HUMAN,CREB1_HUMAN,ZN217_HUMAN,ZN579_HUMAN,SMCE1_HUMAN,MNT_HUMAN,SIX4_HUMAN,ELF1_HUMAN,CLOCK_HUMAN,SNIP1_HUMAN,PKNX1_HUMAN,NCOR1_HUMAN,IKZF1_HUMAN,ZN687_HUMAN,REQU_HUMAN,ELK1_HUMAN,NRF1_HUMAN,MAZ_HUMAN,HES1_HUMAN,NFIB_HUMAN,ZBT7B_HUMAN,FOS_HUMAN,CHD1_HUMAN,P53_HUMAN,SNAI2_HUMAN	HEK293T (embryonic kidney),MCF7 (Invasive ductal breast carcinoma),keratinocytes,HEK293 (embryonic kidney),K562 (myelogenous leukemia)	0.21235896615950534	1.3154876359672898	-0.013000000000000001	1.67
chr1	151585773	G	C	ELF1_HUMAN,FOS_HUMAN	MCF7 (Invasive ductal breast carcinoma),pancreatic ductal adenocarcinoma	2.7936676261278133	0.0	0.636	-0.684
chr1	151585787	A	G	CREB1_HUMAN,ELF1_HUMAN,FOS_HUMAN	MCF7 (Invasive ductal breast carcinoma),pancreatic ductal adenocarcinoma	1.404673783304692	0.0	1.202	
chr1	151585791	C	A	CREB1_HUMAN,ELF1_HUMAN,FOS_HUMAN	MCF7 (Invasive ductal breast carcinoma)	1.7141232262773547	0.0	1.051	
chr1	160578937	C	T	NFE2_HUMAN,EMSY_HUMAN,FOS_HUMAN,ZN316_HUMAN	K562 (myelogenous leukemia)	0.0	2.492533219304912	-2.015	0.642
chr1	160868408	T	C	FOS_HUMAN	MCF7 (Invasive ductal breast carcinoma)	1.863184940878246	0.0	1.42	-1.258
chr1	161792971	A	T	CTCF_HUMAN,GATA3_HUMAN,JUN_HUMAN,FOS_HUMAN,ZN366_HUMAN	HEK293 (embryonic kidney),K562 (myelogenous leukemia),HAEC (human aortic endothelial cells),foreskin keratinocyte	13.64528110211181	0.0	0.988	0.342
chr1	164702963	A	G	FOS_HUMAN	MCF7 (Invasive ductal breast carcinoma)	0.0	1.4750068285686724	-1.275	1.281
chr1	165456299	A	G	GATA3_HUMAN,FOS_HUMAN	MCF7 (Invasive ductal breast carcinoma)	0.0	2.0950997663344855		1.765
chr1	165539626	A	T	RFX1_HUMAN,FOS_HUMAN	MCF7 (Invasive ductal breast carcinoma)	0.0	1.3976526552286521	-1.964	1.554
chr1	179365666	C	A	ZBT7A_HUMAN,JUN_HUMAN,BHE40_HUMAN,FOXK2_HUMAN,NRF1_HUMAN,ATF7_HUMAN,FOS_HUMAN	A549 (lung carcinoma),MCF7 (Invasive ductal breast carcinoma),226LDM (normal breast luminal cells),neural cell	2.406337090350574	0.0	0.904	-0.652
chr1	179365705	C	T	CTCF_HUMAN,BHE40_HUMAN,FOXK2_HUMAN,FOS_HUMAN	A549 (lung carcinoma),MCF7 (Invasive ductal breast carcinoma),GM12878 (female B-cells),neural cell	1.651621915088869	0.0	0.9490000000000001	0.32799999999999996
chr1	179365782	G	C	CTCF_HUMAN,FOS_HUMAN	A549 (lung carcinoma),MCF7 (Invasive ductal breast carcinoma),GM12878 (female B-cells),neural cell	3.0159608911716114	0.0	0.7070000000000001	0.149
chr1	179365799	T	G	NR2C1_HUMAN,NRF1_HUMAN,FOS_HUMAN	MCF7 (Invasive ductal breast carcinoma),K562 (myelogenous leukemia)	2.6827915498458093	0.0	1.41	
chr1	180527446	G	A	NR2C1_HUMAN,ATF3_HUMAN,IKZF1_HUMAN,COT1_HUMAN,FOS_HUMAN,TIF1A_HUMAN	HEK293 (embryonic kidney),K562 (myelogenous leukemia)	1.3881152074585863	0.0	0.938	
chr1	180883455	A	T	FOS_HUMAN	MCF7 (Invasive ductal breast carcinoma)	1.4554616789450896	0.0	1.105	-1.3219999999999998
chr1	181113263	G	A	FOS_HUMAN	MCF7 (Invasive ductal breast carcinoma)	2.097589194659055	0.0	1.1	-1.328
chr1	181127062	C	A	ESR1_HUMAN,GATA3_HUMAN,CREB1_HUMAN,COT1_HUMAN,NDF1_HUMAN,NCOA3_HUMAN,NFIB_HUMAN,TF65_HUMAN,FOS_HUMAN	MCF7 (Invasive ductal breast carcinoma),HEK293 (embryonic kidney),monocyte-derived macrophages,liver	0.0	50.41219335366153	0.452	1.307
chr1	181423563	T	C	PKNX1_HUMAN,ZKSC1_HUMAN,FOS_HUMAN	22RV1 (prostate carcinoma),MCF7 (Invasive ductal breast carcinoma),HEK293 (embryonic kidney)	2.016904708054854	0.09592619427013481	0.723	-0.069
chr1	181470041	C	G	CREB1_HUMAN,FOS_HUMAN	MCF7 (Invasive ductal breast carcinoma),HEK293 (embryonic kidney),K562 (myelogenous leukemia)	1.3643287380885927	0.0	1.27	
chr1	182575680	T	C	FOS_HUMAN	MCF7 (Invasive ductal breast carcinoma)	0.0	3.0707410959987618	-2.173	1.686
chr1	183385953	C	T	FOS_HUMAN	MCF7 (Invasive ductal breast carcinoma)	4.820347386986187	0.0	1.923	-2.351
chr1	183916272	A	G	RAD21_HUMAN,SMC3_HUMAN,FOS_HUMAN	A549 (lung carcinoma),GM12878 (female B-cells)	4.7253740322868785	0.1305010786128571	0.7979999999999999	0.107
chr1	185853850	A	C	FOS_HUMAN	MCF7 (Invasive ductal breast carcinoma)	0.0	1.9846817872447196	-1.766	1.47
chr1	188707015	G	T	GATA3_HUMAN,GCR_HUMAN,JUN_HUMAN,CREB1_HUMAN,AHR_HUMAN,MAFK_HUMAN,FOS_HUMAN	A549 (lung carcinoma),MCF7 (Invasive ductal breast carcinoma)	4.763629133014762	0.0	0.961	-0.452
chr1	203520555	C	T	CEBPB_HUMAN,CREB1_HUMAN,FOS_HUMAN	MCF7 (Invasive ductal breast carcinoma),SUM159PT (pleiomorphic breast carcinoma)	0.016950318371844984	1.8917990888715661	-0.353	1.11
chr1	203812105	C	T	KDM1A_HUMAN,NR2C1_HUMAN,ATF3_HUMAN,FOS_HUMAN	MCF7 (Invasive ductal breast carcinoma),coronary artery smooth muscle,K562 (myelogenous leukemia)	0.0	1.919609344015136	-2.145	1.5330000000000001
chr1	214665832	T	C	FOS_HUMAN	MCF7 (Invasive ductal breast carcinoma)	0.0	1.7651033749720677		1.479
chr1	214833596	T	C	GATA3_HUMAN,FOXA1_HUMAN,FOS_HUMAN	MCF7 (Invasive ductal breast carcinoma)	0.0	2.8614374135884777	0.12	1.212
chr1	217191718	G	C	FOS_HUMAN	MCF7 (Invasive ductal breast carcinoma)	0.0	2.359773309796196		1.642
chr1	223109892	T	C	ANDR_HUMAN,JUND_HUMAN,FOS_HUMAN	LNCaP (prostate carcinoma),VCaP (prostate carcinoma),MCF7 (Invasive ductal breast carcinoma),LNCaP C4-2 (prostate carcinoma),coronary artery smooth muscle	7.2006718149935525	0.0	0.9840000000000001	-0.469
chr1	226477041	A	G	CREB1_HUMAN,ATF3_HUMAN,FOS_HUMAN	K562 (myelogenous leukemia)	0.0	1.8718984555574298		1.329
chr1	244214472	G	T	JUN_HUMAN,FOS_HUMAN	HEK293T (embryonic kidney),MCF7 (Invasive ductal breast carcinoma),coronary artery smooth muscle,HEK293 (embryonic kidney)	0.017335119615051558	1.6584801289208437	0.098	0.986
chr1	244214548	T	C	ZNF10_HUMAN,FOS_HUMAN	HEK293T (embryonic kidney),MCF7 (Invasive ductal breast carcinoma),coronary artery smooth muscle,HEK293 (embryonic kidney)	0.0	1.3217916925450384		1.8419999999999999
chr10	3122700	A	G	FOS_HUMAN	MCF7 (Invasive ductal breast carcinoma)	4.626824556780646	0.0	1.746	
chr10	3806800	A	G	MNT_HUMAN,FOS_HUMAN	MCF7 (Invasive ductal breast carcinoma),HT29 (colon adenocarcinoma)	0.0	1.3414522696528126	-1.121	1.2309999999999999
chr10	3851788	C	T	ANDR_HUMAN,FOS_HUMAN	MCF7 (Invasive ductal breast carcinoma),LHSAR (prostate epithelial cells)	1.4742098188746757	0.0	0.754	-0.588
chr10	5009482	G	T	MAFK_HUMAN,FOS_HUMAN	A549 (lung carcinoma),MCF7 (Invasive ductal breast carcinoma)	1.6758803537906768	0.0	1.611	-2.227
chr10	8703035	C	T	ESR1_HUMAN,ANDR_HUMAN,FOXA1_HUMAN,PKNX1_HUMAN,FOS_HUMAN	MCF7 (Invasive ductal breast carcinoma),LHSAR (prostate epithelial cells)	1.5979529972288447	0.09146535014832331	0.40399999999999997	0.057999999999999996
chr10	14560444	C	T	CREB1_HUMAN,FOS_HUMAN	MCF7 (Invasive ductal breast carcinoma),neutrophils	0.0	2.4429922621813764	-0.909	1.124
chr10	18682336	A	T	FOS_HUMAN	MCF7 (Invasive ductal breast carcinoma)	0.0	2.054912328382559		1.4380000000000002
chr10	19432175	T	C	FOS_HUMAN	MCF7 (Invasive ductal breast carcinoma)	0.0	2.7281854772019103	-1.584	1.4380000000000002
chr10	24446975	G	C	FOS_HUMAN	MCF7 (Invasive ductal breast carcinoma)	4.202172942250659	0.0	0.8909999999999999	
chr10	60314522	T	C	ELF1_HUMAN,FOS_HUMAN	MCF7 (Invasive ductal breast carcinoma)	0.0	3.6653509181644623	-1.609	1.334
chr10	65395218	T	A	GATA3_HUMAN,CREB1_HUMAN,FOS_HUMAN	MCF7 (Invasive ductal breast carcinoma),GM12878 (female B-cells)	0.0	6.169957559657269		1.975
chr10	67791284	C	T	FOS_HUMAN	MCF7 (Invasive ductal breast carcinoma),K562 (myelogenous leukemia)	1.3835142081747556	0.0	1.369	-1.1520000000000001
chr10	91605280	G	A	FOS_HUMAN	MCF7 (Invasive ductal breast carcinoma)	0.0	5.489696583045042		2.076
chr10	91605385	T	C	FOS_HUMAN	MCF7 (Invasive ductal breast carcinoma)	0.0	12.361064135733054		2.69
chr10	103504559	G	T	FOS_HUMAN	HUVEC (umbilical vein endothelial cells)	1.3835142081747556	0.0	0.841	-0.8440000000000001
chr10	123331802	T	C	FOS_HUMAN	MCF7 (Invasive ductal breast carcinoma)	0.0	1.6469901710193289		1.597
chr10	123331830	A	G	FOS_HUMAN	MCF7 (Invasive ductal breast carcinoma)	0.0	1.6200185983512905	-2.061	1.6019999999999999
chr10	125029886	C	T	ESR1_HUMAN,FOXA1_HUMAN,FOS_HUMAN	breast tumor tissue	0.1653629000450031	1.351891256897539	0.302	0.9470000000000001
chr10	126059731	C	T	GATA2_HUMAN,MAFK_HUMAN,FOS_HUMAN	A549 (lung carcinoma),endometrial stromal cells	1.5156353241167537	0.0	1.375	-2.708
chr10	133144181	C	T	CTCF_HUMAN,FOS_HUMAN	Peyer's patch,foreskin keratinocyte	2.933940705147488	0.0	0.541	0.254
chr10	133144182	G	A	FOS_HUMAN	MCF7 (Invasive ductal breast carcinoma)	0.0	1.7846205259620027		1.401
chr11	12066431	G	A	RAD21_HUMAN,GATA3_HUMAN,GCR_HUMAN,JUND_HUMAN,CREB1_HUMAN,SMCE1_HUMAN,CTBP1_HUMAN,REQU_HUMAN,TEAD1_HUMAN,ZN629_HUMAN,PRD10_HUMAN,FOS_HUMAN,ZN366_HUMAN	786-O (renal carcinoma),A549 (lung carcinoma),MCF7 (Invasive ductal breast carcinoma),HEK293 (embryonic kidney),SK-N-SH (neuroblastoma),SF268 (astrocytoma ),liver,gastroesophageal sphincter	1.7138455879392125	0.02001969866030562	0.5820000000000001	-0.201
chr11	12125848	G	A	ZEB2_HUMAN,FOS_HUMAN	K562 (myelogenous leukemia)	0.0	1.4231779818457277	-0.5579999999999999	1.4069999999999998
chr11	12125911	T	C	FOS_HUMAN	K562 (myelogenous leukemia)	2.029140976399041	0.0	1.6740000000000002	
chr11	12214179	C	T	FOS_HUMAN,ARI1B_HUMAN,P53_HUMAN	MCF7 (Invasive ductal breast carcinoma),K562 (myelogenous leukemia)	0.0	2.4221743791761425	-0.583	0.5760000000000001
chr11	12263194	A	T	GATA1_HUMAN,HDAC2_HUMAN,FOS_HUMAN	CD34+ hematopoietic stem cells-derived proerythroblasts,K562 (myelogenous leukemia)	2.8539183725033577	0.0	1.226	0.08
chr11	17267807	A	G	JUN_HUMAN,JUND_HUMAN,CREB1_HUMAN,PKNX1_HUMAN,FOS_HUMAN,SNAI2_HUMAN	MCF7 (Invasive ductal breast carcinoma),coronary artery smooth muscle,keratinocytes,K562 (myelogenous leukemia)	4.278984339344992	0.0	1.554	-1.006
chr11	18383944	C	T	ESR1_HUMAN,ANDR_HUMAN,GCR_HUMAN,JUN_HUMAN,FOS_HUMAN	A549 (lung carcinoma),MCF7 (Invasive ductal breast carcinoma),HEK293 (embryonic kidney)	1.8638946156117107	0.0	1.455	-2.7880000000000003
chr11	20035825	T	G	ESR1_HUMAN,GATA3_HUMAN,FOXA1_HUMAN,FOS_HUMAN	MCF7 (Invasive ductal breast carcinoma),breast tumor tissue	53.923917639820246	0.0	1.227	0.89
chr11	21949947	A	G	FOS_HUMAN	MCF7 (Invasive ductal breast carcinoma)	0.0	8.040434098107118		0.981
chr11	37906213	G	A	FOS_HUMAN	MCF7 (Invasive ductal breast carcinoma)	0.0	1.4786757229704117	-1.304	1.35
chr11	47756368	G	C	GATA3_HUMAN,FOXA1_HUMAN,FOS_HUMAN	MCF7 (Invasive ductal breast carcinoma)	0.0	6.371383996559969		2.1830000000000003
chr11	71783522	C	T	FOS_HUMAN	MCF7 (Invasive ductal breast carcinoma)	4.52515451016556	0.0	1.744	-1.933
chr11	74494471	T	A	RFX5_HUMAN,FOS_HUMAN	MCF7 (Invasive ductal breast carcinoma)	0.0	1.6070160481683073		1.2819999999999998
chr11	79116850	G	A	GATA3_HUMAN,FOXA1_HUMAN,SMCE1_HUMAN,RFX1_HUMAN,REQU_HUMAN,FOS_HUMAN	MCF7 (Invasive ductal breast carcinoma)	0.0	11.80019310894199		2.367
chr11	79116929	G	A	GATA3_HUMAN,FOXA1_HUMAN,FOS_HUMAN	MCF7 (Invasive ductal breast carcinoma)	0.0	9.860901272004899		2.2030000000000003
chr11	84870672	T	C	FOXA1_HUMAN,FOXA2_HUMAN,FOS_HUMAN	VCaP (prostate carcinoma),MCF7 (Invasive ductal breast carcinoma),HepG2 (hepatoblastoma)	11.547018667437179	0.0	1.234	-0.7140000000000001
chr11	86100096	A	G	T2FA_HUMAN,CREB1_HUMAN,KDM1A_HUMAN,CTBP1_HUMAN,MITF_HUMAN,ERR1_HUMAN,FOS_HUMAN,MEIS2_HUMAN	MCF7 (Invasive ductal breast carcinoma),HepG2 (hepatoblastoma),K562 (myelogenous leukemia)	0.0	1.3154876359672898		1.3619999999999999
chr11	86103988	G	A	SMCA4_HUMAN,RING2_HUMAN,FOS_HUMAN	MCF7 (Invasive ductal breast carcinoma),K562 (myelogenous leukemia)	1.9877819581351117	0.0	1.61	-1.389
chr11	86484378	A	T	EP300_HUMAN,SMC3_HUMAN,GCR_HUMAN,JUN_HUMAN,FOS_HUMAN	A549 (lung carcinoma)	3.1612012177219837	0.0	1.121	-0.547
chr11	118263882	C	T	FOS_HUMAN	MCF7 (Invasive ductal breast carcinoma)	1.3835142081747556	0.0	1.005	
chr12	570636	T	C	ZFX_HUMAN,FOS_HUMAN,PRDM9_HUMAN	HEK293T (embryonic kidney),MCF7 (Invasive ductal breast carcinoma),HEK293 (embryonic kidney),HepG2 (hepatoblastoma)	0.0	1.688310449144382	-0.39299999999999996	1.048
chr12	3771009	C	A	FOS_HUMAN	MCF7 (Invasive ductal breast carcinoma)	2.5194908923635797	0.0	1.6909999999999998	-2.485
chr12	3771112	T	C	FOS_HUMAN	MCF7 (Invasive ductal breast carcinoma)	5.140275061913757	0.0	2.062	
chr12	9214806	A	G	CREB1_HUMAN,FOS_HUMAN	MCF7 (Invasive ductal breast carcinoma)	0.0	1.427102888377078		1.219
chr12	9793225	A	G	FOXA1_HUMAN,FOS_HUMAN	LNCaP (prostate carcinoma),MCF7 (Invasive ductal breast carcinoma)	0.0	8.23955754462393	-0.8959999999999999	1.6130000000000002
chr12	9793257	G	A	FOXA1_HUMAN,FOS_HUMAN	LNCaP (prostate carcinoma),MCF7 (Invasive ductal breast carcinoma)	0.0	2.749116483135717	-0.589	0.846
chr12	10191977	G	A	CTCF_HUMAN,FOS_HUMAN	MCF7 (Invasive ductal breast carcinoma),foreskin keratinocyte	0.0	2.2702419728193663	-0.92	1.063
chr12	12873120	G	A	GRHL2_HUMAN,ESR1_HUMAN,GATA3_HUMAN,FOXA1_HUMAN,CUX1_HUMAN,FOS_HUMAN	MCF7 (Invasive ductal breast carcinoma)	0.0	1.9288808285366188	-1.031	0.8740000000000001
chr12	22276092	T	A	RFX1_HUMAN,REQU_HUMAN,FOS_HUMAN	MCF7 (Invasive ductal breast carcinoma)	0.0	2.4545847568166805		1.774
chr12	29796982	G	A	CUX1_HUMAN,FOS_HUMAN	MCF7 (Invasive ductal breast carcinoma)	1.4241639147398315	0.0	1.45	-1.956
chr12	29797052	G	A	FOS_HUMAN	MCF7 (Invasive ductal breast carcinoma)	3.1448907935270074	0.0	1.855	
chr12	29891189	G	C	FOS_HUMAN	MCF7 (Invasive ductal breast carcinoma)	0.0	2.0100443919864652		1.466
chr12	47943846	C	T	GATA3_HUMAN,FOS_HUMAN	MCF7 (Invasive ductal breast carcinoma)	3.45663459968604	0.0	1.751	-2.12
chr12	59833230	T	C	FOS_HUMAN	MCF7 (Invasive ductal breast carcinoma)	0.0	1.6851761889723549	-1.735	1.3880000000000001
chr12	62913546	T	C	GRHL2_HUMAN,FOXA1_HUMAN,FOS_HUMAN	MCF7 (Invasive ductal breast carcinoma)	2.1095425879202683	0.0	0.867	-0.349
chr12	63921377	G	T	ESR1_HUMAN,FOS_HUMAN	MCF7 (Invasive ductal breast carcinoma),ZR-75-1 (invasive ductal carcinoma)	7.673578187882489	0.0	0.884	-0.079
chr12	67766561	C	T	FOS_HUMAN	MCF7 (Invasive ductal breast carcinoma),SK-N-SH (neuroblastoma)	0.0	1.8928536512999774	-1.485	1.338
chr12	69580925	A	G	GRHL2_HUMAN,GATA3_HUMAN,FOS_HUMAN	MCF7 (Invasive ductal breast carcinoma)	5.808277015576008	0.0	1.2309999999999999	-0.872
chr12	70561034	G	A	FOS_HUMAN	MCF7 (Invasive ductal breast carcinoma)	0.0	12.361064135733054		2.28
chr12	73160218	T	A	FOS_HUMAN	MCF7 (Invasive ductal breast carcinoma)	0.0	1.4986933242360307	-1.3219999999999998	1.172
chr12	89861241	T	C	FOS_HUMAN	MCF7 (Invasive ductal breast carcinoma)	0.0	3.355216958102222		2.208
chr12	117309563	A	G	FOS_HUMAN	MCF7 (Invasive ductal breast carcinoma)	0.0	2.0100443919864652	-1.819	1.472
chr12	117309590	T	G	FOS_HUMAN	MCF7 (Invasive ductal breast carcinoma)	0.0	2.0100443919864652	-1.819	1.472
chr12	117309636	G	C	FOS_HUMAN	MCF7 (Invasive ductal breast carcinoma)	0.0	1.4750068285686724	-1.275	1.281
chr12	117309682	C	T	FOS_HUMAN	MCF7 (Invasive ductal breast carcinoma)	0.0	1.933044688470449		1.403
chr12	120291913	C	T	GCR_HUMAN,KAISO_HUMAN,ATF1_HUMAN,CREB1_HUMAN,MNT_HUMAN,CLOCK_HUMAN,ZBT8A_HUMAN,FOXK2_HUMAN,RING2_HUMAN,NRF1_HUMAN,FOS_HUMAN,CEBPD_HUMAN,PML_HUMAN	HEK293T (embryonic kidney),LNCaP (prostate carcinoma),T47D (invasive ductal carcinoma),MCF7 (Invasive ductal breast carcinoma),GM12878 (female B-cells),HEK293 (embryonic kidney),HepG2 (hepatoblastoma),K562 (myelogenous leukemia)	1.6057685214156883	0.012857943076182378	0.823	-0.235
chr12	120291915	G	A	FOXA1_HUMAN,KAISO_HUMAN,ATF1_HUMAN,FOSL1_HUMAN,CREB1_HUMAN,MNT_HUMAN,CLOCK_HUMAN,ZBT8A_HUMAN,FOXK2_HUMAN,RING2_HUMAN,NRF1_HUMAN,FOS_HUMAN,NCOA1_HUMAN,CEBPD_HUMAN,PML_HUMAN	HEK293T (embryonic kidney),LNCaP (prostate carcinoma),T47D (invasive ductal carcinoma),MCF7 (Invasive ductal breast carcinoma),GM12878 (female B-cells),HEK293 (embryonic kidney),HepG2 (hepatoblastoma),K562 (myelogenous leukemia)	1.4718347578462416	0.0	0.441	-0.08199999999999999
chr12	124681500	A	G	RAD21_HUMAN,ESR1_HUMAN,SKI_HUMAN,CTCF_HUMAN,GATA3_HUMAN,JUN_HUMAN,CREB1_HUMAN,RFX1_HUMAN,PPARG_HUMAN,STAT1_HUMAN,NCOA3_HUMAN,FOS_HUMAN	MCF7 (Invasive ductal breast carcinoma),CD14+ monocytes,coronary artery smooth muscle,GM12891 (male B-cells),HCT-116 (colon carcinoma),HL-60 (acute myeloid leukemia),HT29 (colon adenocarcinoma),SK-N-SH (neuroblastoma),erythroid cells,HAEC (human aortic endothelial cells)	5.043048225104554	0.0	1.2209999999999999	0.047
chr12	124681620	A	G	ESR1_HUMAN,SKI_HUMAN,CTCF_HUMAN,JUN_HUMAN,JUND_HUMAN,COT1_HUMAN,PPARG_HUMAN,STAT1_HUMAN,FOS_HUMAN,P53_HUMAN	MCF7 (Invasive ductal breast carcinoma),CD14+ monocytes,coronary artery smooth muscle,cranial neural crest cells,HL-60 (acute myeloid leukemia),HT29 (colon adenocarcinoma),SK-N-SH (neuroblastoma),HAEC (human aortic endothelial cells)	11.483186275727542	0.0	0.893	0.013000000000000001
chr12	125141024	A	G	JUN_HUMAN,JUND_HUMAN,FOSL1_HUMAN,FOS_HUMAN,P53_HUMAN	MCF7 (Invasive ductal breast carcinoma),coronary artery smooth muscle,HCT-116 (colon carcinoma)	0.0	1.5223338257750212	-0.156	0.764
chr12	131784299	A	C	ANDR_HUMAN,MNT_HUMAN,ELF1_HUMAN,CLOCK_HUMAN,REQU_HUMAN,INSM2_HUMAN,FOS_HUMAN	MCF7 (Invasive ductal breast carcinoma),HEK293 (embryonic kidney),LHSAR (prostate epithelial cells)	0.0	2.6204914875171		1.472
chr12	132446397	A	G	JUN_HUMAN,JUND_HUMAN,ATF7_HUMAN,FOS_HUMAN	MCF7 (Invasive ductal breast carcinoma),coronary artery smooth muscle	8.08779838819557	0.0	1.995	-1.7209999999999999
chr13	20171672	T	C	ANDR_HUMAN,FOXA1_HUMAN,FOS_HUMAN	LNCaP (prostate carcinoma),VCaP (prostate carcinoma),MCF7 (Invasive ductal breast carcinoma),CWR22 (prostate carcinoma)	0.0	6.044975007357893	-0.063	0.779
chr13	23621538	G	A	FOS_HUMAN	MCF7 (Invasive ductal breast carcinoma)	0.0	1.8422841800123115		1.64
chr13	27599996	T	A	RFX1_HUMAN,FOS_HUMAN	MCF7 (Invasive ductal breast carcinoma)	0.3026284405594812	3.540163207361324	0.377	1.288
chr13	29831182	A	C	FOS_HUMAN	MCF7 (Invasive ductal breast carcinoma)	0.0	2.5398150931850636		2.603
chr13	30002835	A	G	GATA3_HUMAN,PKNX1_HUMAN,FOS_HUMAN	MCF7 (Invasive ductal breast carcinoma)	1.4863024701519518	0.0	1.811	
chr13	30743741	A	G	ESR1_HUMAN,CTCF_HUMAN,FOXA1_HUMAN,PRGR_HUMAN,CREB1_HUMAN,NCOA3_HUMAN,HES1_HUMAN,FOS_HUMAN	MCF7 (Invasive ductal breast carcinoma)	0.0	13.978543297903503	0.13	1.53
chr13	42720421	A	T	FOS_HUMAN	MCF7 (Invasive ductal breast carcinoma)	2.5635048905151874	0.0	2.637	
chr13	46120294	A	T	ANDR_HUMAN,NFIB_HUMAN,FOS_HUMAN	VCaP (prostate carcinoma),MCF7 (Invasive ductal breast carcinoma),LHSAR (prostate epithelial cells)	6.692979720479074	0.0	1.113	-0.769
chr13	46810624	G	A	FOS_HUMAN	MCF7 (Invasive ductal breast carcinoma)	1.9502656291356009	0.0	2.2030000000000003	
chr13	46903916	G	A	FOS_HUMAN	MCF7 (Invasive ductal breast carcinoma)	0.0	1.4612928628660642		1.431
chr13	54113086	A	C	FOS_HUMAN	MCF7 (Invasive ductal breast carcinoma)	1.515507858280929	0.0	1.0590000000000002	
chr14	20761146	G	A	FOS_HUMAN	MCF7 (Invasive ductal breast carcinoma)	5.720196579822532	0.0	2.0340000000000003	
chr14	20987814	C	T	FOXA1_HUMAN,FOS_HUMAN	MCF7 (Invasive ductal breast carcinoma)	0.0	1.9934133786454042	-0.174	0.825
chr14	21993355	A	C	FOXA1_HUMAN,GCR_HUMAN,FOS_HUMAN	A549 (lung carcinoma),MCF7 (Invasive ductal breast carcinoma)	0.0	2.6129152175892307	-0.083	0.593
chr14	28744316	A	T	ANDR_HUMAN,JUND_HUMAN,FOS_HUMAN	MCF7 (Invasive ductal breast carcinoma),coronary artery smooth muscle,GM12878 (female B-cells),LHSAR (prostate epithelial cells)	0.0	7.719013755076723	-1.393	1.641
chr14	39204144	T	C	ZFX_HUMAN,ELF1_HUMAN,RFX1_HUMAN,FOXA3_HUMAN,FOS_HUMAN	MCF7 (Invasive ductal breast carcinoma),HepG2 (hepatoblastoma)	2.0497893252406048	0.0	1.032	-0.466
chr14	57330096	G	C	GATA3_HUMAN,SMCE1_HUMAN,FOS_HUMAN	MCF7 (Invasive ductal breast carcinoma)	0.0	8.209598082011343		2.151
chr14	65258452	A	G	EP300_HUMAN,ESR1_HUMAN,CEBPB_HUMAN,GATA3_HUMAN,ANDR_HUMAN,FOXA1_HUMAN,FOSL2_HUMAN,NCOA3_HUMAN,FOS_HUMAN	MCF7 (Invasive ductal breast carcinoma),LHSAR (prostate epithelial cells),ZR-75-1 (invasive ductal carcinoma)	2.391831124188527	0.0	1.4580000000000002	-1.275
chr14	65258499	T	G	EP300_HUMAN,ESR1_HUMAN,GATA3_HUMAN,ANDR_HUMAN,FOXA1_HUMAN,MAX_HUMAN,COT2_HUMAN,NCOA3_HUMAN,FOS_HUMAN	MCF7 (Invasive ductal breast carcinoma),LHSAR (prostate epithelial cells),ZR-75-1 (invasive ductal carcinoma)	2.1570951081669696	0.0	1.402	-1.214
chr14	72477044	C	T	MYB_HUMAN,FOS_HUMAN	MCF7 (Invasive ductal breast carcinoma),Jurkat (T-cells),Th1-cells	0.27907267520948087	2.265450683395513	1.038	0.7170000000000001
chr14	75442911	C	T	FOS_HUMAN	MCF7 (Invasive ductal breast carcinoma)	0.0	1.7043415621563445	-1.314	1.166
chr14	88899423	C	T	CREB1_HUMAN,ZNF24_HUMAN,FOS_HUMAN	MCF7 (Invasive ductal breast carcinoma)	0.0	1.3891759729406292	-0.6759999999999999	0.93
chr14	92206684	G	A	GATA3_HUMAN,FOS_HUMAN	MCF7 (Invasive ductal breast carcinoma)	4.703570918210914	0.0	1.929	
chr14	92694177	A	G	FOXA1_HUMAN,FOSL2_HUMAN,JUND_HUMAN,FOS_HUMAN	LNCaP (prostate carcinoma),MCF7 (Invasive ductal breast carcinoma),liver	11.869046120892518	0.0	1.176	0.031
chr14	95482719	G	A	FOS_HUMAN	MCF7 (Invasive ductal breast carcinoma)	0.0	2.436603193499809	-2.14	1.55
chr14	95482820	A	T	FOS_HUMAN,SNAI2_HUMAN	MCF7 (Invasive ductal breast carcinoma),keratinocytes	0.0	7.220473849417963		2.039
chr14	95616730	G	C	ESR1_HUMAN,ZN592_HUMAN,ZN687_HUMAN,NCOA3_HUMAN,FOS_HUMAN	T47D (invasive ductal carcinoma),MCF7 (Invasive ductal breast carcinoma)	23.64715789525259	0.0	1.163	-0.203
chr14	95616766	A	G	ESR1_HUMAN,GATA3_HUMAN,FOXA1_HUMAN,ZN687_HUMAN,NCOA3_HUMAN,FOS_HUMAN	T47D (invasive ductal carcinoma),MCF7 (Invasive ductal breast carcinoma)	51.93132367334178	0.0	1.317	-0.254
chr14	95616825	C	T	ESR1_HUMAN,GATA3_HUMAN,NCOA3_HUMAN,FOS_HUMAN	T47D (invasive ductal carcinoma),MCF7 (Invasive ductal breast carcinoma)	73.78931875528582	0.0	1.5230000000000001	-0.063
chr14	95616911	G	A	ESR1_HUMAN,CREB1_HUMAN,NCOA3_HUMAN,FOS_HUMAN	MCF7 (Invasive ductal breast carcinoma)	16.650988196479926	0.0	1.15	-0.07
chr14	97771803	G	T	FOXA1_HUMAN,FOS_HUMAN	MCF7 (Invasive ductal breast carcinoma)	1.792908601274048	0.0	1.194	
chr14	97830219	T	C	FOS_HUMAN	MCF7 (Invasive ductal breast carcinoma)	6.092045838586972	0.0	1.9080000000000001	
chr14	97830356	A	G	FOS_HUMAN	MCF7 (Invasive ductal breast carcinoma)	5.135114441171884	0.0	1.8969999999999998	
chr14	105617710	C	A	ZFX_HUMAN,CUX1_HUMAN,CREB1_HUMAN,SUZ12_HUMAN,ZN579_HUMAN,P66B_HUMAN,MNT_HUMAN,NFXL1_HUMAN,ZN574_HUMAN,CLOCK_HUMAN,CTBP1_HUMAN,ZN592_HUMAN,RFX1_HUMAN,RCOR1_HUMAN,ARI3A_HUMAN,ZN687_HUMAN,FOXK2_HUMAN,REQU_HUMAN,NRF1_HUMAN,SRBP1_HUMAN,NDF1_HUMAN,MAZ_HUMAN,ERR1_HUMAN,ZN207_HUMAN,NCOA3_HUMAN,NFIB_HUMAN,Z512B_HUMAN,ZNF8_HUMAN,ZBT7B_HUMAN,FOS_HUMAN	MCF7 (Invasive ductal breast carcinoma),MCF-7 C4-12 (invasive breast ductal carcinoma)	0.0	4.930179429065656	-0.071	1.251
chr15	35557608	G	A	CREB1_HUMAN,MGAP_HUMAN,FOS_HUMAN	MCF7 (Invasive ductal breast carcinoma),K562 (myelogenous leukemia)	0.0	1.6187236086672014	-0.765	1.237
chr15	35557723	T	G	ZEB2_HUMAN,FOS_HUMAN	MCF7 (Invasive ductal breast carcinoma),K562 (myelogenous leukemia)	1.619429318463382	0.0	1.375	-1.7919999999999998
chr15	50126390	C	T	ESR1_HUMAN,GATA3_HUMAN,FOS_HUMAN	MCF7 (Invasive ductal breast carcinoma)	16.65815638064263	0.0	1.4669999999999999	-0.293
chr15	51121128	G	A	FOS_HUMAN	MCF7 (Invasive ductal breast carcinoma)	0.0	2.8976503812898042		0.7979999999999999
chr15	51797114	A	C	ATF7_HUMAN,FOS_HUMAN	MCF7 (Invasive ductal breast carcinoma),HeLa S3 (cervical adenocarcinoma)	1.8708005792979865	0.0	1.48	-1.986
chr15	57486126	C	T	JUN_HUMAN,FOS_HUMAN	MCF7 (Invasive ductal breast carcinoma),HAEC (human aortic endothelial cells)	3.29758374132733	0.0	1.4340000000000002	0.5710000000000001
chr15	57537177	G	A	JUN_HUMAN,RFX1_HUMAN,FOS_HUMAN	MCF7 (Invasive ductal breast carcinoma),HAEC (human aortic endothelial cells)	0.28358934212030723	2.5431117541443196	0.445	1.815
chr15	58470178	G	C	FOS_HUMAN	MCF7 (Invasive ductal breast carcinoma)	1.6418910512586704	0.0	0.846	-1.04
chr15	59276775	A	G	FOXA1_HUMAN,GABPA_HUMAN,FOS_HUMAN	MCF7 (Invasive ductal breast carcinoma),HeLa S3 (cervical adenocarcinoma),HepG2 (hepatoblastoma)	1.5548550896373967	0.0	0.605	-0.603
chr15	59396461	T	C	FOS_HUMAN	MCF7 (Invasive ductal breast carcinoma)	1.6116557794611581	0.0	1.271	-1.051
chr15	59700385	A	G	FOS_HUMAN	MCF7 (Invasive ductal breast carcinoma)	0.0	2.0859261887831106	-1.2409999999999999	1.3980000000000001
chr15	60255791	A	C	FOS_HUMAN	MCF7 (Invasive ductal breast carcinoma)	0.0	2.732672622718986	-1.1159999999999999	0.97
chr15	65333653	G	A	FOS_HUMAN	MCF7 (Invasive ductal breast carcinoma)	0.0	2.523038765148354		1.436
chr15	80174507	T	G	ESR1_HUMAN,FOS_HUMAN	MCF7 (Invasive ductal breast carcinoma),breast tumor tissue	2.114902163299321	0.0	1.48	
chr15	85616031	A	G	FOS_HUMAN	GM12878 (female B-cells)	1.328070565312659	0.0	1.172	-1.0290000000000001
chr15	87121520	A	G	FOS_HUMAN	MCF7 (Invasive ductal breast carcinoma)	2.7396999092752417	0.0	1.048	-1.238
chr15	87121528	T	G	FOS_HUMAN	MCF7 (Invasive ductal breast carcinoma)	2.097069273588371	0.0	0.915	-1.109
chr15	87121541	T	G	CTBP1_HUMAN,FOS_HUMAN	MCF7 (Invasive ductal breast carcinoma)	2.2668517446075036	0.0	1.5	-1.6740000000000002
chr15	91943196	G	A	ESR1_HUMAN,FOXA1_HUMAN,CREB1_HUMAN,STAT1_HUMAN,FOS_HUMAN	MCF7 (Invasive ductal breast carcinoma),CD14+ monocytes,GM12878 (female B-cells)	1.4836927776187758	0.0	1.3159999999999998	-1.018
chr15	98003858	T	G	FOXA1_HUMAN,FOS_HUMAN	MCF7 (Invasive ductal breast carcinoma)	0.012904202021964054	2.0222219272135105	0.003	0.857
chr15	98221320	T	G	FOS_HUMAN	MCF7 (Invasive ductal breast carcinoma)	0.0	5.737399015226558	-1.65	1.52
chr16	1379026	G	A	TADBP_HUMAN,ESR1_HUMAN,STAT1_HUMAN,FOS_HUMAN	MCF7 (Invasive ductal breast carcinoma),CD14+ monocytes	0.0	2.078254274596721		1.83
chr16	1720321	C	T	FOS_HUMAN	MCF7 (Invasive ductal breast carcinoma)	0.0	7.202390316542245		2.138
chr16	5042903	C	G	CTCF_HUMAN,FOS_HUMAN	MCF7 (Invasive ductal breast carcinoma),MCF10CA1a (breast metastatic epithelial cells)	2.239247526321763	0.0	0.96	-0.6970000000000001
chr16	11342133	T	C	FOXK2_HUMAN,FOS_HUMAN	MCF7 (Invasive ductal breast carcinoma)	0.0	1.426771174081695		1.206
chr16	11342212	G	A	FOS_HUMAN	K562 (myelogenous leukemia)	2.5635048905151874	0.0	1.587	-2.015
chr16	14399718	G	A	FOXA1_HUMAN,IKZF1_HUMAN,ATF7_HUMAN,FOS_HUMAN	MCF7 (Invasive ductal breast carcinoma),GM12878 (female B-cells),HEK293 (embryonic kidney)	1.8876665621893192	0.0	0.748	0.11800000000000001
chr16	21566158	C	T	GATA3_HUMAN,FOS_HUMAN	MCF7 (Invasive ductal breast carcinoma)	1.6786636495168694	0.0	1.179	-1.992
chr16	24585485	C	T	FOS_HUMAN	MCF7 (Invasive ductal breast carcinoma)	0.0	2.9163206186086645	-1.42	1.268
chr16	28609479	C	G	FOS_HUMAN	MCF7 (Invasive ductal breast carcinoma),K562 (myelogenous leukemia)	1.40638306101559	0.0	1.286	-1.145
chr16	29273866	G	A	JUN_HUMAN,JUND_HUMAN,ZNF24_HUMAN,FOS_HUMAN,ZN366_HUMAN	MCF7 (Invasive ductal breast carcinoma),coronary artery smooth muscle,GM12878 (female B-cells),HEK293 (embryonic kidney)	3.8642461710507603	0.0	0.769	-1.034
chr16	46390790	C	G	DDX20_HUMAN,T2AG_HUMAN,RAD21_HUMAN,GRHL2_HUMAN,CTCF_HUMAN,GATA3_HUMAN,ANDR_HUMAN,ZBT7A_HUMAN,BC11A_HUMAN,ZFX_HUMAN,ZBT40_HUMAN,ZN148_HUMAN,NONO_HUMAN,JUND_HUMAN,NR4A1_HUMAN,NFE2_HUMAN,ATF1_HUMAN,SUZ12_HUMAN,PAX8_HUMAN,ZN579_HUMAN,MNT_HUMAN,ZNF24_HUMAN,NFXL1_HUMAN,ELF1_HUMAN,ZN574_HUMAN,CLOCK_HUMAN,ZN507_HUMAN,CSN2_HUMAN,NFRKB_HUMAN,TRI22_HUMAN,IRF1_HUMAN,ZN740_HUMAN,PKNX1_HUMAN,CEBPG_HUMAN,HSF1_HUMAN,UBF1_HUMAN,NCOA2_HUMAN,ATF3_HUMAN,ILF3_HUMAN,EMSY_HUMAN,USF2_HUMAN,OZF_HUMAN,HTF4_HUMAN,ATF2_HUMAN,IKZF1_HUMAN,IKZF2_HUMAN,ARI3A_HUMAN,ARNT_HUMAN,RAD51_HUMAN,SKIL_HUMAN,BCLF1_HUMAN,BMI1_HUMAN,ZN622_HUMAN,CREB3_HUMAN,FOXM1_HUMAN,LMBL2_HUMAN,ZBT11_HUMAN,FOXP1_HUMAN,CBX8_HUMAN,MAFK_HUMAN,ZKSC1_HUMAN,NDF1_HUMAN,ETV6_HUMAN,ZN211_HUMAN,SP3_HUMAN,ZN416_HUMAN,ZSC16_HUMAN,ZN791_HUMAN,ZN101_HUMAN,ZN138_HUMAN,BC11B_HUMAN,PRD10_HUMAN,OVOL3_HUMAN,ZSC21_HUMAN,ZN202_HUMAN,ZN140_HUMAN,ZN239_HUMAN,ZN530_HUMAN,MYNN_HUMAN,SP2_HUMAN,GLI4_HUMAN,ZN274_HUMAN,ZN169_HUMAN,ZN707_HUMAN,ZSC23_HUMAN,ZN433_HUMAN,ZN223_HUMAN,ZN213_HUMAN,ZN510_HUMAN,ZN577_HUMAN,ZN529_HUMAN,ZN331_HUMAN,REPI1_HUMAN,ZN555_HUMAN,ZN114_HUMAN,ERR1_HUMAN,TBX21_HUMAN,ZN207_HUMAN,NCOA3_HUMAN,NFIB_HUMAN,TF65_HUMAN,ZBT7B_HUMAN,FOS_HUMAN,ZN316_HUMAN,ARID2_HUMAN,ZN282_HUMAN,MCM2_HUMAN,MCM3_HUMAN,PHB2_HUMAN,MCM7_HUMAN,MCM5_HUMAN,SALL2_HUMAN,ZN121_HUMAN,ZN501_HUMAN,ZSC26_HUMAN,PRDM2_HUMAN,ZFP37_HUMAN,PRDM9_HUMAN,P53_HUMAN,NKX21_HUMAN,STA5A_HUMAN,BMAL1_HUMAN,KDM5C_HUMAN,TLX1_HUMAN,TFE2_HUMAN,ZNF22_HUMAN	22RV1 (prostate carcinoma),ALL-SIL (acute lymphoblastic leukemia),U2OS (osteosarcoma),MCF7 (Invasive ductal breast carcinoma),MCF-7 C4-12 (invasive breast ductal carcinoma),LNCaP C4-2B (prostate carcinoma),LNCaP C4-2 (prostate carcinoma),Caki-1 (renal carcinoma),coronary artery smooth muscle,GM12878 (female B-cells),H1 (embryonic stem cells),H9 (embryonic stem cells),HCT-116 (colon carcinoma),HEK293 (embryonic kidney),HeLa S3 (cervical adenocarcinoma),HepG2 (hepatoblastoma),K562 (myelogenous leukemia),SK-N-SH (neuroblastoma),ICN12 (primary pre-B acute lymphomablastic leukemia),Th1-cells,pancreas,RH4 (alveolar rhabdomyosarcoma),HIV-1 latently-infected central memory T cells cultured from uninfected primary T cells,breast tumor xenograft,breast tumor tissue,suprapubic skin,gastrocnemius medialis,Peyer's patch,esophagus squamous epithelium,ovary,esophagus muscularis mucosa,sigmoid colon,lower leg skin,tibial nerve,neural cell,upper lobe of left lung,RWPE2,Reh (ATCC CRL-8286),Human Umbilical Cord Blood-Derived Erythroid Progenitor Cells-2 (HUDEP-2),GM23248	0.0	2.504947923583041		0.33899999999999997
chr16	69199633	G	A	CEBPB_HUMAN,FOS_HUMAN	MCF7 (Invasive ductal breast carcinoma)	1.4514346663097937	0.18342203585158867	0.6829999999999999	0.135
chr16	70162064	T	G	FOS_HUMAN	MCF7 (Invasive ductal breast carcinoma),HEK293 (embryonic kidney)	1.9609733189781133	0.0	1.4340000000000002	-1.669
chr16	70162281	A	G	ESR1_HUMAN,ANDR_HUMAN,JUN_HUMAN,ZN652_HUMAN,FOXA3_HUMAN,FOS_HUMAN,ZFP37_HUMAN	A549 (lung carcinoma),MCF7 (Invasive ductal breast carcinoma),coronary artery smooth muscle,HEK293 (embryonic kidney),HepG2 (hepatoblastoma),LHSAR (prostate epithelial cells)	1.762608456821759	0.0	0.904	-0.239
chr16	70639614	G	A	FOXA2_HUMAN,FOS_HUMAN	HepG2 (hepatoblastoma)	2.6515801755579944	0.0	1.712	
chr16	70639631	C	G	FOXA2_HUMAN,CREB1_HUMAN,FOS_HUMAN	MCF7 (Invasive ductal breast carcinoma),HepG2 (hepatoblastoma)	2.8689032290350327	0.0	1.712	-2.506
chr16	70639674	T	G	FOXA2_HUMAN,CREB1_HUMAN,FOS_HUMAN	HepG2 (hepatoblastoma)	2.5634842939370963	0.0	1.59	-1.466
chr16	73053595	G	A	JUN_HUMAN,FOS_HUMAN	A549 (lung carcinoma),MCF7 (Invasive ductal breast carcinoma),HEK293 (embryonic kidney),HepG2 (hepatoblastoma)	0.0	2.273469149163761	-0.258	0.7659999999999999
chr16	75268076	G	T	ESR1_HUMAN,SIN3A_HUMAN,SMCE1_HUMAN,PKNX1_HUMAN,REQU_HUMAN,NFIB_HUMAN,FOS_HUMAN	MCF7 (Invasive ductal breast carcinoma),breast tumor tissue	2.2906478975832614	0.0	1.5330000000000001	
chr16	77224232	C	G	FEZF1_HUMAN,ZBTB6_HUMAN,ZN843_HUMAN,FOS_HUMAN	HEK293 (embryonic kidney)	1.346253693413582	0.0	1.504	-2.04
chr16	78052464	C	G	ESR1_HUMAN,FOS_HUMAN	MCF7 (Invasive ductal breast carcinoma)	24.246671939525353	0.0	1.578	-0.41
chr16	78052499	G	A	ESR1_HUMAN,GATA3_HUMAN,FOS_HUMAN	MCF7 (Invasive ductal breast carcinoma)	18.748537386017905	0.0	1.35	-0.424
chr16	78052530	T	G	ESR1_HUMAN,GATA3_HUMAN,NCOA3_HUMAN,FOS_HUMAN	MCF7 (Invasive ductal breast carcinoma)	0.0	21.977729107682308	-0.268	1.3559999999999999
chr16	78184566	C	T	FOXA2_HUMAN,FOS_HUMAN	HEK293T (embryonic kidney),HEK293 (embryonic kidney),HepG2 (hepatoblastoma)	0.0	7.143132493422022		2.282
chr16	80576735	A	G	CREB1_HUMAN,YBOX1_HUMAN,CTBP1_HUMAN,FOS_HUMAN	MCF7 (Invasive ductal breast carcinoma),HEK293 (embryonic kidney),K562 (myelogenous leukemia)	7.253751686224404	0.0	0.649	
chr16	80576757	G	A	CREB1_HUMAN,YBOX1_HUMAN,CTBP1_HUMAN,FOS_HUMAN	MCF7 (Invasive ductal breast carcinoma),HEK293 (embryonic kidney)	5.340344586582233	0.0	0.47700000000000004	
chr16	80577154	T	G	GATA3_HUMAN,FOS_HUMAN	MCF7 (Invasive ductal breast carcinoma)	0.0	5.151212826561658		2.026
chr16	80583684	C	T	FOS_HUMAN	MCF7 (Invasive ductal breast carcinoma)	1.5056332438549898	0.0	1.178	-1.386
chr16	81581287	G	A	CREB1_HUMAN,ELF1_HUMAN,FOS_HUMAN	MCF7 (Invasive ductal breast carcinoma),foreskin keratinocyte	0.0	4.170804021652187	-1.3530000000000002	1.426
chr16	83826356	C	G	RAD21_HUMAN,SMC3_HUMAN,FOXA1_HUMAN,ZN579_HUMAN,MNT_HUMAN,ZBT20_HUMAN,FOS_HUMAN	A549 (lung carcinoma),MCF7 (Invasive ductal breast carcinoma),HCT-116 (colon carcinoma),HEK293 (embryonic kidney),epidermal keratinocytes,K562 (myelogenous leukemia),hepatocytes,HCT-116-RAD21-mAC	0.0	3.235686076137864	0.293	0.9390000000000001
chr16	84874236	G	A	CREB1_HUMAN,KDM1A_HUMAN,ZN444_HUMAN,FOS_HUMAN	MCF7 (Invasive ductal breast carcinoma),HEK293 (embryonic kidney),K562 (myelogenous leukemia)	0.0	1.726813984241314	-0.825	1.125
chr16	84942152	A	G	ESR1_HUMAN,PKNX1_HUMAN,CTBP1_HUMAN,FOS_HUMAN	MCF7 (Invasive ductal breast carcinoma),HepG2 (hepatoblastoma)	0.0	10.543764398398048	-0.085	1.39
chr16	84942221	C	G	ESR1_HUMAN,PKNX1_HUMAN,HSF1_HUMAN,FOS_HUMAN	MCF7 (Invasive ductal breast carcinoma)	0.2532750647994556	3.416528039252414	-0.5720000000000001	1.423
chr16	87649385	G	A	FOS_HUMAN	MCF7 (Invasive ductal breast carcinoma)	0.0	2.6074341236297216	-1.3459999999999999	1.202
chr16	88238895	C	G	ESR1_HUMAN,JUN_HUMAN,FOS_HUMAN	HAEC (human aortic endothelial cells),breast tumor tissue	1.9415179702874839	0.0	1.425	
chr17	5837217	G	A	FOXA1_HUMAN,BCL6_HUMAN,FOXA2_HUMAN,FOXA3_HUMAN,FOS_HUMAN	MCF7 (Invasive ductal breast carcinoma),HepG2 (hepatoblastoma)	9.19116741413404	0.0	1.018	0.078
chr17	6067310	G	A	FOS_HUMAN	MCF7 (Invasive ductal breast carcinoma)	1.3888900817511973	0.0	1.278	
chr17	6274381	A	T	FOS_HUMAN	MCF7 (Invasive ductal breast carcinoma)	1.6933628588893304	0.0	1.571	-2.187
chr17	6274393	T	C	ATF7_HUMAN,FOS_HUMAN	MCF7 (Invasive ductal breast carcinoma),HepG2 (hepatoblastoma)	1.8450163095565717	0.0	1.003	-1.188
chr17	21300255	A	G	ZFX_HUMAN,KDM1A_HUMAN,MNT_HUMAN,NFIB_HUMAN,FOS_HUMAN	MCF7 (Invasive ductal breast carcinoma),HCT-116 (colon carcinoma),HEK293 (embryonic kidney),K562 (myelogenous leukemia)	1.3873491715638575	0.0	0.684	-0.7979999999999999
chr17	27226757	A	G	FOXA1_HUMAN,FOXA2_HUMAN,FOS_HUMAN	MCF7 (Invasive ductal breast carcinoma),HepG2 (hepatoblastoma)	6.05186085288426	0.0	1.945	
chr17	58631845	T	G	T2FA_HUMAN,TAF7_HUMAN,TAL1_HUMAN,CEBPB_HUMAN,CTCF_HUMAN,GATA3_HUMAN,JUND_HUMAN,EGR1_HUMAN,CUX1_HUMAN,PAX8_HUMAN,CLOCK_HUMAN,PKNX1_HUMAN,RFX1_HUMAN,FOXK2_HUMAN,MAFK_HUMAN,NDF1_HUMAN,ETV6_HUMAN,ZMIZ1_HUMAN,SMAD5_HUMAN,NFIB_HUMAN,Z512B_HUMAN,FOS_HUMAN,PO2F2_HUMAN,NFAC1_HUMAN,PML_HUMAN,TBP_HUMAN	786-O (renal carcinoma),VCaP (prostate carcinoma),MCF7 (Invasive ductal breast carcinoma),H1 (embryonic stem cells),HCT-116 (colon carcinoma),HT29 (colon adenocarcinoma),K562 (myelogenous leukemia),spleen,SK-N-SH (neuroblastoma),D283 Med (medulloblastoma),heart left ventricle,gastrocnemius medialis,Peyer's patch,transverse colon,thyroid gland	1.3426519179865315	0.7342071339978363	1.165	0.493
chr17	59406914	T	C	CREB1_HUMAN,MNT_HUMAN,RFX1_HUMAN,FOS_HUMAN	MCF7 (Invasive ductal breast carcinoma)	0.0	3.1686085170712857	-2.274	1.604
chr17	59756115	T	C	ESR1_HUMAN,FOXA1_HUMAN,FOS_HUMAN	MCF7 (Invasive ductal breast carcinoma)	0.0	2.439425242769495	-0.271	0.768
chr17	59838063	T	G	GRHL2_HUMAN,ESR1_HUMAN,FOXA1_HUMAN,CREB1_HUMAN,KDM1A_HUMAN,ZNF24_HUMAN,CLOCK_HUMAN,NCOR1_HUMAN,REQU_HUMAN,PRDM6_HUMAN,NFIB_HUMAN,FOS_HUMAN,HDAC1_HUMAN	MCF7 (Invasive ductal breast carcinoma),GM12878 (female B-cells),HEK293 (embryonic kidney),HepG2 (hepatoblastoma),K562 (myelogenous leukemia)	1.3549801906783243	0.0	1.21	
chr17	62111080	G	A	ZBT40_HUMAN,NFXL1_HUMAN,RFX1_HUMAN,RCOR1_HUMAN,ARI3A_HUMAN,BMI1_HUMAN,E4F1_HUMAN,Z512B_HUMAN,ZN444_HUMAN,FOS_HUMAN	MCF7 (Invasive ductal breast carcinoma),GM12878 (female B-cells)	4.866106448772222	0.0	2.4290000000000003	
chr17	63985232	G	A	GATA3_HUMAN,ZFX_HUMAN,KAISO_HUMAN,FOXA2_HUMAN,CREB1_HUMAN,KDM1A_HUMAN,ZN579_HUMAN,MNT_HUMAN,CLOCK_HUMAN,NBN_HUMAN,ATF3_HUMAN,ZKSC1_HUMAN,MTG16_HUMAN,DACH1_HUMAN,HES1_HUMAN,Z512B_HUMAN,ZN444_HUMAN,FOS_HUMAN	MCF7 (Invasive ductal breast carcinoma),HepG2 (hepatoblastoma),K562 (myelogenous leukemia)	0.0	3.1438116538503347		1.828
chr17	68124998	A	G	FOXA1_HUMAN,CUX1_HUMAN,CREB1_HUMAN,SMCE1_HUMAN,REQU_HUMAN,FOS_HUMAN	MCF7 (Invasive ductal breast carcinoma)	0.0	9.798975063968287	-0.20600000000000002	1.305
chr17	69540181	T	C	JUN_HUMAN,FOS_HUMAN	MCF7 (Invasive ductal breast carcinoma),SK-N-SH (neuroblastoma),HAEC (human aortic endothelial cells)	0.0	2.232291177785698	-0.516	1.226
chr19	1184156	G	C	FOS_HUMAN	MCF7 (Invasive ductal breast carcinoma)	0.0	1.7011856689062497	-1.064	0.9229999999999999
chr19	4342850	T	G	GATA3_HUMAN,CREB1_HUMAN,MNT_HUMAN,RFX1_HUMAN,LMBL2_HUMAN,NDF1_HUMAN,FOS_HUMAN	MCF7 (Invasive ductal breast carcinoma),K562 (myelogenous leukemia)	1.7447734975792002	0.0	1.4080000000000001	-1.696
chr19	12289449	G	A	FOS_HUMAN	MCF7 (Invasive ductal breast carcinoma),HEK293 (embryonic kidney)	2.4877599871482854	0.0	1.6569999999999998	-2.531
chr19	17797475	A	G	FOS_HUMAN	MCF7 (Invasive ductal breast carcinoma)	0.0	1.9275743846381785		1.675
chr19	28039769	C	T	FOS_HUMAN	MCF7 (Invasive ductal breast carcinoma)	2.656473176747317	0.0	1.62	
chr19	33873159	A	G	FOS_HUMAN	MCF7 (Invasive ductal breast carcinoma)	0.0	1.7784223331834983	-1.3980000000000001	1.445
chr19	35006722	A	G	RAD21_HUMAN,ESR1_HUMAN,SMC3_HUMAN,FOXA1_HUMAN,JUN_HUMAN,CLOCK_HUMAN,FOS_HUMAN	A549 (lung carcinoma),VCaP (prostate carcinoma),MCF7 (Invasive ductal breast carcinoma),HepG2 (hepatoblastoma)	1.5307753995889248	0.0312644006398768	0.474	-0.065
chr19	35168476	T	C	GATA3_HUMAN,ANDR_HUMAN,PKNX1_HUMAN,RFX1_HUMAN,REQU_HUMAN,BMI1_HUMAN,NFIB_HUMAN,FOS_HUMAN	MCF7 (Invasive ductal breast carcinoma),K562 (myelogenous leukemia),LHSAR (prostate epithelial cells),foreskin keratinocyte	0.0	1.7280916799696515		1.797
chr19	46829333	C	T	GATA3_HUMAN,FOXA1_HUMAN,CREB1_HUMAN,REQU_HUMAN,FOS_HUMAN	MCF7 (Invasive ductal breast carcinoma),SK-N-SH (neuroblastoma),foreskin keratinocyte	1.9734049348298917	0.0	1.3330000000000002	-1.35
chr19	47809979	A	G	FOS_HUMAN	MCF7 (Invasive ductal breast carcinoma),K562 (myelogenous leukemia)	3.379094397686642	0.0	1.882	
chr19	50531246	G	A	CREB1_HUMAN,FOS_HUMAN	MCF7 (Invasive ductal breast carcinoma)	0.0	2.0072154103668804		1.535
chr19	51363065	C	T	FOSL1_HUMAN,SMCA4_HUMAN,HTF4_HUMAN,FOS_HUMAN	K562 (myelogenous leukemia),liver	2.0241399049425417	0.0	1.538	
chr19	52722396	T	C	FOS_HUMAN	MCF7 (Invasive ductal breast carcinoma)	0.0	1.3746221292253216	-2.037	1.506
chr19	53842453	A	C	NFIC_HUMAN,TAL1_HUMAN,CTCF_HUMAN,GATA3_HUMAN,COT1_HUMAN,PRDM6_HUMAN,FOS_HUMAN,SOX6_HUMAN	A549 (lung carcinoma),MCF7 (Invasive ductal breast carcinoma),HEK293 (embryonic kidney),primary endothelial colony-forming cells,K562 (myelogenous leukemia),gastroesophageal sphincter	1.4988283225652386	0.2509113503016508	0.5710000000000001	0.201
chr19	55338840	C	T	FOXA1_HUMAN,CREB1_HUMAN,FOS_HUMAN	LNCaP (prostate carcinoma),MCF7 (Invasive ductal breast carcinoma)	0.18568257353858542	1.5697897611404064	0.12	0.857
chr2	1600759	T	G	ESR1_HUMAN,CREB1_HUMAN,FOS_HUMAN	MCF7 (Invasive ductal breast carcinoma)	1.809004761933934	0.0	0.451	-0.053
chr2	1600796	A	G	CREB1_HUMAN,FOS_HUMAN	MCF7 (Invasive ductal breast carcinoma)	3.7246812730692245	0.0	1.683	-1.9180000000000001
chr2	10841912	T	C	ESR1_HUMAN,GATA3_HUMAN,CREB1_HUMAN,PKNX1_HUMAN,NCOA3_HUMAN,FOS_HUMAN	MCF7 (Invasive ductal breast carcinoma)	0.0	41.38896807500302	-0.32799999999999996	1.415
chr2	10841981	T	C	ESR1_HUMAN,GATA3_HUMAN,FOXA1_HUMAN,CREB1_HUMAN,PKNX1_HUMAN,NCOA3_HUMAN,FOS_HUMAN	MCF7 (Invasive ductal breast carcinoma)	0.0	35.016029572964236	-0.22899999999999998	1.131
chr2	10842031	A	G	ESR1_HUMAN,GATA3_HUMAN,FOXA1_HUMAN,CREB1_HUMAN,PKNX1_HUMAN,NCOA3_HUMAN,FOS_HUMAN	MCF7 (Invasive ductal breast carcinoma)	0.0	21.667139819869192	0.09300000000000001	1.08
chr2	11390110	A	G	CREB1_HUMAN,SMCE1_HUMAN,FOS_HUMAN	MCF7 (Invasive ductal breast carcinoma),HepG2 (hepatoblastoma)	14.83202382268881	0.0	1.2990000000000002	-0.366
chr2	11390159	C	T	GATA3_HUMAN,CREB1_HUMAN,SMCE1_HUMAN,FOS_HUMAN	MCF7 (Invasive ductal breast carcinoma),HepG2 (hepatoblastoma)	2.749719191673808	0.0	1.49	
chr2	11390243	G	A	MNT_HUMAN,FOS_HUMAN	MCF7 (Invasive ductal breast carcinoma)	2.9505524298334387	0.0	1.5630000000000002	-1.5919999999999999
chr2	14904641	G	T	FOS_HUMAN	MCF7 (Invasive ductal breast carcinoma)	4.019525404359982	0.0	1.7	
chr2	19881713	G	A	JUN_HUMAN,JUND_HUMAN,FOS_HUMAN	MCF7 (Invasive ductal breast carcinoma),coronary artery smooth muscle	0.0	4.1510714960218	-1.969	1.699
chr2	20141640	C	T	MAX_HUMAN,CREB1_HUMAN,ATF2_HUMAN,ZN687_HUMAN,ZN629_HUMAN,ZBT17_HUMAN,FOS_HUMAN,ZN394_HUMAN	MCF7 (Invasive ductal breast carcinoma),HEK293 (embryonic kidney),HepG2 (hepatoblastoma),SK-N-SH (neuroblastoma)	1.4636106956236619	0.019412902895782402	0.9840000000000001	-0.632
chr2	20141670	G	C	EP300_HUMAN,GATA3_HUMAN,ZFX_HUMAN,ZIC2_HUMAN,KLF9_HUMAN,CREB1_HUMAN,PKNX1_HUMAN,CTBP1_HUMAN,ATF3_HUMAN,ATF2_HUMAN,IKZF1_HUMAN,ZN687_HUMAN,ZN629_HUMAN,SP7_HUMAN,ZBT17_HUMAN,ATF7_HUMAN,FOS_HUMAN,ARI1B_HUMAN	MCF7 (Invasive ductal breast carcinoma),HEK293 (embryonic kidney),HepG2 (hepatoblastoma),K562 (myelogenous leukemia)	2.5290006323178393	0.0	0.9390000000000001	-0.534
chr2	29523467	T	C	FOS_HUMAN	MCF7 (Invasive ductal breast carcinoma)	3.7094639363231274	0.0	1.4340000000000002	-1.6059999999999999
chr2	37561889	T	C	FOS_HUMAN,ZN316_HUMAN	GM12878 (female B-cells),HUVEC (umbilical vein endothelial cells),K562 (myelogenous leukemia),SK-N-SH (neuroblastoma)	1.564198324001239	0.0	0.951	-1.012
chr2	38515498	C	T	NRF1_HUMAN,MAFK_HUMAN,FOS_HUMAN	MCF7 (Invasive ductal breast carcinoma)	0.0	1.577900033843702	-0.457	0.7390000000000001
chr2	43300918	C	A	FOS_HUMAN	MCF7 (Invasive ductal breast carcinoma)	0.0	2.049639180409258	-1.409	1.35
chr2	56741618	A	G	ANDR_HUMAN,FOS_HUMAN	PC3 (prostate carcinoma)	0.0	3.009393018101417	-0.893	1.349
chr2	56741782	C	T	CEBPB_HUMAN,FOS_HUMAN	SUM159PT (pleiomorphic breast carcinoma)	0.0	3.0753615747358105	0.078	1.171
chr2	57981504	T	C	FOS_HUMAN	MCF7 (Invasive ductal breast carcinoma)	0.0	2.8931006509813013		0.61
chr2	67446910	G	A	ANDR_HUMAN,SP7_HUMAN,FOS_HUMAN	VCaP (prostate carcinoma),MCF7 (Invasive ductal breast carcinoma),HEK293 (embryonic kidney)	5.038018885074728	0.3081897178483306	0.6709999999999999	0.138
chr2	72013397	C	A	FOS_HUMAN	MCF7 (Invasive ductal breast carcinoma)	1.3234790177796716	0.0	1.128	-1.143
chr2	88265800	A	G	CREB1_HUMAN,FOS_HUMAN	MCF7 (Invasive ductal breast carcinoma)	4.125890582672116	0.0	1.402	-1.2890000000000001
chr2	101999692	T	G	GATA3_HUMAN,FOS_HUMAN	MCF7 (Invasive ductal breast carcinoma),GM12878 (female B-cells)	4.401188700349885	0.0	1.778	
chr2	106643020	A	G	FOS_HUMAN	VCaP (prostate carcinoma)	0.0	1.6498957860282937	-1.285	1.232
chr2	112662161	C	G	FOXA1_HUMAN,NFE2_HUMAN,FOS_HUMAN	LNCaP (prostate carcinoma),K562 (myelogenous leukemia)	0.0	4.072169827752089	0.125	0.971
chr2	113069221	T	C	PKNX1_HUMAN,CTBP1_HUMAN,RFX1_HUMAN,FOS_HUMAN	MCF7 (Invasive ductal breast carcinoma)	2.579960485872063	0.0	1.4569999999999999	0.303
chr2	113069222	G	A	PKNX1_HUMAN,CTBP1_HUMAN,RFX1_HUMAN,FOS_HUMAN	MCF7 (Invasive ductal breast carcinoma)	2.3270938449391587	0.0	1.413	0.303
chr2	113078342	C	A	ESR1_HUMAN,FOXA1_HUMAN,CTBP1_HUMAN,REQU_HUMAN,FOS_HUMAN,KDM5B_HUMAN	MCF7 (Invasive ductal breast carcinoma),HT29 (colon adenocarcinoma)	7.0781985458550665	0.0	0.929	0.125
chr2	113078422	T	C	ESR1_HUMAN,GATA3_HUMAN,FOXA1_HUMAN,COT2_HUMAN,CREB1_HUMAN,CTBP1_HUMAN,REQU_HUMAN,PPARG_HUMAN,NCOA3_HUMAN,FOS_HUMAN	MCF7 (Invasive ductal breast carcinoma),HT29 (colon adenocarcinoma),liver	68.39222783632421	0.0	1.569	0.09
chr2	113078588	A	T	CTCF_HUMAN,FOXA1_HUMAN,ELF1_HUMAN,FOS_HUMAN,NR1H3_HUMAN	MCF7 (Invasive ductal breast carcinoma),HT29 (colon adenocarcinoma),foreskin keratinocyte	0.0	4.989189659768032	-0.11900000000000001	1.666
chr2	113079367	G	T	GRHL2_HUMAN,ESR1_HUMAN,ANDR_HUMAN,ZN217_HUMAN,CTBP1_HUMAN,REQU_HUMAN,FOS_HUMAN	MCF7 (Invasive ductal breast carcinoma),HT29 (colon adenocarcinoma),MCF7 TamR (invasive ductal breast carcinoma Tamoxifen resistant)	1.4470989047149818	0.028726507165293343	0.503	-0.122
chr2	120487371	A	C	FOS_HUMAN	MCF7 (Invasive ductal breast carcinoma)	2.097589194659055	0.0	1.06	-1.247
chr2	121860599	C	T	ESR1_HUMAN,FOS_HUMAN,SCRT2_HUMAN	MCF7 (Invasive ductal breast carcinoma),HEK293 (embryonic kidney)	0.0	2.2966565028693475	-0.541	1.193
chr2	142993103	A	G	GATA3_HUMAN,FOS_HUMAN	MCF7 (Invasive ductal breast carcinoma)	0.0	1.6675187837311434	0.138	1.016
chr2	143730394	T	C	SKIL_HUMAN,FOS_HUMAN	GM12878 (female B-cells)	0.0	1.323675039006148	-1.214	1.163
chr2	149157636	G	A	FOS_HUMAN	MCF7 (Invasive ductal breast carcinoma)	7.606231036077789	0.0	2.095	
chr2	156896534	G	A	FOS_HUMAN,TLX1_HUMAN	ALL-SIL (acute lymphoblastic leukemia),Jurkat (T-cells)	2.1269852386613666	0.0	1.402	-1.214
chr2	158507514	G	C	ESR1_HUMAN,GATA3_HUMAN,FOXA1_HUMAN,FOS_HUMAN	MCF7 (Invasive ductal breast carcinoma),HEK293 (embryonic kidney),breast tumor tissue	49.25643880760941	0.0	1.3519999999999999	1.12
chr2	160403174	C	T	FOS_HUMAN	MCF7 (Invasive ductal breast carcinoma),HEK293 (embryonic kidney)	3.8366691036528042	0.0	1.6980000000000002	-1.992
chr2	180574133	G	C	FOXA1_HUMAN,SMCE1_HUMAN,FOS_HUMAN	MCF7 (Invasive ductal breast carcinoma)	3.874653556548951	0.0	1.011	-0.077
chr2	196112684	G	A	FOS_HUMAN	GM12878 (female B-cells)	0.0	1.3640076976258482		1.099
chr2	196269259	A	C	LMBL2_HUMAN,THB_HUMAN,FOS_HUMAN	HEK293T (embryonic kidney),GM12878 (female B-cells),HepG2 (hepatoblastoma)	0.0	1.9902522098796245		1.527
chr2	199627623	G	A	CUX1_HUMAN,FOS_HUMAN	MCF7 (Invasive ductal breast carcinoma)	1.4288421668688138	0.0	1.308	
chr2	215863870	C	T	FOS_HUMAN	MCF7 (Invasive ductal breast carcinoma)	3.5111523120370776	0.0	1.615	
chr2	215863886	G	A	FOS_HUMAN	MCF7 (Invasive ductal breast carcinoma)	3.8366691036528042	0.0	1.673	
chr2	219177905	A	C	ESR1_HUMAN,CTCF_HUMAN,FOXA1_HUMAN,JUND_HUMAN,FOXK2_HUMAN,FOXP1_HUMAN,RING2_HUMAN,FOS_HUMAN	HEK293T (embryonic kidney),MCF7 (Invasive ductal breast carcinoma),coronary artery smooth muscle,GM12878 (female B-cells),HCT-116 (colon carcinoma),HEK293 (embryonic kidney),HepG2 (hepatoblastoma),breast tumor tissue,neural cell	0.0	1.8370823930525981		1.6230000000000002
chr2	219177953	G	A	ESR1_HUMAN,CTCF_HUMAN,FOXA1_HUMAN,FOXK2_HUMAN,NRF1_HUMAN,MAZ_HUMAN,FOS_HUMAN	HEK293T (embryonic kidney),MCF7 (Invasive ductal breast carcinoma),GM12878 (female B-cells),HEK293 (embryonic kidney),HepG2 (hepatoblastoma),breast tumor tissue	0.0	1.8306323190749108		1.6669999999999998
chr2	220228404	A	G	FOS_HUMAN	MCF7 (Invasive ductal breast carcinoma)	0.0	1.4612928628660642	-1.181	1.057
chr2	220228453	T	C	GATA3_HUMAN,FOS_HUMAN	MCF7 (Invasive ductal breast carcinoma)	0.0	1.5756062770688886	-1.163	1.034
chr2	230472831	A	C	JUNB_HUMAN,IKZF1_HUMAN,IKZF2_HUMAN,FOS_HUMAN	GM12878 (female B-cells)	0.0	2.5696524772491816	-1.39	1.433
chr2	232563808	G	A	GATA3_HUMAN,FOS_HUMAN	MCF7 (Invasive ductal breast carcinoma)	1.4787175605218699	0.0	0.818	
chr2	234286461	C	T	JUN_HUMAN,FOS_HUMAN	HUVEC (umbilical vein endothelial cells)	0.0	1.485346950983511	-0.9540000000000001	1.2409999999999999
chr2	237202116	A	C	JUND_HUMAN,FOS_HUMAN	MCF7 (Invasive ductal breast carcinoma),coronary artery smooth muscle	1.8651212008919604	0.0	0.369	
chr2	237559067	G	A	ESR1_HUMAN,FOXA1_HUMAN,GCR_HUMAN,ZN217_HUMAN,NFXL1_HUMAN,CLOCK_HUMAN,RFX1_HUMAN,RCOR1_HUMAN,AHR_HUMAN,RFX5_HUMAN,ZKSC1_HUMAN,NDF1_HUMAN,NFIB_HUMAN,FOS_HUMAN,KDM5B_HUMAN	MCF7 (Invasive ductal breast carcinoma),breast tumor tissue	0.0	66.2074607990325	0.317	1.3330000000000002
chr2	237559271	A	G	ESR1_HUMAN,FOXA1_HUMAN,ZFX_HUMAN,ZN217_HUMAN,YBOX1_HUMAN,NFXL1_HUMAN,CLOCK_HUMAN,AHR_HUMAN,NDF1_HUMAN,FOS_HUMAN,MYC_HUMAN,ZXDC_HUMAN	MCF7 (Invasive ductal breast carcinoma),LY-2 (invasive ductal carcinoma)	0.0	47.531803245812235	0.36200000000000004	1.264
chr2	240991890	C	T	FOS_HUMAN	MCF7 (Invasive ductal breast carcinoma)	12.092540788588549	0.0	2.23	
chr20	10430320	T	G	FOXA2_HUMAN,SOX13_HUMAN,SOX5_HUMAN,FOXA3_HUMAN,FOS_HUMAN	MCF7 (Invasive ductal breast carcinoma),HepG2 (hepatoblastoma)	0.0	6.022235933509599	-1.686	1.558
chr20	11387564	T	G	JUND_HUMAN,FOS_HUMAN	coronary artery smooth muscle	1.479740435562142	0.0	1.158	-1.3219999999999998
chr20	16765342	G	C	FOXA1_HUMAN,FOS_HUMAN	MCF7 (Invasive ductal breast carcinoma),breast tumor tissue	2.7301599212609573	0.0	0.752	-0.381
chr20	18902198	C	A	FOS_HUMAN	MCF7 (Invasive ductal breast carcinoma)	3.2996343798528547	0.0	1.689	-1.9780000000000002
chr20	19885312	A	T	CEBPB_HUMAN,FOS_HUMAN	macrophages	0.4345255639039408	4.246440734345113	0.308	2.294
chr20	23856997	A	C	FOS_HUMAN	MCF7 (Invasive ductal breast carcinoma)	2.749095923397493	0.0	1.617	-2.123
chr20	31743244	G	A	GATA3_HUMAN,FOS_HUMAN	MCF7 (Invasive ductal breast carcinoma)	0.0	2.7835122577875357	-1.584	1.4380000000000002
chr20	33076962	T	G	CTCF_HUMAN,FOS_HUMAN	MCF7 (Invasive ductal breast carcinoma),epithelial cell of prostate	0.0	7.652770519205925	-1.986	1.643
chr20	34335670	T	C	FOS_HUMAN	MCF7 (Invasive ductal breast carcinoma)	0.0	3.9974173749297903	-1.617	1.47
chr20	36847232	C	T	MAX_HUMAN,MNT_HUMAN,ELF1_HUMAN,ZN687_HUMAN,FOS_HUMAN	MCF7 (Invasive ductal breast carcinoma),K562 (myelogenous leukemia)	2.2112213729744443	0.0	1.555	-2.11
chr20	42388203	A	T	ZFX_HUMAN,ZBT40_HUMAN,YBOX1_HUMAN,NFRKB_HUMAN,NRF1_HUMAN,FOS_HUMAN	MCF7 (Invasive ductal breast carcinoma)	3.163266981377504	0.0	1.815	-2.42
chr20	42628366	C	T	FOS_HUMAN	MCF7 (Invasive ductal breast carcinoma)	0.0	2.49055343529352	-1.504	1.354
chr20	46959131	C	A	ESR1_HUMAN,SMCE1_HUMAN,FOS_HUMAN	MCF7 (Invasive ductal breast carcinoma)	0.0	4.7058502777507565	0.255	0.858
chr20	48551173	A	G	FOS_HUMAN	MCF7 (Invasive ductal breast carcinoma)	1.8091695159600787	0.0	2.5340000000000003	
chr20	49615826	G	A	HNF4A_HUMAN,FOS_HUMAN	MCF7 (Invasive ductal breast carcinoma),liver	0.0	1.6490791638938544	-0.787	0.659
chr20	49812483	G	A	FOS_HUMAN	MCF7 (Invasive ductal breast carcinoma)	1.5056332438549898	0.0	1.178	-1.386
chr20	50687219	G	A	CSN2_HUMAN,NFRKB_HUMAN,PKNX1_HUMAN,HES1_HUMAN,FOS_HUMAN	MCF7 (Invasive ductal breast carcinoma)	0.0	1.8711409784526578		1.742
chr20	50793564	G	T	P66B_HUMAN,OSR2_HUMAN,FOS_HUMAN	MCF7 (Invasive ductal breast carcinoma),HEK293 (embryonic kidney)	0.0	1.5868119594637353		1.835
chr20	50800781	C	G	FOS_HUMAN	MCF7 (Invasive ductal breast carcinoma)	0.0	1.347135713163895		1.3880000000000001
chr20	51569905	C	T	FOS_HUMAN	MCF7 (Invasive ductal breast carcinoma)	0.0	2.534768263202377		2.471
chr20	54160353	T	A	FOS_HUMAN	MCF7 (Invasive ductal breast carcinoma)	1.3528718486538034	0.0	1.339	
chr20	54197289	C	T	ZN579_HUMAN,MNT_HUMAN,NFIB_HUMAN,FOS_HUMAN	MCF7 (Invasive ductal breast carcinoma)	0.0	2.496012316452459		1.85
chr20	54197293	C	T	ZN579_HUMAN,MNT_HUMAN,NFIB_HUMAN,FOS_HUMAN	MCF7 (Invasive ductal breast carcinoma)	0.0	2.660012165988826		1.8780000000000001
chr20	54748263	C	A	FOS_HUMAN	MCF7 (Invasive ductal breast carcinoma)	0.0	1.3651442311117066		1.3969999999999998
chr20	54853936	T	C	FOS_HUMAN	MCF7 (Invasive ductal breast carcinoma)	0.0	1.4439753835762408		1.403
chr20	56451476	A	G	FOXA1_HUMAN,SMCE1_HUMAN,REQU_HUMAN,FOS_HUMAN	MCF7 (Invasive ductal breast carcinoma)	0.6228590333186036	1.463009747287656	-0.02	1.148
chr20	56451479	G	A	SMCE1_HUMAN,REQU_HUMAN,FOS_HUMAN	MCF7 (Invasive ductal breast carcinoma),K562 (myelogenous leukemia)	0.0	2.5715663443838874		2.028
chr20	56933485	T	C	ESR1_HUMAN,CREB1_HUMAN,FOS_HUMAN	MCF7 (Invasive ductal breast carcinoma)	0.0	1.690936361799318	-0.8009999999999999	0.883
chr20	56933555	A	G	ESR1_HUMAN,GATA3_HUMAN,RFX1_HUMAN,FOS_HUMAN	MCF7 (Invasive ductal breast carcinoma)	0.0	1.8370823930525981	-0.452	1.091
chr20	62370165	C	T	FOS_HUMAN	MCF7 (Invasive ductal breast carcinoma)	0.0	1.4078175811328906		1.527
chr20	62874157	G	A	TAL1_HUMAN,CTCF_HUMAN,ATF1_HUMAN,HDAC2_HUMAN,KDM1A_HUMAN,SMCE1_HUMAN,MNT_HUMAN,PKNX1_HUMAN,NCOR1_HUMAN,MGAP_HUMAN,ATF3_HUMAN,E2F1_HUMAN,SMCA4_HUMAN,HTF4_HUMAN,RAD51_HUMAN,SKIL_HUMAN,REQU_HUMAN,LMBL2_HUMAN,RING2_HUMAN,NRF1_HUMAN,ZEB2_HUMAN,FOS_HUMAN,SOX6_HUMAN,ZN316_HUMAN,HDAC1_HUMAN	22RV1 (prostate carcinoma),MCF7 (Invasive ductal breast carcinoma),HepG2 (hepatoblastoma),K562 (myelogenous leukemia)	1.5929665387550078	0.0	1.4780000000000002	
chr20	62874296	C	T	MNT_HUMAN,ZN318_HUMAN,FOXK2_HUMAN,RAD51_HUMAN,ZNF48_HUMAN,FOS_HUMAN	MCF7 (Invasive ductal breast carcinoma),GM12878 (female B-cells),HepG2 (hepatoblastoma),K562 (myelogenous leukemia)	1.3610071619756703	0.0	0.67	-0.102
chr22	19974432	A	G	FOS_HUMAN	MCF7 (Invasive ductal breast carcinoma)	1.3888900817511973	0.0	1.3	-1.558
chr22	21555991	T	C	ZFX_HUMAN,GLIS1_HUMAN,FOS_HUMAN	MCF7 (Invasive ductal breast carcinoma),LNCaP C4-2B (prostate carcinoma),HEK293 (embryonic kidney)	1.5878792565312907	0.0	1.0290000000000001	-0.767
chr22	24526484	T	G	ESR1_HUMAN,FOS_HUMAN	MCF7 (Invasive ductal breast carcinoma)	0.0	16.013734408324364	0.02	0.915
chr22	33002229	T	C	FOS_HUMAN	MCF7 (Invasive ductal breast carcinoma)	0.0	7.126966658868083		2.076
chr22	39205570	C	G	GLIS1_HUMAN,PRD10_HUMAN,FOS_HUMAN,ZN398_HUMAN	MCF7 (Invasive ductal breast carcinoma),HEK293 (embryonic kidney)	1.4400475799919352	0.0	1.338	-1.122
chr22	45105695	A	T	CEBPB_HUMAN,PKNX1_HUMAN,FOS_HUMAN	MCF7 (Invasive ductal breast carcinoma),SUM159PT (pleiomorphic breast carcinoma)	5.376934971144341	0.0	0.971	0.021
chr3	62051825	T	C	RAD21_HUMAN,FOS_HUMAN	MCF7 (Invasive ductal breast carcinoma),HEK293 (embryonic kidney)	0.04927651386422414	1.5041025388405436	0.322	0.852
chr3	64187206	C	G	ESR1_HUMAN,CREB1_HUMAN,FOS_HUMAN	HEK293T (embryonic kidney),MCF7 (Invasive ductal breast carcinoma),HEK293 (embryonic kidney),breast tumor tissue	2.076691339068378	0.16527180550537696	1.3840000000000001	0.408
chr3	64266748	C	T	ESR1_HUMAN,PRGR_HUMAN,FOS_HUMAN	MCF7 (Invasive ductal breast carcinoma)	0.0	1.8864149246926265	-0.141	0.953
chr3	71684988	G	T	FOS_HUMAN	MCF7 (Invasive ductal breast carcinoma)	4.178323946334978	0.0	2.4130000000000003	
chr3	72625881	T	C	CEBPB_HUMAN,FOS_HUMAN	MCF7 (Invasive ductal breast carcinoma),HepG2 (hepatoblastoma)	2.801441785564086	0.0	1.248	-0.867
chr3	72626064	C	T	CEBPB_HUMAN,FOS_HUMAN	macrophages	1.5595482394900944	0.0	1.3659999999999999	
chr3	78785193	G	T	FOS_HUMAN	MCF7 (Invasive ductal breast carcinoma)	3.2314799682552158	0.0	1.5719999999999998	-1.761
chr3	89504018	A	G	ESR1_HUMAN,GATA3_HUMAN,FOXA1_HUMAN,RFX1_HUMAN,FOS_HUMAN,HXB13_HUMAN	MCF7 (Invasive ductal breast carcinoma),prostate tumor	10.940133924507926	0.0	0.828	0.027000000000000003
chr3	89504198	A	G	ESR1_HUMAN,GATA3_HUMAN,ANDR_HUMAN,FOXA1_HUMAN,FOS_HUMAN	MCF7 (Invasive ductal breast carcinoma)	27.98232541604279	0.0	0.9179999999999999	0.131
chr3	98971214	A	G	PRDM6_HUMAN,FOS_HUMAN	A549 (lung carcinoma),MCF7 (Invasive ductal breast carcinoma),HEK293 (embryonic kidney)	0.0	1.705495600277396	-1.6580000000000001	1.431
chr3	102512868	T	C	FOS_HUMAN	MCF7 (Invasive ductal breast carcinoma),HEK293 (embryonic kidney)	0.0	1.6919860320530729	-1.175	1.045
chr3	102512928	C	G	FOS_HUMAN	MCF7 (Invasive ductal breast carcinoma),HEK293 (embryonic kidney)	3.5956929776052995	0.0	1.002	-1.194
chr3	115725052	T	G	FOS_HUMAN	MCF7 (Invasive ductal breast carcinoma)	0.0	7.795535719154991	-2.469	2.126
chr3	115784535	G	C	ANDR_HUMAN,FOS_HUMAN	MCF7 (Invasive ductal breast carcinoma),MDA-MB-453 (breast adenocarcinoma),foreskin keratinocyte	0.0	1.7984526356190393	-1.258	1.095
chr3	115784671	C	T	CTCF_HUMAN,FOS_HUMAN	MCF7 (Invasive ductal breast carcinoma),CD14+ monocytes	11.73747717838863	0.0	0.9940000000000001	0.083
chr3	122483255	A	T	REQU_HUMAN,FOS_HUMAN	MCF7 (Invasive ductal breast carcinoma)	1.5144895552309021	0.0	1.4240000000000002	-1.8519999999999999
chr3	124663829	A	G	GATA3_HUMAN,FOS_HUMAN	MCF7 (Invasive ductal breast carcinoma),SK-N-SH (neuroblastoma)	0.0	2.3926045015649446	-0.863	1.0859999999999999
chr3	143784598	C	A	FOS_HUMAN,SNAI2_HUMAN	MCF7 (Invasive ductal breast carcinoma),keratinocytes	1.7004546466999249	0.0	1.256	-1.275
chr3	157618223	G	A	CTCF_HUMAN,PKNX1_HUMAN,ZN384_HUMAN,FOS_HUMAN	22RV1 (prostate carcinoma),HEK293T (embryonic kidney),MCF7 (Invasive ductal breast carcinoma),gastroesophageal sphincter,thyroid gland	2.1393599963300085	0.0	0.73	0.484
chr3	160667551	G	A	FOS_HUMAN	HEK293 (embryonic kidney),HAEC (human aortic endothelial cells)	0.0	1.4142932055780428		0.325
chr3	161072389	T	A	RFX1_HUMAN,ATF7_HUMAN,FOS_HUMAN	MCF7 (Invasive ductal breast carcinoma)	2.8131458728494234	0.0	1.808	
chr3	161339805	A	G	GRHL2_HUMAN,ESR1_HUMAN,GATA3_HUMAN,FOXA1_HUMAN,GCR_HUMAN,COT2_HUMAN,CUX1_HUMAN,CREB1_HUMAN,ZN217_HUMAN,P66B_HUMAN,CLOCK_HUMAN,CTBP1_HUMAN,RCOR1_HUMAN,REQU_HUMAN,FOXM1_HUMAN,ZN600_HUMAN,ERR1_HUMAN,ATF7_HUMAN,NCOA3_HUMAN,NFIB_HUMAN,TF65_HUMAN,FOS_HUMAN,P53_HUMAN,KDM5B_HUMAN	MCF7 (Invasive ductal breast carcinoma),HEK293 (embryonic kidney),LY-2 (invasive ductal carcinoma)	0.0	5.20982471127572	-0.382	1.053
chr3	161340267	T	A	ESR1_HUMAN,FOXA1_HUMAN,ZBT40_HUMAN,CREB1_HUMAN,P66B_HUMAN,CLOCK_HUMAN,CTBP1_HUMAN,ATF7_HUMAN,NCOA3_HUMAN,ZN444_HUMAN,FOS_HUMAN	MCF7 (Invasive ductal breast carcinoma)	0.0	11.641759614404002	-0.539	0.9840000000000001
chr3	161341974	A	G	FOS_HUMAN	MCF7 (Invasive ductal breast carcinoma)	0.0	1.3640076976258482		1.099
chr3	161349952	A	G	FOS_HUMAN	MCF7 (Invasive ductal breast carcinoma)	5.148130992239497	0.0	0.882	
chr3	161371521	G	T	CUX1_HUMAN,TAF1_HUMAN,MNT_HUMAN,ELF1_HUMAN,ZN687_HUMAN,ENL_HUMAN,FOS_HUMAN	MCF7 (Invasive ductal breast carcinoma)	1.516459777269106	0.0	1.4180000000000001	-1.6219999999999999
chr3	166830108	A	T	FOS_HUMAN	MCF7 (Invasive ductal breast carcinoma)	0.0	9.103985633167303		2.173
chr3	175258887	A	G	GATA3_HUMAN,CREB1_HUMAN,MNT_HUMAN,PKNX1_HUMAN,CTBP1_HUMAN,ZN687_HUMAN,REQU_HUMAN,NFIB_HUMAN,FOS_HUMAN	VCaP (prostate carcinoma),MCF7 (Invasive ductal breast carcinoma)	0.0	9.771084034402538		2.3609999999999998
chr3	175259006	T	C	SIN3A_HUMAN,CREB1_HUMAN,MNT_HUMAN,REQU_HUMAN,NFIB_HUMAN,FOS_HUMAN	MCF7 (Invasive ductal breast carcinoma),HEK293 (embryonic kidney)	0.0	1.4021743336533623		1.145
chr3	176767576	C	T	RFX1_HUMAN,FOS_HUMAN	MCF7 (Invasive ductal breast carcinoma),MDA-MB-453 (breast adenocarcinoma)	0.0	1.5824355298701163	-1.177	1.3519999999999999
chr3	176767621	G	A	FOS_HUMAN	MCF7 (Invasive ductal breast carcinoma),breast tumor tissue	0.0	2.0100443919864652	-1.3259999999999998	1.204
chr3	186754532	G	A	FOS_HUMAN	MCF7 (Invasive ductal breast carcinoma)	0.0	1.7681429488615026		1.239
chr3	189273995	A	G	ANDR_HUMAN,FOS_HUMAN	MCF7 (Invasive ductal breast carcinoma),LHSAR (prostate epithelial cells)	0.0	2.4872972410813303		1.7280000000000002
chr3	194870940	C	T	GATA3_HUMAN,FOXA1_HUMAN,GCR_HUMAN,EGR1_HUMAN,PKNX1_HUMAN,REQU_HUMAN,FOS_HUMAN	MCF7 (Invasive ductal breast carcinoma)	0.0	2.6707077826062147	-1.4780000000000002	1.263
chr3	196270107	T	C	FOS_HUMAN	MCF7 (Invasive ductal breast carcinoma)	1.5873581574989075	0.0	1.2009999999999998	-1.364
chr3	196270152	C	T	FOS_HUMAN	MCF7 (Invasive ductal breast carcinoma)	2.634986636291929	0.0	1.1	-1.288
chr4	764156	T	C	ESR1_HUMAN,FOS_HUMAN	MCF7 (Invasive ductal breast carcinoma)	0.0	28.208251777870384	0.195	1.6469999999999998
chr4	764212	C	T	ESR1_HUMAN,FOS_HUMAN	MCF7 (Invasive ductal breast carcinoma)	1.5364829722630333	0.0	1.2770000000000001	0.679
chr4	3954576	G	T	CEBPB_HUMAN,FOS_HUMAN	MCF7 (Invasive ductal breast carcinoma),SUM159PT (pleiomorphic breast carcinoma)	3.0897711250487037	0.0	0.7070000000000001	-0.242
chr4	6668540	C	T	FOS_HUMAN	MCF7 (Invasive ductal breast carcinoma)	0.0	3.1569722113798675		1.79
chr4	6668588	C	T	FOXA1_HUMAN,FOS_HUMAN	MCF7 (Invasive ductal breast carcinoma)	1.9000340953673496	0.0	1.278	
chr4	7590307	G	A	FOS_HUMAN	MCF7 (Invasive ductal breast carcinoma)	7.0009444688257165	0.0	2.2569999999999997	
chr4	7590313	G	C	FOS_HUMAN	MCF7 (Invasive ductal breast carcinoma)	7.0009444688257165	0.0	2.247	
chr4	7590341	T	G	FOS_HUMAN	MCF7 (Invasive ductal breast carcinoma)	7.0575179504965835	0.0	2.285	
chr4	8303835	A	G	CREB1_HUMAN,HTF4_HUMAN,MAFK_HUMAN,FOS_HUMAN,SNAI2_HUMAN	A549 (lung carcinoma),MCF7 (Invasive ductal breast carcinoma),keratinocytes,HepG2 (hepatoblastoma),K562 (myelogenous leukemia)	2.1799175787562524	0.0	1.288	-0.45299999999999996
chr4	8538902	T	C	FOS_HUMAN	MCF7 (Invasive ductal breast carcinoma)	0.0	3.519002610585463		0.7140000000000001
chr4	14856717	C	T	ESR1_HUMAN,NFIC_HUMAN,CREB1_HUMAN,ATF3_HUMAN,REQU_HUMAN,ERR1_HUMAN,ATF7_HUMAN,FOS_HUMAN	MCF7 (Invasive ductal breast carcinoma),K562 (myelogenous leukemia),breast tumor tissue	0.0	1.5853969948534603	-2.608	1.4980000000000002
chr4	18851122	A	G	FOS_HUMAN	MCF7 (Invasive ductal breast carcinoma)	0.0	4.934084543026551		2.009
chr4	37477355	T	C	GATA3_HUMAN,FOS_HUMAN	MCF7 (Invasive ductal breast carcinoma)	2.1617602137750236	0.13816412494344846	1.3530000000000002	-0.162
chr4	37562012	T	C	CREB1_HUMAN,FOS_HUMAN	MCF7 (Invasive ductal breast carcinoma)	2.641905892830181	0.01708064262054391	1.213	-0.266
chr4	37562075	A	T	CREB1_HUMAN,FOS_HUMAN	MCF7 (Invasive ductal breast carcinoma),HepG2 (hepatoblastoma)	2.3640756890352312	0.0	1.21	-0.512
chr4	37562080	A	G	CREB1_HUMAN,FOS_HUMAN	MCF7 (Invasive ductal breast carcinoma),HepG2 (hepatoblastoma)	2.6547228950723403	0.0	1.23	-0.618
chr4	67451625	A	G	JUN_HUMAN,JUND_HUMAN,FOS_HUMAN	MCF7 (Invasive ductal breast carcinoma),coronary artery smooth muscle	0.0	2.7159441556633155	-1.4780000000000002	1.422
chr4	67451664	A	C	JUN_HUMAN,JUND_HUMAN,FOS_HUMAN	MCF7 (Invasive ductal breast carcinoma),coronary artery smooth muscle	0.0	3.681139490750516	-1.514	1.6269999999999998
chr4	78552643	C	A	SRF_HUMAN,GATA4_HUMAN,FOS_HUMAN	MCF7 (Invasive ductal breast carcinoma),H1 (embryonic stem cells),HUES64 (embryonic stem cells)	5.119508632396532	0.0	1.129	-0.33899999999999997
chr4	104571397	C	T	ESR1_HUMAN,FOS_HUMAN	MCF7 (Invasive ductal breast carcinoma)	0.0	5.166678026014483		1.7819999999999998
chr4	104571483	G	C	ESR1_HUMAN,FOS_HUMAN	MCF7 (Invasive ductal breast carcinoma)	0.0	13.422407019515536	-1.2690000000000001	1.837
chr4	105211163	A	G	FOS_HUMAN	MCF7 (Invasive ductal breast carcinoma)	0.0	1.4687609566743158		1.296
chr4	113646092	C	T	ESR1_HUMAN,FOXA1_HUMAN,FOS_HUMAN	VCaP (prostate carcinoma),MCF7 (Invasive ductal breast carcinoma),ZR-75-1 (invasive ductal carcinoma)	1.9080987768216149	0.031211307104042147	0.6609999999999999	0.091
chr4	154602694	A	T	FOS_HUMAN	MCF7 (Invasive ductal breast carcinoma)	4.357904591239883	0.0	2.0	
chr4	154602857	G	A	FOS_HUMAN	MCF7 (Invasive ductal breast carcinoma)	6.447054731944757	0.0	2.0469999999999997	
chr4	154602861	A	G	FOS_HUMAN	MCF7 (Invasive ductal breast carcinoma)	6.870491278507176	0.0	2.11	
chr4	172628490	G	T	FOS_HUMAN	MCF7 (Invasive ductal breast carcinoma)	0.0	2.4205848038865603		1.755
chr4	175127559	G	A	GATA3_HUMAN,FOXA1_HUMAN,GCR_HUMAN,FOS_HUMAN	MCF7 (Invasive ductal breast carcinoma)	0.0	1.4890849063976648		1.296
chr4	175127649	C	T	FOS_HUMAN	MCF7 (Invasive ductal breast carcinoma)	6.163308212012189	0.0	2.133	
chr4	175196349	C	T	GATA3_HUMAN,FOXA1_HUMAN,FOS_HUMAN	MCF7 (Invasive ductal breast carcinoma)	2.1540375777286926	0.0	1.3719999999999999	
chr5	9523660	G	C	FOXA1_HUMAN,FOS_HUMAN	MCF7 (Invasive ductal breast carcinoma)	4.449493324392628	0.0	0.9229999999999999	0.184
chr5	9924915	T	G	FOS_HUMAN	MCF7 (Invasive ductal breast carcinoma)	0.0	1.753112266154076		1.518
chr5	14491860	A	G	RFX1_HUMAN,FOS_HUMAN	MCF7 (Invasive ductal breast carcinoma)	0.0	2.6077664185536986		0.655
chr5	17312560	A	T	ESR1_HUMAN,GATA3_HUMAN,FOXA1_HUMAN,FOS_HUMAN	T47D (invasive ductal carcinoma),MCF7 (Invasive ductal breast carcinoma)	2.1002372056808225	0.0	0.59	0.247
chr5	17860895	T	A	GATA3_HUMAN,FOXA1_HUMAN,FOS_HUMAN	MCF7 (Invasive ductal breast carcinoma)	2.120888673409573	0.008121840704121084	1.0290000000000001	-0.809
chr5	21808215	G	T	FOS_HUMAN	MCF7 (Invasive ductal breast carcinoma)	1.3147577749931652	0.0	1.538	
chr5	23774252	T	C	FOS_HUMAN	MCF7 (Invasive ductal breast carcinoma)	0.0	2.299251271127273		1.9269999999999998
chr5	42641328	G	A	FOS_HUMAN	MCF7 (Invasive ductal breast carcinoma)	1.9921477267637793	0.0	1.646	
chr5	67011102	G	A	FOS_HUMAN	HUVEC (umbilical vein endothelial cells)	1.5209270145135294	0.0	0.9	-0.826
chr5	87121449	C	A	FOS_HUMAN	HepG2 (hepatoblastoma)	1.357373717185656	0.0	1.4509999999999998	
chr5	90747381	A	G	FOS_HUMAN	MCF7 (Invasive ductal breast carcinoma)	2.1127235873018675	0.0	2.106	
chr5	106312503	T	G	GATA3_HUMAN,FOXA1_HUMAN,FOS_HUMAN	MCF7 (Invasive ductal breast carcinoma),MDA-MB-231 (breast adenocarcinoma)	6.43664903233251	0.0	1.18	-0.647
chr5	107337560	T	C	FOS_HUMAN	MCF7 (Invasive ductal breast carcinoma)	3.194707044785882	0.0	2.2640000000000002	
chr5	115930298	C	T	FOS_HUMAN,NIPBL_HUMAN	MCF7 (Invasive ductal breast carcinoma),HCT-116 (colon carcinoma),K562 (myelogenous leukemia),HCT-116-RAD21-mAC	2.2014337230044427	0.0	1.7719999999999998	
chr5	126516300	A	G	FOXA1_HUMAN,FOS_HUMAN	VCaP (prostate carcinoma),MCF7 (Invasive ductal breast carcinoma),K562 (myelogenous leukemia)	0.0	2.785738636991752	-0.40299999999999997	0.96
chr5	131947683	C	T	FOXA1_HUMAN,FOS_HUMAN	MCF7 (Invasive ductal breast carcinoma)	1.452381016603009	0.0	0.82	-0.002
chr5	133993307	T	C	FOXA1_HUMAN,MNT_HUMAN,FOS_HUMAN	MCF7 (Invasive ductal breast carcinoma)	2.871927406706498	0.0	0.9690000000000001	-0.47100000000000003
chr5	137195784	G	A	PKNX1_HUMAN,FOS_HUMAN	MCF7 (Invasive ductal breast carcinoma)	0.0	8.323503142500396		2.339
chr5	148965802	T	C	RFX1_HUMAN,FOS_HUMAN	MCF7 (Invasive ductal breast carcinoma)	0.0	2.5496738007246487		2.085
chr5	149011228	G	A	ANDR_HUMAN,FOS_HUMAN	MCF7 (Invasive ductal breast carcinoma),LHSAR (prostate epithelial cells)	2.155984572071043	0.0	1.073	-0.29
chr5	149562008	A	G	FOS_HUMAN	HUVEC (umbilical vein endothelial cells)	1.467812260149271	0.0	0.873	-0.8640000000000001
chr5	169696393	G	A	ANDR_HUMAN,FOS_HUMAN	PC3 (prostate carcinoma)	1.5371320768866892	0.0	1.12	-0.385
chr5	170757588	A	G	FOS_HUMAN	MCF7 (Invasive ductal breast carcinoma)	0.0	1.3746221292253216		1.597
chr5	172731670	T	C	CTCF_HUMAN,FOS_HUMAN	MCF7 (Invasive ductal breast carcinoma)	0.0	1.4795761550731568	-0.23600000000000002	0.621
chr5	175718859	A	C	FOS_HUMAN	MCF7 (Invasive ductal breast carcinoma)	1.40638306101559	0.0	2.414	
chr5	178077157	G	A	REQU_HUMAN,FOS_HUMAN	MCF7 (Invasive ductal breast carcinoma)	0.0	1.449522331746797	-2.735	1.5130000000000001
chr5	178078609	T	G	ESR1_HUMAN,GATA3_HUMAN,SIN3A_HUMAN,EGR1_HUMAN,CUX1_HUMAN,CREB1_HUMAN,KDM1A_HUMAN,ELF1_HUMAN,NBN_HUMAN,RCOR1_HUMAN,NCOA3_HUMAN,HES1_HUMAN,FOS_HUMAN	MCF7 (Invasive ductal breast carcinoma),K562 (myelogenous leukemia)	6.411033541127402	0.0	1.115	-0.6920000000000001
chr5	178078625	T	C	ESR1_HUMAN,GATA3_HUMAN,SIN3A_HUMAN,EGR1_HUMAN,CREB1_HUMAN,KDM1A_HUMAN,P66B_HUMAN,SMCE1_HUMAN,ZNF24_HUMAN,ZN687_HUMAN,NCOA3_HUMAN,HES1_HUMAN,FOS_HUMAN	MCF7 (Invasive ductal breast carcinoma),K562 (myelogenous leukemia)	3.9089432516403693	0.0	1.087	-0.45299999999999996
chr5	178078651	G	A	ESR1_HUMAN,GATA3_HUMAN,EGR1_HUMAN,CREB1_HUMAN,ZN687_HUMAN,HES1_HUMAN,FOS_HUMAN	MCF7 (Invasive ductal breast carcinoma),K562 (myelogenous leukemia)	8.086619495135757	0.0	1.068	-0.525
chr5	178630907	G	C	FOS_HUMAN	MCF7 (Invasive ductal breast carcinoma),K562 (myelogenous leukemia)	0.0	1.6200185983512905		2.185
chr6	5542174	A	G	FOS_HUMAN	MCF7 (Invasive ductal breast carcinoma)	0.0	5.358830922702339	-2.325	1.883
chr6	5542260	A	G	GRHL2_HUMAN,FOS_HUMAN	MCF7 (Invasive ductal breast carcinoma),foreskin keratinocyte	0.0	1.881326560702099		1.29
chr6	11490490	A	C	JUN_HUMAN,CREB1_HUMAN,FOS_HUMAN	MCF7 (Invasive ductal breast carcinoma)	1.4947034066221496	0.0	1.034	
chr6	12801255	C	T	GATA3_HUMAN,MNT_HUMAN,FOS_HUMAN	MCF7 (Invasive ductal breast carcinoma)	0.0	10.157458515278984		2.329
chr6	12801256	C	G	GATA3_HUMAN,MNT_HUMAN,FOS_HUMAN	MCF7 (Invasive ductal breast carcinoma)	0.0	9.990918247881167		2.316
chr6	12801362	G	T	GATA3_HUMAN,FOS_HUMAN	MCF7 (Invasive ductal breast carcinoma)	0.0	9.771084034402538		2.289
chr6	15279259	G	A	FOS_HUMAN	MCF7 (Invasive ductal breast carcinoma)	0.0	2.597658090597232	-1.456	1.495
chr6	24646956	G	C	FOXA1_HUMAN,SMCE1_HUMAN,FOS_HUMAN	MCF7 (Invasive ductal breast carcinoma)	2.2084962843674965	0.0	0.7140000000000001	0.19399999999999998
chr6	24646963	A	T	FOXA1_HUMAN,SMCE1_HUMAN,FOS_HUMAN	MCF7 (Invasive ductal breast carcinoma)	2.7578142180418257	0.0	0.897	-0.271
chr6	24647001	C	T	GATA3_HUMAN,FOXA1_HUMAN,SMCE1_HUMAN,FOS_HUMAN	MCF7 (Invasive ductal breast carcinoma)	2.334928346762048	0.0	0.857	-0.114
chr6	28838557	T	C	FOXK2_HUMAN,FOS_HUMAN	T47D (invasive ductal carcinoma),GM12878 (female B-cells),HepG2 (hepatoblastoma),K562 (myelogenous leukemia)	0.0	2.726813733917503	0.319	1.3130000000000002
chr6	30527966	A	G	FOS_HUMAN	HUVEC (umbilical vein endothelial cells)	1.3500613606210838	0.0	0.797	
chr6	31002682	G	A	FOS_HUMAN	MCF7 (Invasive ductal breast carcinoma),K562 (myelogenous leukemia)	0.0	1.5198781285182617	-1.121	1.234
chr6	31114699	C	T	ESR1_HUMAN,ANDR_HUMAN,FOS_HUMAN	MCF7 (Invasive ductal breast carcinoma),LHSAR (prostate epithelial cells),breast tumor tissue	1.6313155832201192	0.0	1.375	-2.708
chr6	32609856	G	C	CREB1_HUMAN,ATF3_HUMAN,RFX5_HUMAN,FOS_HUMAN	MCF7 (Invasive ductal breast carcinoma),K562 (myelogenous leukemia)	2.4115714550312357	0.0	0.9640000000000001	-0.17600000000000002
chr6	32609868	C	T	CREB1_HUMAN,RFX5_HUMAN,TF65_HUMAN,FOS_HUMAN	MCF7 (Invasive ductal breast carcinoma),HAEC (human aortic endothelial cells)	2.6470283445925107	0.0	0.8340000000000001	0.0
chr6	32609869	A	G	CREB1_HUMAN,RFX5_HUMAN,TF65_HUMAN,FOS_HUMAN	MCF7 (Invasive ductal breast carcinoma),HAEC (human aortic endothelial cells)	2.523551659474148	0.0	0.7859999999999999	-0.045
chr6	36755795	G	C	ESR1_HUMAN,GATA3_HUMAN,FOXA1_HUMAN,FOXK2_HUMAN,STAT1_HUMAN,ERR1_HUMAN,FOS_HUMAN	MCF7 (Invasive ductal breast carcinoma),CD14+ monocytes,GM12878 (female B-cells)	0.0	44.04288241561666	-0.825	1.8880000000000001
chr6	36755927	A	G	ESR1_HUMAN,GATA3_HUMAN,FOXK2_HUMAN,STAT1_HUMAN,FOS_HUMAN,SPI1_HUMAN	MCF7 (Invasive ductal breast carcinoma),CD14+ monocytes,periferal blood macrophages	0.0	14.531387466599535	-0.28	1.569
chr6	37759873	C	T	ANDR_HUMAN,FOS_HUMAN	MCF7 (Invasive ductal breast carcinoma)	1.3303790453366175	0.0	1.099	-1.044
chr6	37759902	A	G	ANDR_HUMAN,FOS_HUMAN	MCF7 (Invasive ductal breast carcinoma),LHSAR (prostate epithelial cells)	2.290827192209932	0.0	1.39	
chr6	40217569	A	C	FOS_HUMAN	MCF7 (Invasive ductal breast carcinoma)	0.0	2.0118445438793633	-1.1059999999999999	0.965
chr6	51048920	T	C	FOS_HUMAN	MCF7 (Invasive ductal breast carcinoma)	0.0	2.94755790088253	-1.611	1.551
chr6	54731315	C	G	FOS_HUMAN	MCF7 (Invasive ductal breast carcinoma)	1.4144259290523762	0.0	1.214	-1.023
chr6	73339590	T	C	JUND_HUMAN,FOS_HUMAN	MCF7 (Invasive ductal breast carcinoma),coronary artery smooth muscle	1.5736796797512054	0.0	1.215	-1.2329999999999999
chr6	73580568	A	G	EP300_HUMAN,JUN_HUMAN,JUNB_HUMAN,AHR_HUMAN,FOS_HUMAN,HDAC1_HUMAN	A549 (lung carcinoma),MCF7 (Invasive ductal breast carcinoma),GM12878 (female B-cells),HUVEC (umbilical vein endothelial cells),K562 (myelogenous leukemia),HAEC (human aortic endothelial cells),MDA231-LM2-4175 (breast adenocarcinoma)	2.1785439788163283	0.0	0.674	0.23600000000000002
chr6	73580594	C	T	EP300_HUMAN,GCR_HUMAN,JUN_HUMAN,JUNB_HUMAN,FOSL2_HUMAN,FOS_HUMAN,SPI1_HUMAN	A549 (lung carcinoma),BEAS-2B (bronchial epithelium),monocyte-derived macrophages,HUVEC (umbilical vein endothelial cells),sigmoid colon,foreskin keratinocyte	4.010804517583098	0.0	0.84	-0.18600000000000003
chr6	79873053	G	A	GATA3_HUMAN,FOS_HUMAN	MCF7 (Invasive ductal breast carcinoma)	11.515566049760812	0.0	2.355	
chr6	100297359	G	A	GATA3_HUMAN,FOXA1_HUMAN,FOS_HUMAN	MCF7 (Invasive ductal breast carcinoma)	4.292842861821496	0.0	1.068	-0.13
chr6	106373290	A	G	GRHL2_HUMAN,FOS_HUMAN	MCF7 (Invasive ductal breast carcinoma),bronchial epithelial cells	4.81101463792986	0.0	1.88	-2.485
chr6	108108580	A	G	FOS_HUMAN	MCF7 (Invasive ductal breast carcinoma)	0.0	9.06585922234312		2.035
chr6	129501692	G	A	GATA1_HUMAN,GATA3_HUMAN,FOS_HUMAN	MCF7 (Invasive ductal breast carcinoma),CD34+ hematopoietic stem cells-derived proerythroblasts	0.0	2.0611536364456047	-0.899	1.204
chr6	130307958	C	T	FOXA1_HUMAN,FOS_HUMAN	MCF7 (Invasive ductal breast carcinoma)	0.0	1.9125630046070767	-0.03	0.5870000000000001
chr6	135093712	G	A	FOS_HUMAN	K562 (myelogenous leukemia)	0.0	1.4880816086919517		1.148
chr6	151067731	C	T	TAL1_HUMAN,FOS_HUMAN,NR1H3_HUMAN	HT29 (colon adenocarcinoma),primary endothelial colony-forming cells	3.9975440054510996	0.0	1.319	-1.535
chr6	151630661	T	G	ZFX_HUMAN,FOS_HUMAN	MCF7 (Invasive ductal breast carcinoma)	1.8846615873343642	0.0	1.075	-0.983
chr6	151658113	A	G	RAD21_HUMAN,ESR1_HUMAN,CEBPB_HUMAN,GATA3_HUMAN,FOXA1_HUMAN,PRGR_HUMAN,ZBT40_HUMAN,CUX1_HUMAN,CREB1_HUMAN,ZN217_HUMAN,ZN579_HUMAN,P66B_HUMAN,RCOR1_HUMAN,AHR_HUMAN,NDF1_HUMAN,ATF7_HUMAN,NCOA3_HUMAN,FOS_HUMAN	MCF7 (Invasive ductal breast carcinoma)	0.0	1.7766148034584548	-0.638	0.991
chr6	151669100	T	C	ESR1_HUMAN,CTCF_HUMAN,GATA3_HUMAN,CREB1_HUMAN,REQU_HUMAN,NDF1_HUMAN,ZN444_HUMAN,ZBT7B_HUMAN,MTA3_HUMAN,FOS_HUMAN	MCF7 (Invasive ductal breast carcinoma),HepG2 (hepatoblastoma),HT29 (colon adenocarcinoma),pancreas,adrenal gland	0.0	5.171872507562487	-0.337	1.208
chr6	152171382	G	T	PKNX1_HUMAN,FOS_HUMAN	GM12878 (female B-cells)	0.0	1.3713741650640972	-0.8490000000000001	1.104
chr6	153058527	G	A	FOS_HUMAN	MCF7 (Invasive ductal breast carcinoma)	0.0	3.204187611656979	-1.515	1.393
chr6	153058529	C	T	FOS_HUMAN	MCF7 (Invasive ductal breast carcinoma)	0.0	3.355216958102222	-1.5319999999999998	1.41
chr7	20596885	G	A	JUN_HUMAN,FOS_HUMAN	HUVEC (umbilical vein endothelial cells),MCF10A (breast epithelial cells)	1.3303824411214527	0.0	0.455	0.153
chr7	43648078	A	G	FOXK2_HUMAN,FOS_HUMAN	MCF7 (Invasive ductal breast carcinoma),HEK293 (embryonic kidney),SK-N-SH (neuroblastoma)	1.4395668812579223	0.0	1.094	-0.8390000000000001
chr7	46081122	T	C	FOS_HUMAN,DUX4_HUMAN	MCF7 (Invasive ductal breast carcinoma),coronary artery smooth muscle,induced pluripotent stem cells	0.0	3.3393164171402288		2.064
chr7	48067694	A	G	ATF3_HUMAN,FOS_HUMAN	K562 (myelogenous leukemia),SK-N-SH (neuroblastoma)	4.220220287868199	0.0	1.9140000000000001	
chr7	67692623	T	C	ESR1_HUMAN,GATA3_HUMAN,ANDR_HUMAN,FOXA1_HUMAN,COT2_HUMAN,NFIB_HUMAN,FOS_HUMAN	LNCaP (prostate carcinoma),VCaP (prostate carcinoma),MCF7 (Invasive ductal breast carcinoma),LNCaP C4-2 (prostate carcinoma),MDA-MB-453 (breast adenocarcinoma),liver	4.717534661339516	0.0	0.765	-0.214
chr7	74079424	G	A	FOS_HUMAN	SK-N-SH (neuroblastoma)	2.3261005569142097	0.0	1.175	
chr7	77306493	T	C	FOS_HUMAN	MCF7 (Invasive ductal breast carcinoma)	0.0	2.359773309796196		1.642
chr7	87414392	T	A	FOS_HUMAN	MCF7 (Invasive ductal breast carcinoma)	0.0	1.4750068285686724		1.6480000000000001
chr7	91365665	C	G	ESR1_HUMAN,FOS_HUMAN	MCF7 (Invasive ductal breast carcinoma)	0.0	3.65075551843803	0.205	0.64
chr7	98286590	C	T	ZN444_HUMAN,FOS_HUMAN	MCF7 (Invasive ductal breast carcinoma)	0.0	1.4618378070093758	-1.327	1.273
chr7	98315803	C	T	GCR_HUMAN,FOS_HUMAN	breast tumour metastasis	0.0	1.7661930804904862	-0.365	0.968
chr7	98802187	A	C	NFIB_HUMAN,FOS_HUMAN	GM12878 (female B-cells),HEK293 (embryonic kidney)	0.0	9.571775989131194		2.089
chr7	98820161	T	G	FOS_HUMAN	MCF7 (Invasive ductal breast carcinoma)	1.3365111023580316	0.0	1.103	-1.3130000000000002
chr7	98822835	C	A	FOS_HUMAN	MCF7 (Invasive ductal breast carcinoma)	10.637590650099161	0.0	2.246	
chr7	99208446	C	T	FOS_HUMAN	MCF7 (Invasive ductal breast carcinoma)	1.3888900817511973	0.0	1.3	-1.558
chr7	101457184	C	A	FOS_HUMAN	MCF7 (Invasive ductal breast carcinoma)	3.5956929776052995	0.0	1.464	-1.671
chr7	106620889	A	C	FOS_HUMAN	MCF7 (Invasive ductal breast carcinoma)	0.0	2.0353902259813554	-1.956	1.469
chr7	107836425	C	G	GATA1_HUMAN,TAL1_HUMAN,GATA3_HUMAN,FOS_HUMAN	MCF7 (Invasive ductal breast carcinoma),CD34+ hematopoietic stem cells-derived proerythroblasts	0.01816312161934661	8.699683455716512	-0.426	2.103
chr7	107836468	T	G	GATA1_HUMAN,GATA3_HUMAN,JUN_HUMAN,JUNB_HUMAN,JUND_HUMAN,FOSL1_HUMAN,CREB1_HUMAN,ATF3_HUMAN,FOS_HUMAN	MCF7 (Invasive ductal breast carcinoma),CD34+ hematopoietic stem cells-derived proerythroblasts,coronary artery smooth muscle	0.17569521439195848	8.918948574726377	0.38299999999999995	1.8130000000000002
chr7	108299349	A	G	FOS_HUMAN	MCF7 (Invasive ductal breast carcinoma)	0.0	1.5618331674129438	-1.443	1.2930000000000001
chr7	114021320	T	C	FOS_HUMAN	HEK293 (embryonic kidney)	0.0	1.522666753422147	-1.482	1.314
chr7	131769205	C	T	FOS_HUMAN	MCF7 (Invasive ductal breast carcinoma)	3.3760630425259825	0.0	1.71	-2.035
chr7	131769223	T	G	FOS_HUMAN	MCF7 (Invasive ductal breast carcinoma)	5.308778122970503	0.0	1.952	
chr7	131769297	G	A	FOS_HUMAN	MCF7 (Invasive ductal breast carcinoma)	12.092540788588549	0.0	2.394	
chr7	134614138	A	G	CEBPG_HUMAN,ATF3_HUMAN,FOS_HUMAN,ARI1B_HUMAN,TIF1A_HUMAN	K562 (myelogenous leukemia)	0.0	2.7190184823027637	-0.441	1.297
chr7	151795619	G	A	STAT1_HUMAN,TF65_HUMAN,FOS_HUMAN	MCF7 (Invasive ductal breast carcinoma),CD14+ monocytes,monocyte-derived macrophages	3.5012677201102433	0.0	1.15	-2.634
chr7	154660218	A	G	FOS_HUMAN	MCF7 (Invasive ductal breast carcinoma)	3.0347209565243785	0.0	1.6669999999999998	-2.173
chr7	155577058	A	G	ESR1_HUMAN,CREB1_HUMAN,MNT_HUMAN,CTBP1_HUMAN,ERR1_HUMAN,NCOA3_HUMAN,FOS_HUMAN	MCF7 (Invasive ductal breast carcinoma)	0.0	18.472688022301504	-0.392	1.67
chr7	155577088	G	T	ESR1_HUMAN,CREB1_HUMAN,MNT_HUMAN,CTBP1_HUMAN,ERR1_HUMAN,NCOA3_HUMAN,FOS_HUMAN	MCF7 (Invasive ductal breast carcinoma),HepG2 (hepatoblastoma)	0.0	22.39700509699649	-0.679	1.571
chr8	739668	C	T	ESR1_HUMAN,FOS_HUMAN	MCF7 (Invasive ductal breast carcinoma)	2.657157631501086	0.0	0.976	-0.503
chr8	8429586	T	C	GATA3_HUMAN,FOXA1_HUMAN,FOS_HUMAN	MCF7 (Invasive ductal breast carcinoma),GM12878 (female B-cells)	1.319504374536801	0.0	1.172	-1.0290000000000001
chr8	13617769	G	A	FOS_HUMAN	MCF7 (Invasive ductal breast carcinoma)	0.0	1.5205220684647731	-1.173	1.218
chr8	18384071	T	C	FOS_HUMAN	MCF7 (Invasive ductal breast carcinoma)	0.0	1.8170610549619024	-1.386	1.263
chr8	18384089	C	T	FOS_HUMAN	MCF7 (Invasive ductal breast carcinoma)	0.0	1.5907325795416296	-1.04	1.26
chr8	20145377	A	G	FOS_HUMAN	MCF7 (Invasive ductal breast carcinoma)	0.0	2.436603193499809	-1.158	1.0090000000000001
chr8	61014238	T	C	RFX1_HUMAN,FOS_HUMAN	MCF7 (Invasive ductal breast carcinoma),K562 (myelogenous leukemia)	1.9084308048707281	0.0	1.3119999999999998	0.22699999999999998
chr8	61496038	A	G	FOS_HUMAN	MCF7 (Invasive ductal breast carcinoma)	0.0	2.2938956314481613		1.745
chr8	62164918	C	T	FOS_HUMAN	MCF7 (Invasive ductal breast carcinoma)	3.5956929776052995	0.0	1.8980000000000001	
chr8	68967818	G	T	FOS_HUMAN	MCF7 (Invasive ductal breast carcinoma)	0.0	2.4994400633923535		1.618
chr8	86177040	G	A	FOS_HUMAN	MCF7 (Invasive ductal breast carcinoma)	2.1936873438316016	0.0	1.694	
chr8	89848575	A	G	FOS_HUMAN	MCF7 (Invasive ductal breast carcinoma)	1.5873581574989075	0.0	1.35	
chr8	92827816	A	G	FOXA1_HUMAN,JUND_HUMAN,FOS_HUMAN	MCF7 (Invasive ductal breast carcinoma),coronary artery smooth muscle	1.7164947336522312	0.0	0.8190000000000001	-0.856
chr8	94234408	G	C	CTCF_HUMAN,FOS_HUMAN	MCF7 (Invasive ductal breast carcinoma),foreskin keratinocyte	0.0	2.6283930785318086	-1.584	1.444
chr8	95071733	C	T	ESR1_HUMAN,FOS_HUMAN,STAT3_HUMAN	MCF7 (Invasive ductal breast carcinoma),HCC70 (ductal breast carcinoma)	0.0	4.439220581924764	-0.027000000000000003	0.775
chr8	95114802	G	A	FOS_HUMAN	K562 (myelogenous leukemia)	0.0	1.4128167670670528		1.5319999999999998
chr8	95466337	A	G	FOS_HUMAN	HUVEC (umbilical vein endothelial cells)	1.9921477267637793	0.0	0.922	-0.835
chr8	100007357	A	C	ESR1_HUMAN,FOXA1_HUMAN,ZN217_HUMAN,NCOA3_HUMAN,FOS_HUMAN	MCF7 (Invasive ductal breast carcinoma)	0.0	28.502461468002494	-0.748	1.681
chr8	102076877	T	C	FOS_HUMAN	MCF7 (Invasive ductal breast carcinoma)	0.0	4.968450045912028		2.066
chr8	102076931	A	G	FOS_HUMAN	MCF7 (Invasive ductal breast carcinoma)	0.0	5.415317552540975		2.133
chr8	102076949	G	T	FOS_HUMAN,SCRT2_HUMAN	MCF7 (Invasive ductal breast carcinoma),HEK293 (embryonic kidney)	0.0	5.826650806947207		2.165
chr8	103980622	C	T	FOS_HUMAN,RUNX2_HUMAN	MCF7 (Invasive ductal breast carcinoma),foreskin keratinocyte	0.0	4.755688272969213		2.061
chr8	103980679	C	G	CTCF_HUMAN,FOS_HUMAN,RUNX2_HUMAN	MCF7 (Invasive ductal breast carcinoma)	1.5767815101293725	0.0	0.747	0.306
chr8	103980853	G	A	FOS_HUMAN,RUNX2_HUMAN	MCF7 (Invasive ductal breast carcinoma)	0.0	3.986267566635127		1.946
chr8	104273603	T	A	GRHL2_HUMAN,FOS_HUMAN	MCF7 (Invasive ductal breast carcinoma)	1.6582817017717661	0.0	1.15	-0.8420000000000001
chr8	104331842	A	G	ESR1_HUMAN,FOS_HUMAN	MCF7 (Invasive ductal breast carcinoma),MCF7 TamR (invasive ductal breast carcinoma Tamoxifen resistant),breast tumor xenograft	15.031036234967353	0.0	1.065	0.012
chr8	104835829	T	C	FOS_HUMAN	MCF7 (Invasive ductal breast carcinoma)	2.786796236490258	0.0	1.646	
chr8	116162085	A	G	JUND_HUMAN,FOS_HUMAN	MCF7 (Invasive ductal breast carcinoma),coronary artery smooth muscle	0.0	1.974275672095854	-1.006	0.858
chr8	121150940	A	G	ESR1_HUMAN,FOXA1_HUMAN,FOS_HUMAN	MCF7 (Invasive ductal breast carcinoma)	0.0	13.903867968832063	0.061	0.9259999999999999
chr8	124443329	T	C	GATA3_HUMAN,REQU_HUMAN,FOS_HUMAN	MCF7 (Invasive ductal breast carcinoma)	0.0	3.5427344976952333	-2.1	1.7530000000000001
chr8	124443342	A	G	GATA3_HUMAN,MNT_HUMAN,FOS_HUMAN	MCF7 (Invasive ductal breast carcinoma)	0.0	2.6881756973129347	-1.8119999999999998	1.5859999999999999
chr8	124447478	G	A	FOS_HUMAN,RUNX2_HUMAN	MCF7 (Invasive ductal breast carcinoma),K562 (myelogenous leukemia)	0.0	1.507903176410781	-2.68	1.4580000000000002
chr8	125644699	G	A	SMCE1_HUMAN,PKNX1_HUMAN,RFX1_HUMAN,REQU_HUMAN,NFIB_HUMAN,FOS_HUMAN,KDM5B_HUMAN	MCF7 (Invasive ductal breast carcinoma),HEK293 (embryonic kidney),neutrophils,foreskin keratinocyte	6.970645413842186	0.0	2.0540000000000003	
chr8	127695050	G	C	RFX1_HUMAN,FOS_HUMAN	MCF7 (Invasive ductal breast carcinoma)	1.3089999770145173	0.0	1.278	
chr8	129692489	G	C	GATA3_HUMAN,FOXA1_HUMAN,PKNX1_HUMAN,FOS_HUMAN	MCF7 (Invasive ductal breast carcinoma)	1.4047302821437297	0.0	1.2990000000000002	-1.072
chr8	133674916	G	C	CEBPB_HUMAN,CREB1_HUMAN,SMCE1_HUMAN,RFX1_HUMAN,REQU_HUMAN,FOS_HUMAN	MCF7 (Invasive ductal breast carcinoma),SUM159PT (pleiomorphic breast carcinoma)	2.439799103320183	0.0	0.937	-0.6920000000000001
chr8	133675096	C	T	CTBP1_HUMAN,FOS_HUMAN	MCF7 (Invasive ductal breast carcinoma)	1.3012851849286777	0.0	1.256	-1.275
chr8	138975871	C	G	FOS_HUMAN	coronary artery smooth muscle	0.0	1.5038729760357077	-1.073	1.239
chr8	138975989	A	G	FOS_HUMAN	MCF7 (Invasive ductal breast carcinoma)	0.0	9.24002281300093		1.45
chr8	142838424	G	T	FOS_HUMAN	MCF7 (Invasive ductal breast carcinoma)	0.0	2.8966436577471675	-1.163	1.0190000000000001
chr8	143934174	C	A	STAT1_HUMAN,FOS_HUMAN,RUNX2_HUMAN	A549 (lung carcinoma),MCF7 (Invasive ductal breast carcinoma),CD14+ monocytes	0.0	2.473960566756238	-0.865	1.281
chr9	33506672	C	T	JUN_HUMAN,FOS_HUMAN	HAEC (human aortic endothelial cells)	3.416282960151269	0.1704580070846485	1.673	-0.138
chr9	77663909	C	T	GRHL2_HUMAN,ESR1_HUMAN,GATA3_HUMAN,FOXA1_HUMAN,CREB1_HUMAN,ATF7_HUMAN,NCOA3_HUMAN,FOS_HUMAN	MCF7 (Invasive ductal breast carcinoma)	0.0	1.7892329552427706	-0.17300000000000001	1.064
chr9	79759555	A	T	GRHL2_HUMAN,ESR1_HUMAN,GATA3_HUMAN,FOXA1_HUMAN,PRGR_HUMAN,CREB1_HUMAN,SMCE1_HUMAN,PKNX1_HUMAN,CTBP1_HUMAN,REQU_HUMAN,FOS_HUMAN	MCF7 (Invasive ductal breast carcinoma)	0.0	1.6954674656723472	0.133	0.7909999999999999
chr9	80631052	C	T	JUND_HUMAN,FOS_HUMAN	coronary artery smooth muscle	5.008640478457622	0.0	1.8430000000000002	-2.303
chr9	88950112	A	G	FOS_HUMAN	MCF7 (Invasive ductal breast carcinoma)	0.0	1.3746221292253216	-1.3769999999999998	0.5660000000000001
chr9	90433604	T	C	GATA3_HUMAN,CREB1_HUMAN,MNT_HUMAN,FOS_HUMAN	MCF7 (Invasive ductal breast carcinoma)	0.0	2.1794411570369245		1.4969999999999999
chr9	96293709	G	A	CREB1_HUMAN,FOS_HUMAN	MCF7 (Invasive ductal breast carcinoma)	1.740239354657195	0.0	1.3319999999999999	-1.101
chr9	96293722	A	C	CREB1_HUMAN,FOS_HUMAN	MCF7 (Invasive ductal breast carcinoma)	0.0	1.7665303456825656	-1.177	1.3519999999999999
chr9	108562371	T	C	FOS_HUMAN	MCF7 (Invasive ductal breast carcinoma)	0.0	1.4880816086919517	-1.5290000000000001	1.329
chr9	109316268	A	G	FOS_HUMAN	MCF7 (Invasive ductal breast carcinoma)	0.0	1.369486498804297	-1.365	1.218
chr9	110614820	G	C	FOS_HUMAN	MCF7 (Invasive ductal breast carcinoma)	0.0	12.331273221713566		2.5610000000000004
chr9	110614844	C	G	FOS_HUMAN	MCF7 (Invasive ductal breast carcinoma)	0.0	12.331273221713566		2.537
chr9	114084187	T	C	FOS_HUMAN	MCF7 (Invasive ductal breast carcinoma)	0.0	1.5932249832888883	-1.177	1.3519999999999999
chr9	114552494	G	A	FOS_HUMAN	MCF7 (Invasive ductal breast carcinoma)	1.564198324001239	0.0	1.3519999999999999	-1.609
chr9	115495504	A	C	GATA3_HUMAN,ANDR_HUMAN,FOXA1_HUMAN,FOS_HUMAN	VCaP (prostate carcinoma),MCF7 (Invasive ductal breast carcinoma),HUES64 (embryonic stem cells)	0.0	2.61591621452698	-0.242	1.145
chr9	115498502	T	C	CTCF_HUMAN,FOS_HUMAN	MCF7 (Invasive ductal breast carcinoma),epithelial cell of prostate	0.0	5.558106550896429	-1.9809999999999999	1.675
chr9	121483157	A	G	GRHL2_HUMAN,ESR1_HUMAN,GATA3_HUMAN,PRGR_HUMAN,COT2_HUMAN,CTBP1_HUMAN,FOS_HUMAN	MCF7 (Invasive ductal breast carcinoma)	2.6124082666872597	0.0	1.026	-0.303
chr9	122190740	A	G	ESR1_HUMAN,FOXA1_HUMAN,ZFX_HUMAN,FOS_HUMAN,HIF1A_HUMAN	T47D (invasive ductal carcinoma),MCF7 (Invasive ductal breast carcinoma),breast tumor tissue	2.114902163299321	0.0	1.5290000000000001	
chr9	124267351	A	G	ESR1_HUMAN,RXRA_HUMAN,JUN_HUMAN,HNF4A_HUMAN,SP1_HUMAN,MNT_HUMAN,FOS_HUMAN,MYC_HUMAN	MCF7 (Invasive ductal breast carcinoma),LHSAR (prostate epithelial cells),liver,HAEC (human aortic endothelial cells)	2.049782817005613	0.0	1.386	-1.6969999999999998
chr9	125649575	G	A	JUN_HUMAN,FOS_HUMAN	HUVEC (umbilical vein endothelial cells),SK-N-SH (neuroblastoma),HAEC (human aortic endothelial cells)	2.4058044629668043	0.0	1.635	-2.303
chr9	126364215	T	C	ANDR_HUMAN,FOXA1_HUMAN,MNT_HUMAN,FOS_HUMAN	MCF7 (Invasive ductal breast carcinoma),LHSAR (prostate epithelial cells)	1.6353385186298917	0.0	1.274	-1.5630000000000002
chr9	128846507	G	A	FOS_HUMAN	MCF7 (Invasive ductal breast carcinoma)	1.6499676600603677	0.0	1.376	-1.6340000000000001
chr9	129762680	G	A	FOS_HUMAN	MCF7 (Invasive ductal breast carcinoma)	0.0	5.558989441203073		0.515
chr9	129762773	T	G	JUND_HUMAN,FOS_HUMAN	MCF7 (Invasive ductal breast carcinoma),coronary artery smooth muscle	0.0	1.9769435070967647		0.379
chr9	129762860	G	A	FOS_HUMAN	MCF7 (Invasive ductal breast carcinoma)	0.0	12.331273221713566		2.002
chr9	129762866	G	A	TF65_HUMAN,FOS_HUMAN	MCF7 (Invasive ductal breast carcinoma),monocyte-derived macrophages	1.8464555912158716	0.0	1.396	
chr9	131361601	T	C	GATA3_HUMAN,FOS_HUMAN	MCF7 (Invasive ductal breast carcinoma),SK-N-SH (neuroblastoma)	2.6495978631648063	0.0	0.799	-0.09300000000000001
chr9	131781168	T	G	FOS_HUMAN	MCF7 (Invasive ductal breast carcinoma)	0.0	4.902967490472724	-2.151	1.893
chr9	135262424	T	C	FOS_HUMAN	MCF7 (Invasive ductal breast carcinoma)	0.0	4.251653179453068	-2.4419999999999997	1.8519999999999999
chrX	14674083	T	C	FOS_HUMAN	MCF7 (Invasive ductal breast carcinoma),GM12878 (female B-cells),HEK293 (embryonic kidney)	2.3577017103016242	0.0	2.043	
chrX	22097324	G	A	FOS_HUMAN	MCF7 (Invasive ductal breast carcinoma)	0.0	1.926870218512693		2.141
chrX	31350517	T	C	FOS_HUMAN	MCF7 (Invasive ductal breast carcinoma)	3.4041950858634418	0.0	2.249	
chrX	31350522	T	A	FOS_HUMAN	MCF7 (Invasive ductal breast carcinoma)	3.1305659398307704	0.0	2.256	
chrX	44484450	A	T	FOS_HUMAN	MCF7 (Invasive ductal breast carcinoma)	2.504338544387352	0.0	1.83	
chrX	45987207	G	A	FOS_HUMAN	MCF7 (Invasive ductal breast carcinoma)	0.0	2.659691249773919		1.9969999999999999
