Chromosome	Position	Ref	Alt	ASB in transcription factors	ASB in cell types	FOXM1_HUMAN_FDR_Ref	FOXM1_HUMAN_FDR_Alt	FOXM1_HUMAN_Effect_Size_Ref	FOXM1_HUMAN_Effect_Size_Alt
chr1	16613699	G	A	EP300_HUMAN,EZH2_HUMAN,RFOX2_HUMAN,PYGO2_HUMAN,TAF7_HUMAN,DDX20_HUMAN,HDAC8_HUMAN,GRHL2_HUMAN,ESR1_HUMAN,TAL1_HUMAN,CEBPB_HUMAN,CTCF_HUMAN,AP2A_HUMAN,FOXA1_HUMAN,GCR_HUMAN,ZBT7A_HUMAN,SIN3A_HUMAN,ZFX_HUMAN,JUN_HUMAN,ZBT40_HUMAN,VEZF1_HUMAN,NONO_HUMAN,JUNB_HUMAN,TYY1_HUMAN,MAX_HUMAN,EGR1_HUMAN,SP1_HUMAN,BCL3_HUMAN,NR4A1_HUMAN,KLF1_HUMAN,KLF13_HUMAN,CREB1_HUMAN,SUZ12_HUMAN,CBX3_HUMAN,ZN579_HUMAN,SMCE1_HUMAN,MNT_HUMAN,ZNF24_HUMAN,ELF1_HUMAN,ZN574_HUMAN,IRF1_HUMAN,ZN740_HUMAN,SOX13_HUMAN,PKNX1_HUMAN,ELF4_HUMAN,CTBP1_HUMAN,MYB_HUMAN,NR2C1_HUMAN,RFX1_HUMAN,MGAP_HUMAN,NCOA2_HUMAN,EMSY_HUMAN,SMCA4_HUMAN,MEF2D_HUMAN,IKZF1_HUMAN,ZN687_HUMAN,MTA2_HUMAN,NFAC3_HUMAN,ARNT_HUMAN,REQU_HUMAN,TFDP1_HUMAN,CREB3_HUMAN,FOXM1_HUMAN,ZN639_HUMAN,ZBT11_HUMAN,Z354B_HUMAN,ZBT26_HUMAN,KLF11_HUMAN,KLF16_HUMAN,FOXP1_HUMAN,ERF_HUMAN,RING2_HUMAN,HINFP_HUMAN,NRF1_HUMAN,SRBP1_HUMAN,GLIS1_HUMAN,GLI2_HUMAN,ZN600_HUMAN,FEZF1_HUMAN,SP7_HUMAN,BC11B_HUMAN,ZN341_HUMAN,WT1_HUMAN,SP2_HUMAN,OSR2_HUMAN,KLF8_HUMAN,ZN770_HUMAN,ZN843_HUMAN,ZN555_HUMAN,ERR1_HUMAN,ZFP91_HUMAN,ENL_HUMAN,NFIB_HUMAN,TF65_HUMAN,MTA1_HUMAN,CHD1_HUMAN,MEIS2_HUMAN,NCOA1_HUMAN,CR3L1_HUMAN,CDC5L_HUMAN,ZN184_HUMAN,MCM7_HUMAN,HDAC1_HUMAN,AFF1_HUMAN,ZN398_HUMAN,KMT2A_HUMAN,TF7L1_HUMAN,KDM5B_HUMAN	HEK293T (embryonic kidney),A549 (lung carcinoma),VCaP (prostate carcinoma),MCF7 (Invasive ductal breast carcinoma),MCF-7 C4-12 (invasive breast ductal carcinoma),cranial neural crest cells,GM12878 (female B-cells),NCI-H2171 (small cell lung carcinoma),HCT-116 (colon carcinoma),HEK293 (embryonic kidney),HepG2 (hepatoblastoma),hMADS-3 (adipose-derived stem cells),Jurkat (T-cells),K562 (myelogenous leukemia),SEM (childhood B acute lymphoblastic leukemia),MDA-MB-453 (breast adenocarcinoma),spleen,liver,erythroblasts,pancreas,226LDM (normal breast luminal cells),RCH-ACV (B acute lymphoblastic leukemia with t(1;19)(q23;p13.3) E2A-PBX1 (TCF3-PBX1)),RH4 (alveolar rhabdomyosarcoma),breast tumor xenograft,suprapubic skin,heart left ventricle,gastrocnemius medialis,ovary,gastroesophageal sphincter,uterus,thyroid gland,adrenal gland,prostate gland,tibial nerve,upper lobe of left lung	0.0	3.639063928502179	-0.18899999999999997	0.982
chr1	16896253	G	C	T2FA_HUMAN,RAD21_HUMAN,RXRA_HUMAN,CEBPB_HUMAN,CTCF_HUMAN,ZBT7A_HUMAN,TYY1_HUMAN,HNF4A_HUMAN,MAX_HUMAN,COT2_HUMAN,KAISO_HUMAN,GABPA_HUMAN,JUND_HUMAN,EGR1_HUMAN,SP1_HUMAN,REST_HUMAN,TAF1_HUMAN,ATF1_HUMAN,ZNF24_HUMAN,ELF1_HUMAN,TRI22_HUMAN,ELF4_HUMAN,NR2C1_HUMAN,NCOR1_HUMAN,RFX1_HUMAN,TAF9B_HUMAN,ATF2_HUMAN,IKZF1_HUMAN,IKZF2_HUMAN,MTA2_HUMAN,NFAC3_HUMAN,SRF_HUMAN,ARNT_HUMAN,FOXM1_HUMAN,RING2_HUMAN,PRD10_HUMAN,ZEB2_HUMAN,ERR1_HUMAN,MTG16_HUMAN,RB_HUMAN,ATF7_HUMAN,TBX21_HUMAN,SPT5H_HUMAN,C2D1A_HUMAN,HDAC1_HUMAN,AFF1_HUMAN,ZN366_HUMAN,ZN189_HUMAN,OTX2_HUMAN,STA5A_HUMAN,KDM5B_HUMAN,PML_HUMAN,USF1_HUMAN	Flp-In-293 (embryonic kidney),HEK293T (embryonic kidney),786-O (renal carcinoma),T47D (invasive ductal carcinoma),GM12878 (female B-cells),NCI-H441 (squamous cell lung carcinoma ),HCT-116 (colon carcinoma),HEK293 (embryonic kidney),HepG2 (hepatoblastoma),HT29 (colon adenocarcinoma),HUES64 (embryonic stem cells),K562 (myelogenous leukemia),SK-N-SH (neuroblastoma),pre-B acute lymphoblastic leukemia,liver,226LDM (normal breast luminal cells),adrenal gland	5.358311344280098	0.0	2.2	
chr1	18909164	T	C	TAL1_HUMAN,MNT_HUMAN,NCOR1_HUMAN,ATF3_HUMAN,HTF4_HUMAN,LEF1_HUMAN,FOXM1_HUMAN,GABP1_HUMAN,RING2_HUMAN,HMBX1_HUMAN,ARI1B_HUMAN,TIF1A_HUMAN	K562 (myelogenous leukemia)	4.569268849774002	0.0	0.991	0.10099999999999999
chr1	42949675	G	T	AP2A_HUMAN,HDAC2_HUMAN,KDM1A_HUMAN,MNT_HUMAN,ZNF24_HUMAN,NR2C1_HUMAN,NCOR1_HUMAN,ZN592_HUMAN,NCOA2_HUMAN,SMCA4_HUMAN,HTF4_HUMAN,IKZF1_HUMAN,MTA2_HUMAN,ARNT_HUMAN,REQU_HUMAN,FOXM1_HUMAN,GABP1_HUMAN,RING2_HUMAN,DACH1_HUMAN,MEIS2_HUMAN,NCOA1_HUMAN,ARI1B_HUMAN,ZN316_HUMAN,ZBTB2_HUMAN,HDAC1_HUMAN,BCOR_HUMAN,TIF1A_HUMAN	cranial neural crest cells,K562 (myelogenous leukemia)	2.081815853624726	0.0	1.35	
chr1	65163428	G	T	KDM1A_HUMAN,MYBB_HUMAN,FOXM1_HUMAN,MTG16_HUMAN,MEIS2_HUMAN	K562 (myelogenous leukemia)	2.976417601237018	0.0	1.636	-1.935
chr1	109241026	T	C	VEZF1_HUMAN,FOXM1_HUMAN,HDAC1_HUMAN,SNAI2_HUMAN	MCF7 (Invasive ductal breast carcinoma),keratinocytes,K562 (myelogenous leukemia),liver	0.0	2.140467675044155		1.597
chr1	113276758	C	T	TAL1_HUMAN,HDAC2_HUMAN,KDM1A_HUMAN,MNT_HUMAN,NCOR1_HUMAN,MYBB_HUMAN,SMCA4_HUMAN,IKZF1_HUMAN,LEF1_HUMAN,FOXM1_HUMAN,SOX6_HUMAN,ARI1B_HUMAN,HDAC1_HUMAN	K562 (myelogenous leukemia)	1.7243682162403262	0.0	1.1340000000000001	
chr1	113276790	T	C	TAL1_HUMAN,HDAC2_HUMAN,KDM1A_HUMAN,MNT_HUMAN,NCOR1_HUMAN,MYBB_HUMAN,SMCA4_HUMAN,IKZF1_HUMAN,LEF1_HUMAN,FOXM1_HUMAN,MTG8R_HUMAN,SOX6_HUMAN,ARI1B_HUMAN,HDAC1_HUMAN	K562 (myelogenous leukemia)	1.4453631299309857	0.0	1.034	
chr1	202076857	T	G	TAL1_HUMAN,HDAC2_HUMAN,MNT_HUMAN,ZNF24_HUMAN,PKNX1_HUMAN,NR2C1_HUMAN,NCOR1_HUMAN,GMEB1_HUMAN,EMSY_HUMAN,COT1_HUMAN,NFAC3_HUMAN,FOXM1_HUMAN,ATF4_HUMAN,NRF1_HUMAN,ENL_HUMAN,HDAC1_HUMAN	K562 (myelogenous leukemia)	0.0	1.7359741237663497		2.04
chr1	223992676	G	T	TYY1_HUMAN,ATF2_HUMAN,FOXM1_HUMAN,LMBL2_HUMAN,ZBT11_HUMAN,ZBT26_HUMAN,ZN600_HUMAN,INSM2_HUMAN,ZN629_HUMAN,ZNF10_HUMAN,BC11B_HUMAN,KLF17_HUMAN,PRD10_HUMAN,ZN341_HUMAN,ZXDB_HUMAN,SP2_HUMAN,ZBT21_HUMAN,NFIB_HUMAN,ZN394_HUMAN,ZN189_HUMAN	HEK293T (embryonic kidney),MCF7 (Invasive ductal breast carcinoma),HEK293 (embryonic kidney)	1.5159843310427263	0.0	1.8119999999999998	
chr1	227318273	A	T	ZBT8A_HUMAN,FOXM1_HUMAN,SP3_HUMAN,PRD10_HUMAN,ZN341_HUMAN,GLIS2_HUMAN,ZN398_HUMAN	HEK293T (embryonic kidney),HEK293 (embryonic kidney)	0.0	1.8179665514809613		2.523
chr10	6920458	C	T	TAL1_HUMAN,CEBPB_HUMAN,FOXA1_HUMAN,ATF1_HUMAN,MNT_HUMAN,E2F1_HUMAN,ILF3_HUMAN,TAF9B_HUMAN,HDAC3_HUMAN,SMCA4_HUMAN,HTF4_HUMAN,IKZF1_HUMAN,ZSC29_HUMAN,FOXK2_HUMAN,MTA2_HUMAN,ARNT_HUMAN,REQU_HUMAN,LEF1_HUMAN,FOXM1_HUMAN,LMBL2_HUMAN,P66A_HUMAN,NRF1_HUMAN,PRD10_HUMAN,ERR1_HUMAN,ATF7_HUMAN,MTA1_HUMAN,NCOA1_HUMAN,SOX6_HUMAN,ZN316_HUMAN,ZBTB2_HUMAN,ZN184_HUMAN,HDAC1_HUMAN,BCOR_HUMAN,TIF1A_HUMAN,CEBPD_HUMAN,TEAD4_HUMAN	K562 (myelogenous leukemia)	4.439201589972803	0.0	1.3780000000000001	-0.43
chr10	42645270	C	T	NFIC_HUMAN,GATA1_HUMAN,TAL1_HUMAN,MNT_HUMAN,NR2C1_HUMAN,NCOR1_HUMAN,NCOA2_HUMAN,HDAC3_HUMAN,HTF4_HUMAN,IKZF1_HUMAN,FOXM1_HUMAN,MTG16_HUMAN,ARI1B_HUMAN,C2D1A_HUMAN,HDAC1_HUMAN	CD34+ bone marrow cell-derived erythroid progenitors,K562 (myelogenous leukemia)	3.887350107448781	0.0	0.368	
chr10	61472280	C	T	IKZF1_HUMAN,FOXM1_HUMAN	K562 (myelogenous leukemia)	1.745315064476675	0.0	0.956	-0.82
chr11	94238609	A	G	EZH2_HUMAN,CTCF_HUMAN,ZFX_HUMAN,PRDM1_HUMAN,ZN148_HUMAN,TYY1_HUMAN,SP1_HUMAN,ZN350_HUMAN,ZN174_HUMAN,SUZ12_HUMAN,NFRKB_HUMAN,PKNX1_HUMAN,ZN384_HUMAN,CTBP1_HUMAN,BRCA1_HUMAN,BHE40_HUMAN,FOXK2_HUMAN,LEF1_HUMAN,FOXM1_HUMAN,HDGF_HUMAN,ZN580_HUMAN,ZBT26_HUMAN,ZN211_HUMAN,ZN692_HUMAN,GLIS1_HUMAN,ZN785_HUMAN,ZN791_HUMAN,GLI2_HUMAN,Z585B_HUMAN,ZN658_HUMAN,TZAP_HUMAN,BC11B_HUMAN,KLF17_HUMAN,ZN524_HUMAN,MAZ_HUMAN,ZN133_HUMAN,ZBT20_HUMAN,SP2_HUMAN,ZN623_HUMAN,ZN274_HUMAN,GLIS2_HUMAN,ZN157_HUMAN,ZN214_HUMAN,ZN449_HUMAN,ZN768_HUMAN,ZN770_HUMAN,ZN843_HUMAN,ZN555_HUMAN,BCL6B_HUMAN,ZN114_HUMAN,ZN121_HUMAN,ZN571_HUMAN,ZN776_HUMAN,SCRT2_HUMAN,ZN189_HUMAN	22RV1 (prostate carcinoma),HEK293T (embryonic kidney),GM12878 (female B-cells),HEK293 (embryonic kidney),K562 (myelogenous leukemia),PC9 (lung adenocarcinoma),epithelial cell of prostate	0.0	1.52391574651942	0.38799999999999996	1.515
chr11	106022513	T	C	ESR1_HUMAN,GABPA_HUMAN,MNT_HUMAN,CHAP1_HUMAN,FOXK2_HUMAN,FOXM1_HUMAN,PBX3_HUMAN	CD14+ monocytes,HEK293 (embryonic kidney),K562 (myelogenous leukemia),breast tumor tissue	1.4246521647045156	0.0	0.8959999999999999	-0.595
chr12	57377370	C	A	FOXM1_HUMAN	K562 (myelogenous leukemia)	1.5078021738275276	0.0	1.62	-2.346
chr12	103930404	C	G	BCL6_HUMAN,CLOCK_HUMAN,FOXK2_HUMAN,FOXM1_HUMAN,HDAC1_HUMAN	germinal center B-cells,K562 (myelogenous leukemia)	1.6788570515462098	0.13284577346502074	0.7979999999999999	0.48200000000000004
chr12	110421296	T	C	CEBPB_HUMAN,KDM1A_HUMAN,CTBP1_HUMAN,NR2C1_HUMAN,NCOR1_HUMAN,ATF3_HUMAN,HTF4_HUMAN,ATF2_HUMAN,IKZF1_HUMAN,MTA2_HUMAN,REQU_HUMAN,FOXM1_HUMAN,ATF4_HUMAN,RING2_HUMAN,MTG8R_HUMAN,ARI1B_HUMAN,HDAC1_HUMAN,BCOR_HUMAN,TIF1A_HUMAN	K562 (myelogenous leukemia)	0.0	5.502689196561399		2.138
chr12	120487768	A	G	GATA1_HUMAN,TAL1_HUMAN,MNT_HUMAN,ZNF24_HUMAN,NR2C1_HUMAN,RFX1_HUMAN,HTF4_HUMAN,MTA2_HUMAN,REQU_HUMAN,FOXM1_HUMAN,MTG8R_HUMAN,HDAC1_HUMAN,TIF1A_HUMAN	CD34+ bone marrow cell-derived erythroid progenitors,K562 (myelogenous leukemia)	0.0	1.533068826429626	-1.4040000000000001	1.222
chr13	94601777	C	T	PKNX1_HUMAN,FOXM1_HUMAN,HDGF_HUMAN	HEK293T (embryonic kidney),GM12878 (female B-cells),HEK293 (embryonic kidney)	0.0	3.5550629045009927	-0.536	0.828
chr15	101107824	T	C	NFIC_HUMAN,TAL1_HUMAN,HDAC2_HUMAN,KDM1A_HUMAN,CTBP1_HUMAN,NR2C1_HUMAN,NCOR1_HUMAN,HDAC3_HUMAN,SMCA4_HUMAN,HTF4_HUMAN,COT1_HUMAN,REQU_HUMAN,FOXM1_HUMAN,NR2F6_HUMAN,RING2_HUMAN,SOX6_HUMAN,PHB2_HUMAN,C2D1A_HUMAN,HDAC1_HUMAN,TIF1A_HUMAN,TEAD4_HUMAN	K562 (myelogenous leukemia)	0.0	7.138838083474614		1.245
chr16	46390790	C	G	DDX20_HUMAN,T2AG_HUMAN,RAD21_HUMAN,GRHL2_HUMAN,CTCF_HUMAN,GATA3_HUMAN,ANDR_HUMAN,ZBT7A_HUMAN,BC11A_HUMAN,ZFX_HUMAN,ZBT40_HUMAN,ZN148_HUMAN,NONO_HUMAN,JUND_HUMAN,NR4A1_HUMAN,NFE2_HUMAN,ATF1_HUMAN,SUZ12_HUMAN,PAX8_HUMAN,ZN579_HUMAN,MNT_HUMAN,ZNF24_HUMAN,NFXL1_HUMAN,ELF1_HUMAN,ZN574_HUMAN,CLOCK_HUMAN,ZN507_HUMAN,CSN2_HUMAN,NFRKB_HUMAN,TRI22_HUMAN,IRF1_HUMAN,ZN740_HUMAN,PKNX1_HUMAN,CEBPG_HUMAN,HSF1_HUMAN,UBF1_HUMAN,NCOA2_HUMAN,ATF3_HUMAN,ILF3_HUMAN,EMSY_HUMAN,USF2_HUMAN,OZF_HUMAN,HTF4_HUMAN,ATF2_HUMAN,IKZF1_HUMAN,IKZF2_HUMAN,ARI3A_HUMAN,ARNT_HUMAN,RAD51_HUMAN,SKIL_HUMAN,BCLF1_HUMAN,BMI1_HUMAN,ZN622_HUMAN,CREB3_HUMAN,FOXM1_HUMAN,LMBL2_HUMAN,ZBT11_HUMAN,FOXP1_HUMAN,CBX8_HUMAN,MAFK_HUMAN,ZKSC1_HUMAN,NDF1_HUMAN,ETV6_HUMAN,ZN211_HUMAN,SP3_HUMAN,ZN416_HUMAN,ZSC16_HUMAN,ZN791_HUMAN,ZN101_HUMAN,ZN138_HUMAN,BC11B_HUMAN,PRD10_HUMAN,OVOL3_HUMAN,ZSC21_HUMAN,ZN202_HUMAN,ZN140_HUMAN,ZN239_HUMAN,ZN530_HUMAN,MYNN_HUMAN,SP2_HUMAN,GLI4_HUMAN,ZN274_HUMAN,ZN169_HUMAN,ZN707_HUMAN,ZSC23_HUMAN,ZN433_HUMAN,ZN223_HUMAN,ZN213_HUMAN,ZN510_HUMAN,ZN577_HUMAN,ZN529_HUMAN,ZN331_HUMAN,REPI1_HUMAN,ZN555_HUMAN,ZN114_HUMAN,ERR1_HUMAN,TBX21_HUMAN,ZN207_HUMAN,NCOA3_HUMAN,NFIB_HUMAN,TF65_HUMAN,ZBT7B_HUMAN,FOS_HUMAN,ZN316_HUMAN,ARID2_HUMAN,ZN282_HUMAN,MCM2_HUMAN,MCM3_HUMAN,PHB2_HUMAN,MCM7_HUMAN,MCM5_HUMAN,SALL2_HUMAN,ZN121_HUMAN,ZN501_HUMAN,ZSC26_HUMAN,PRDM2_HUMAN,ZFP37_HUMAN,PRDM9_HUMAN,P53_HUMAN,NKX21_HUMAN,STA5A_HUMAN,BMAL1_HUMAN,KDM5C_HUMAN,TLX1_HUMAN,TFE2_HUMAN,ZNF22_HUMAN	22RV1 (prostate carcinoma),ALL-SIL (acute lymphoblastic leukemia),U2OS (osteosarcoma),MCF7 (Invasive ductal breast carcinoma),MCF-7 C4-12 (invasive breast ductal carcinoma),LNCaP C4-2B (prostate carcinoma),LNCaP C4-2 (prostate carcinoma),Caki-1 (renal carcinoma),coronary artery smooth muscle,GM12878 (female B-cells),H1 (embryonic stem cells),H9 (embryonic stem cells),HCT-116 (colon carcinoma),HEK293 (embryonic kidney),HeLa S3 (cervical adenocarcinoma),HepG2 (hepatoblastoma),K562 (myelogenous leukemia),SK-N-SH (neuroblastoma),ICN12 (primary pre-B acute lymphomablastic leukemia),Th1-cells,pancreas,RH4 (alveolar rhabdomyosarcoma),HIV-1 latently-infected central memory T cells cultured from uninfected primary T cells,breast tumor xenograft,breast tumor tissue,suprapubic skin,gastrocnemius medialis,Peyer's patch,esophagus squamous epithelium,ovary,esophagus muscularis mucosa,sigmoid colon,lower leg skin,tibial nerve,neural cell,upper lobe of left lung,RWPE2,Reh (ATCC CRL-8286),Human Umbilical Cord Blood-Derived Erythroid Progenitor Cells-2 (HUDEP-2),GM23248	0.0	2.504947923583041		0.33899999999999997
chr16	46390831	A	G	EP300_HUMAN,EZH2_HUMAN,RAD21_HUMAN,RUNX1_HUMAN,GATA3_HUMAN,ZBT7A_HUMAN,SIN3A_HUMAN,SMAD1_HUMAN,NONO_HUMAN,TYY1_HUMAN,KAISO_HUMAN,ZN350_HUMAN,KLF9_HUMAN,HDAC2_HUMAN,MNT_HUMAN,NFRKB_HUMAN,HSF1_HUMAN,NCOA2_HUMAN,NCOA6_HUMAN,SIN3B_HUMAN,BHE40_HUMAN,SKIL_HUMAN,FOXM1_HUMAN,ZBT26_HUMAN,STAT1_HUMAN,Z585B_HUMAN,TZAP_HUMAN,TYY2_HUMAN,ZSA5C_HUMAN,ZF69B_HUMAN,ZSA5A_HUMAN,ZN623_HUMAN,ZN781_HUMAN,ZNF18_HUMAN,ZN157_HUMAN,MZF1_HUMAN,KLF14_HUMAN,ZN426_HUMAN,ERR1_HUMAN,E4F1_HUMAN,TF65_HUMAN,TBX3_HUMAN,MTA1_HUMAN,ZN282_HUMAN,MCM3_HUMAN,ASH1L_HUMAN,HIC1_HUMAN,ZN776_HUMAN,ZN366_HUMAN,ZN473_HUMAN	786-O (renal carcinoma),MCF7 (Invasive ductal breast carcinoma),HepG2 (hepatoblastoma),OCI-LY7 (diffuse large B-cell lymphoma),ovary,neural cell,GM23248	3.3826052592681286	0.43976654413821126	1.459	0.341
chr16	46390834	G	A	PTTG1_HUMAN,DDX20_HUMAN,ESR1_HUMAN,CEBPB_HUMAN,CTCF_HUMAN,GCR_HUMAN,ZFX_HUMAN,PRDM1_HUMAN,ZN148_HUMAN,JUND_HUMAN,REST_HUMAN,SUZ12_HUMAN,SMCA5_HUMAN,SMCE1_HUMAN,MNT_HUMAN,ZNF24_HUMAN,NFXL1_HUMAN,ZN574_HUMAN,CLOCK_HUMAN,NBN_HUMAN,NFRKB_HUMAN,NCOA2_HUMAN,E2F1_HUMAN,SIN3B_HUMAN,IKZF1_HUMAN,NFAC3_HUMAN,ARNT_HUMAN,SKIL_HUMAN,BCLF1_HUMAN,FOXM1_HUMAN,HDGF_HUMAN,ZBT11_HUMAN,ZN792_HUMAN,FOXP1_HUMAN,RING2_HUMAN,MITF_HUMAN,ZN416_HUMAN,PRDM4_HUMAN,ZBT49_HUMAN,SP7_HUMAN,OVOL3_HUMAN,ZN202_HUMAN,ZN239_HUMAN,ZN664_HUMAN,GLI4_HUMAN,RBAK_HUMAN,GFI1B_HUMAN,ZN169_HUMAN,ZEB2_HUMAN,ZN331_HUMAN,ZN555_HUMAN,ERR1_HUMAN,E2F8_HUMAN,NCOA3_HUMAN,TF65_HUMAN,ZBT7B_HUMAN,NCOA1_HUMAN,ZN316_HUMAN,ZN407_HUMAN,MCM2_HUMAN,C2D1A_HUMAN,BCOR_HUMAN,MCM5_HUMAN,ZSC26_HUMAN,PRDM2_HUMAN,STA5A_HUMAN,DUX4_HUMAN,KDM5C_HUMAN	22RV1 (prostate carcinoma),HEK293T (embryonic kidney),MCF7 (Invasive ductal breast carcinoma),LNCaP C4-2B (prostate carcinoma),Caki-1 (renal carcinoma),coronary artery smooth muscle,GM12878 (female B-cells),HEK293 (embryonic kidney),HepG2 (hepatoblastoma),induced pluripotent stem cells,K562 (myelogenous leukemia),pancreas,HIV-1 latently-infected central memory T cells cultured from uninfected primary T cells,Peyer's patch,esophagus squamous epithelium,omental fat pad,epithelial cell of prostate,sigmoid colon,tibial nerve,RWPE2	2.1237763123205626	0.0	0.643	
chr16	74296258	C	A	FOXM1_HUMAN	K562 (myelogenous leukemia)	0.0	1.4186015374861483		1.6980000000000002
chr17	32819329	G	C	GATA2_HUMAN,TAL1_HUMAN,CEBPB_HUMAN,NFE2_HUMAN,HDAC2_HUMAN,KDM1A_HUMAN,MNT_HUMAN,ZNF24_HUMAN,NCOR1_HUMAN,HDAC3_HUMAN,EMSY_HUMAN,EP400_HUMAN,SMCA4_HUMAN,HTF4_HUMAN,IKZF1_HUMAN,FOXK2_HUMAN,MTA2_HUMAN,ARNT_HUMAN,REQU_HUMAN,FOXM1_HUMAN,ZEB2_HUMAN,ATF7_HUMAN,NCOA1_HUMAN,ARI1B_HUMAN,ZN316_HUMAN,C2D1A_HUMAN,HDAC1_HUMAN,TIF1A_HUMAN	K562 (myelogenous leukemia)	1.3027294418264912	0.0	1.185	-1.084
chr19	2865512	G	A	NFIC_HUMAN,GATA1_HUMAN,TAL1_HUMAN,CEBPB_HUMAN,HDAC2_HUMAN,KDM1A_HUMAN,CTBP1_HUMAN,NCOR1_HUMAN,MYBB_HUMAN,RFX1_HUMAN,MGAP_HUMAN,ATF3_HUMAN,SMCA4_HUMAN,HTF4_HUMAN,ATF2_HUMAN,IKZF1_HUMAN,FOXK2_HUMAN,MTA2_HUMAN,REQU_HUMAN,LEF1_HUMAN,FOXM1_HUMAN,LMBL2_HUMAN,ATF4_HUMAN,RING2_HUMAN,ATF7_HUMAN,SOX6_HUMAN,ZN184_HUMAN,HDAC1_HUMAN,TIF1A_HUMAN	CD34+ bone marrow cell-derived erythroid progenitors,K562 (myelogenous leukemia)	1.6118570246918178	0.0	1.516	
chr19	10569056	A	C	ESR1_HUMAN,KDM1A_HUMAN,MYBB_HUMAN,GMEB1_HUMAN,FOXK2_HUMAN,FOXM1_HUMAN,STAT1_HUMAN,NRF1_HUMAN,HDAC1_HUMAN	MCF7 (Invasive ductal breast carcinoma),CD14+ monocytes,HepG2 (hepatoblastoma),K562 (myelogenous leukemia),foreskin keratinocyte	1.635292517522294	0.08862056244917743	1.288	-0.263
chr19	10569057	A	G	ESR1_HUMAN,KDM1A_HUMAN,MYBB_HUMAN,FOXK2_HUMAN,FOXM1_HUMAN,STAT1_HUMAN,NRF1_HUMAN,HDAC1_HUMAN	MCF7 (Invasive ductal breast carcinoma),CD14+ monocytes,HepG2 (hepatoblastoma),K562 (myelogenous leukemia),breast tumor tissue,foreskin keratinocyte	2.5852201988726375	0.13796044838241733	1.965	-0.146
chr19	14890830	T	C	SMCA4_HUMAN,IKZF1_HUMAN,FOXM1_HUMAN,ARI1B_HUMAN	K562 (myelogenous leukemia)	1.5205672893688758	0.057191516723403904	1.2690000000000001	-0.509
chr19	43951110	G	C	CEBPB_HUMAN,CTCF_HUMAN,ZN830_HUMAN,FOXM1_HUMAN,LMBL2_HUMAN,ATF4_HUMAN,NRF1_HUMAN,E4F1_HUMAN,TF65_HUMAN,TIF1A_HUMAN	GM12878 (female B-cells),monocyte-derived macrophages,K562 (myelogenous leukemia),H54	0.046871669520267	1.5895385649201441	0.18100000000000002	0.755
chr19	50269877	C	T	NFIC_HUMAN,GATA1_HUMAN,TAL1_HUMAN,EGR1_HUMAN,KDM1A_HUMAN,NCOR1_HUMAN,NCOA2_HUMAN,SMCA4_HUMAN,HTF4_HUMAN,MTA2_HUMAN,ARNT_HUMAN,REQU_HUMAN,FOXM1_HUMAN,MTG16_HUMAN,MTG8R_HUMAN,NCOA1_HUMAN,ARI1B_HUMAN,HDAC1_HUMAN,TIF1A_HUMAN	K562 (myelogenous leukemia)	2.848573214965827	0.0	0.518	
chr19	52692536	C	T	HDAC2_HUMAN,KDM1A_HUMAN,FOXM1_HUMAN,ZEB2_HUMAN,MTG16_HUMAN,SOX6_HUMAN,HDAC1_HUMAN	K562 (myelogenous leukemia)	0.0	2.525616259917326	-0.879	1.492
chr2	30290994	G	A	EP300_HUMAN,NFIC_HUMAN,GATA1_HUMAN,TAL1_HUMAN,NONO_HUMAN,COT2_HUMAN,ZNF24_HUMAN,NCOR1_HUMAN,NCOA2_HUMAN,ATF3_HUMAN,HTF4_HUMAN,IKZF1_HUMAN,FOXK2_HUMAN,REQU_HUMAN,FOXM1_HUMAN,MTG8R_HUMAN,ENL_HUMAN,SMRC2_HUMAN,MEIS2_HUMAN,NCOA1_HUMAN,ARI1B_HUMAN,ZN282_HUMAN,TIF1A_HUMAN,TEAD4_HUMAN	CD34+ hematopoietic stem cells-derived proerythroblasts,K562 (myelogenous leukemia)	0.0	1.3275703939568753	-1.228	1.281
chr2	32894223	A	C	TAL1_HUMAN,HDAC2_HUMAN,KDM1A_HUMAN,MNT_HUMAN,NR2C1_HUMAN,NCOR1_HUMAN,HTF4_HUMAN,FOXK2_HUMAN,FOXM1_HUMAN,ARI1B_HUMAN,HDAC1_HUMAN,TIF1A_HUMAN	K562 (myelogenous leukemia)	0.0	7.165683667560351	-0.8590000000000001	1.232
chr2	112667055	G	A	NFIC_HUMAN,GATA1_HUMAN,ZBT40_HUMAN,HDAC2_HUMAN,KDM1A_HUMAN,MNT_HUMAN,PKNX1_HUMAN,CTBP1_HUMAN,NR2C1_HUMAN,NCOR1_HUMAN,ZN592_HUMAN,GMEB1_HUMAN,ATF3_HUMAN,E2F1_HUMAN,HDAC3_HUMAN,CHAP1_HUMAN,EP400_HUMAN,HTF4_HUMAN,IKZF1_HUMAN,NFAC3_HUMAN,ARNT_HUMAN,REQU_HUMAN,FOXM1_HUMAN,P66A_HUMAN,GABP1_HUMAN,RING2_HUMAN,ZEB2_HUMAN,ATF7_HUMAN,ZN316_HUMAN,HDAC1_HUMAN	CD34+ hematopoietic stem cells-derived proerythroblasts,K562 (myelogenous leukemia)	0.0	7.66952926274531		2.363
chr2	179787732	G	A	GATA2_HUMAN,GATA1_HUMAN,TAL1_HUMAN,HDAC2_HUMAN,KDM1A_HUMAN,P66B_HUMAN,SMCE1_HUMAN,NBN_HUMAN,NCOR1_HUMAN,MYBB_HUMAN,RFX1_HUMAN,CHAP1_HUMAN,SMCA4_HUMAN,HTF4_HUMAN,IKZF1_HUMAN,MTA2_HUMAN,NFAC3_HUMAN,ARNT_HUMAN,REQU_HUMAN,FOXM1_HUMAN,EHMT2_HUMAN,RING2_HUMAN,PRD10_HUMAN,MEIS2_HUMAN,NCOA1_HUMAN,C2D1A_HUMAN,HDAC1_HUMAN,TIF1A_HUMAN,TEAD4_HUMAN	K562 (myelogenous leukemia)	2.8309025129682315	0.0	1.577	-1.445
chr2	199911021	T	C	MNT_HUMAN,FOXK2_HUMAN,FOXM1_HUMAN	GM12878 (female B-cells)	1.3634984045282459	0.0	1.157	-1.079
chr21	19490603	G	C	NFIC_HUMAN,KDM1A_HUMAN,HTF4_HUMAN,FOXM1_HUMAN,RING2_HUMAN	CD34+ hematopoietic stem cells-derived proerythroblasts,K562 (myelogenous leukemia)	0.0	4.950994030193995		2.024
chr21	34640365	G	A	JUND_HUMAN,ATF1_HUMAN,FOXM1_HUMAN	coronary artery smooth muscle,K562 (myelogenous leukemia)	1.4367531622455951	0.0	1.198	-1.121
chr21	42893072	G	A	FOXM1_HUMAN	HEK293T (embryonic kidney),LNCaP (prostate carcinoma),HEK293 (embryonic kidney),HepG2 (hepatoblastoma),K562 (myelogenous leukemia)	1.9250479820904478	0.0	1.713	
chr3	161339805	A	G	GRHL2_HUMAN,ESR1_HUMAN,GATA3_HUMAN,FOXA1_HUMAN,GCR_HUMAN,COT2_HUMAN,CUX1_HUMAN,CREB1_HUMAN,ZN217_HUMAN,P66B_HUMAN,CLOCK_HUMAN,CTBP1_HUMAN,RCOR1_HUMAN,REQU_HUMAN,FOXM1_HUMAN,ZN600_HUMAN,ERR1_HUMAN,ATF7_HUMAN,NCOA3_HUMAN,NFIB_HUMAN,TF65_HUMAN,FOS_HUMAN,P53_HUMAN,KDM5B_HUMAN	MCF7 (Invasive ductal breast carcinoma),HEK293 (embryonic kidney),LY-2 (invasive ductal carcinoma)	0.0	5.20982471127572	-0.382	1.053
chr4	76547043	G	A	FOXM1_HUMAN	Ishikawa (endometrial adenocarcinoma)	1.3204242844153773	0.0	1.39	
chr4	154456389	C	T	DDX20_HUMAN,GATA1_HUMAN,TAL1_HUMAN,REST_HUMAN,ATF1_HUMAN,HDAC2_HUMAN,KDM1A_HUMAN,SMCE1_HUMAN,MNT_HUMAN,ZNF24_HUMAN,NCOR1_HUMAN,ZN592_HUMAN,MYBB_HUMAN,RFX1_HUMAN,NCOA2_HUMAN,ATF3_HUMAN,ILF3_HUMAN,HDAC3_HUMAN,SMCA4_HUMAN,HTF4_HUMAN,IKZF1_HUMAN,FOXK2_HUMAN,MTA2_HUMAN,NFAC3_HUMAN,ARNT_HUMAN,SKIL_HUMAN,REQU_HUMAN,FOXM1_HUMAN,ZN639_HUMAN,P66A_HUMAN,GABP1_HUMAN,RING2_HUMAN,CREM_HUMAN,ZEB2_HUMAN,MTG16_HUMAN,ATF7_HUMAN,E2F8_HUMAN,E4F1_HUMAN,ENL_HUMAN,MTA1_HUMAN,MEIS2_HUMAN,NCOA1_HUMAN,SOX6_HUMAN,ZN316_HUMAN,ZBTB2_HUMAN,ZN184_HUMAN,PHB2_HUMAN,MCM7_HUMAN,C2D1A_HUMAN,HDAC1_HUMAN,TIF1A_HUMAN,AFF1_HUMAN,TEAD4_HUMAN	K562 (myelogenous leukemia)	0.0	2.341571331518466	-2.6860000000000004	1.733
chr5	1186006	G	A	NFIC_HUMAN,TAL1_HUMAN,BCL6_HUMAN,HDAC2_HUMAN,KDM1A_HUMAN,SMCE1_HUMAN,MNT_HUMAN,ZNF24_HUMAN,NCOR1_HUMAN,NCOA2_HUMAN,ATF3_HUMAN,TAF9B_HUMAN,HDAC3_HUMAN,SMCA4_HUMAN,HTF4_HUMAN,MTA2_HUMAN,ARNT_HUMAN,REQU_HUMAN,FOXM1_HUMAN,RXRB_HUMAN,RING2_HUMAN,MTG16_HUMAN,NCOA1_HUMAN,SOX6_HUMAN,ZBTB2_HUMAN,ZN184_HUMAN,PHB2_HUMAN,C2D1A_HUMAN,HDAC1_HUMAN,TIF1A_HUMAN,TEAD4_HUMAN	HepG2 (hepatoblastoma),K562 (myelogenous leukemia),liver	11.92616340004395	0.0	1.515	
chr5	96808142	C	T	CTCF_HUMAN,ZNF24_HUMAN,NFRKB_HUMAN,PKNX1_HUMAN,FOXM1_HUMAN	K562 (myelogenous leukemia),foreskin keratinocyte	0.0	1.4532921486325154	0.424	0.485
chr6	28753205	T	C	KDM1A_HUMAN,IKZF1_HUMAN,FOXM1_HUMAN	K562 (myelogenous leukemia)	0.0	1.342908477723765		1.514
chr6	119324888	T	C	NR2C1_HUMAN,IKZF1_HUMAN,FOXM1_HUMAN,SOX6_HUMAN,HDAC1_HUMAN	K562 (myelogenous leukemia)	1.8822454884461122	0.0	1.423	-0.679
chr6	139974221	A	G	NFIC_HUMAN,TAL1_HUMAN,CEBPB_HUMAN,JUN_HUMAN,JUND_HUMAN,FOSL1_HUMAN,HDAC2_HUMAN,KDM1A_HUMAN,SMCE1_HUMAN,MNT_HUMAN,ZNF24_HUMAN,NCOR1_HUMAN,NCOA2_HUMAN,ATF3_HUMAN,E2F1_HUMAN,TAF9B_HUMAN,CHAP1_HUMAN,SMCA4_HUMAN,MEF2D_HUMAN,PBX2_HUMAN,HTF4_HUMAN,FOXK2_HUMAN,REQU_HUMAN,FOXM1_HUMAN,RING2_HUMAN,MITF_HUMAN,ZEB2_HUMAN,MTG16_HUMAN,MTG8R_HUMAN,ATF7_HUMAN,SMRC2_HUMAN,MEIS2_HUMAN,NCOA1_HUMAN,SOX6_HUMAN,ARI1B_HUMAN,ZN316_HUMAN,ZBTB2_HUMAN,C2D1A_HUMAN,HDAC1_HUMAN,TIF1A_HUMAN	coronary artery smooth muscle,primary endothelial colony-forming cells,K562 (myelogenous leukemia)	0.0	2.861209186531035	-1.401	1.27
chr6	150560082	C	T	NFIC_HUMAN,TAL1_HUMAN,NFE2_HUMAN,FOSL1_HUMAN,MAFG_HUMAN,HDAC2_HUMAN,KDM1A_HUMAN,SMCE1_HUMAN,MNT_HUMAN,IRF1_HUMAN,CTBP1_HUMAN,NCOR1_HUMAN,NCOA2_HUMAN,ATF3_HUMAN,SMCA4_HUMAN,HTF4_HUMAN,IKZF1_HUMAN,FOXK2_HUMAN,COT1_HUMAN,MTA2_HUMAN,REQU_HUMAN,FOXM1_HUMAN,LMBL2_HUMAN,RING2_HUMAN,E4F1_HUMAN,SOX6_HUMAN,ARI1B_HUMAN,ZN316_HUMAN,HDAC1_HUMAN,TIF1A_HUMAN,TEAD4_HUMAN	K562 (myelogenous leukemia)	6.790593093895767	0.0	1.391	
chr7	103254327	C	T	GATA1_HUMAN,TAL1_HUMAN,HDAC2_HUMAN,NCOR1_HUMAN,ZN592_HUMAN,MGAP_HUMAN,GMEB1_HUMAN,ATF3_HUMAN,CHAP1_HUMAN,SMCA4_HUMAN,HTF4_HUMAN,COT1_HUMAN,MTA2_HUMAN,ARNT_HUMAN,RAD51_HUMAN,REQU_HUMAN,FOXM1_HUMAN,RING2_HUMAN,ZEB2_HUMAN,DACH1_HUMAN,E4F1_HUMAN,MEIS2_HUMAN,NCOA1_HUMAN,SOX6_HUMAN,ARI1B_HUMAN,HDAC1_HUMAN,BCOR_HUMAN	CD34+ bone marrow cell-derived erythroid progenitors,K562 (myelogenous leukemia)	2.2246777734912695	0.0	0.991	-0.9159999999999999
chr8	8777940	C	T	NFIC_HUMAN,GATA1_HUMAN,TAL1_HUMAN,HDAC2_HUMAN,KDM1A_HUMAN,SMCE1_HUMAN,ZNF24_HUMAN,NR2C1_HUMAN,NCOR1_HUMAN,ZN592_HUMAN,HDAC3_HUMAN,CHAP1_HUMAN,SMCA4_HUMAN,HTF4_HUMAN,IKZF1_HUMAN,MTA2_HUMAN,REQU_HUMAN,FOXM1_HUMAN,ZEB2_HUMAN,MTG16_HUMAN,MTG8R_HUMAN,NCOA1_HUMAN,ARI1B_HUMAN,HDAC1_HUMAN,TIF1A_HUMAN,AFF1_HUMAN,TEAD4_HUMAN	K562 (myelogenous leukemia),RPMI-8402 (T acute lymphoblastic leukemia)	9.571303273251365	0.0	0.6729999999999999	
chr8	123922318	T	C	NFIC_HUMAN,GATA1_HUMAN,TAL1_HUMAN,CEBPB_HUMAN,VEZF1_HUMAN,ID3_HUMAN,KAISO_HUMAN,GABPA_HUMAN,EGR1_HUMAN,NFE2_HUMAN,ATF1_HUMAN,FOSL1_HUMAN,MAFG_HUMAN,HDAC2_HUMAN,KDM1A_HUMAN,SMCE1_HUMAN,MNT_HUMAN,ZNF24_HUMAN,CLOCK_HUMAN,PKNX1_HUMAN,ELF4_HUMAN,CEBPG_HUMAN,NR2C1_HUMAN,NCOR1_HUMAN,ZN592_HUMAN,GMEB1_HUMAN,ATF3_HUMAN,TAF9B_HUMAN,HDAC3_HUMAN,EMSY_HUMAN,EP400_HUMAN,ZN318_HUMAN,SMCA4_HUMAN,PBX2_HUMAN,HTF4_HUMAN,BHE40_HUMAN,IKZF1_HUMAN,FOXK2_HUMAN,MTA2_HUMAN,NFAC3_HUMAN,ARNT_HUMAN,REQU_HUMAN,LEF1_HUMAN,FOXM1_HUMAN,LMBL2_HUMAN,ATF4_HUMAN,KLF16_HUMAN,RING2_HUMAN,MITF_HUMAN,MYNN_HUMAN,DACH1_HUMAN,ATF7_HUMAN,E4F1_HUMAN,ENL_HUMAN,MTA3_HUMAN,ETV1_HUMAN,MEIS2_HUMAN,NCOA1_HUMAN,SOX6_HUMAN,ARI1B_HUMAN,ZN316_HUMAN,C2D1A_HUMAN,HDAC1_HUMAN,BCOR_HUMAN,TIF1A_HUMAN,AFF1_HUMAN,SNAI2_HUMAN,TEAD4_HUMAN,NR1H3_HUMAN	A549 (lung carcinoma),MCF7 (Invasive ductal breast carcinoma),CD34+ hematopoietic stem cells-derived proerythroblasts,keratinocytes,HT29 (colon adenocarcinoma),pancreas	11.92616340004395	0.0	0.718	
chr8	133540229	C	T	GATA1_HUMAN,TAL1_HUMAN,ZBT7A_HUMAN,BC11A_HUMAN,HDAC2_HUMAN,KDM1A_HUMAN,SMCE1_HUMAN,MNT_HUMAN,ZNF24_HUMAN,NR2C1_HUMAN,NCOR1_HUMAN,ZN592_HUMAN,SMCA4_HUMAN,HTF4_HUMAN,IKZF1_HUMAN,FOXK2_HUMAN,MTA2_HUMAN,REQU_HUMAN,FOXM1_HUMAN,NR2F6_HUMAN,GABP1_HUMAN,RING2_HUMAN,MTG16_HUMAN,NCOA1_HUMAN,SOX6_HUMAN,HDAC1_HUMAN,BCOR_HUMAN,TIF1A_HUMAN	CD34+ hematopoietic stem cells-derived proerythroblasts,K562 (myelogenous leukemia),Human Umbilical Cord Blood-Derived Erythroid Progenitor Cells-2 (HUDEP-2)	4.441600884023839	0.0	1.44	0.022000000000000002
chr8	133540388	C	T	EP300_HUMAN,NFIC_HUMAN,GATA1_HUMAN,TAL1_HUMAN,BC11A_HUMAN,VEZF1_HUMAN,REST_HUMAN,HDAC2_HUMAN,KDM1A_HUMAN,SMCE1_HUMAN,MNT_HUMAN,ZNF24_HUMAN,CTBP1_HUMAN,NR2C1_HUMAN,NCOR1_HUMAN,ZN592_HUMAN,ATF3_HUMAN,HDAC3_HUMAN,SMCA4_HUMAN,HTF4_HUMAN,IKZF1_HUMAN,FOXK2_HUMAN,MTA2_HUMAN,NFAC3_HUMAN,ARNT_HUMAN,RAD51_HUMAN,REQU_HUMAN,FOXM1_HUMAN,GABP1_HUMAN,RING2_HUMAN,MTG16_HUMAN,MTG8R_HUMAN,ENL_HUMAN,MTA3_HUMAN,ETV1_HUMAN,MEIS2_HUMAN,NCOA1_HUMAN,SOX6_HUMAN,HDAC1_HUMAN	K562 (myelogenous leukemia),iPSC-derived cardiomyocytes,Human Umbilical Cord Blood-Derived Erythroid Progenitor Cells-2 (HUDEP-2)	1.5740995016557564	0.0	1.1320000000000001	0.038
