Chromosome	Position	Ref	Alt	ASB in transcription factors	ASB in cell types	HM20A_HUMAN_FDR_Ref	HM20A_HUMAN_FDR_Alt	HM20A_HUMAN_Effect_Size_Ref	HM20A_HUMAN_Effect_Size_Alt
chr1	16608312	C	T	ESR1_HUMAN,SKI_HUMAN,ANDR_HUMAN,FOXA1_HUMAN,PRGR_HUMAN,SUH_HUMAN,CREB1_HUMAN,MNT_HUMAN,ZNF24_HUMAN,CLOCK_HUMAN,SOX13_HUMAN,ZKSC8_HUMAN,ZN687_HUMAN,FOXK2_HUMAN,HM20A_HUMAN,HOMEZ_HUMAN,RCOR2_HUMAN,THA11_HUMAN,ZN580_HUMAN,MIER3_HUMAN,PPARG_HUMAN,TEAD1_HUMAN,ZBT26_HUMAN,NR2F6_HUMAN,KMT2B_HUMAN,MLX_HUMAN,ZSC9_HUMAN,FOXA3_HUMAN,ZGPAT_HUMAN,NFYC_HUMAN,ARI4B_HUMAN,TEAD3_HUMAN,ZN792_HUMAN,KLF16_HUMAN,ZN511_HUMAN,ELF3_HUMAN,CEBPA_HUMAN,IRF2_HUMAN,NC2A_HUMAN,ZN205_HUMAN,ETV5_HUMAN,FOXP1_HUMAN,SP130_HUMAN,ZBT25_HUMAN,ERF_HUMAN,FOS_HUMAN	VCaP (prostate carcinoma),MCF7 (Invasive ductal breast carcinoma),GM12878 (female B-cells),HepG2 (hepatoblastoma),K562 (myelogenous leukemia)	37.9385041050611	0.0	1.163	-0.37
chr1	119766535	C	T	ESR1_HUMAN,FOXA1_HUMAN,HM20A_HUMAN	VCaP (prostate carcinoma),MCF7 (Invasive ductal breast carcinoma),HepG2 (hepatoblastoma)	0.0	1.7765909821613715	-0.748	0.72
chr1	212242691	T	A	BCL6_HUMAN,FOXA2_HUMAN,SOX13_HUMAN,HM20A_HUMAN,RXRB_HUMAN,SOX5_HUMAN,THA11_HUMAN,RARA_HUMAN,P66A_HUMAN,NR2F6_HUMAN,FOXA3_HUMAN,SMAD4_HUMAN,TEAD3_HUMAN	HepG2 (hepatoblastoma)	2.5665825258538524	0.0	1.577	-1.946
chr14	21302755	G	A	HM20A_HUMAN	HepG2 (hepatoblastoma)	0.0	1.3595289350804856		1.3219999999999998
chr14	31038014	T	C	CEBPB_HUMAN,ANDR_HUMAN,SOX13_HUMAN,CEBPG_HUMAN,HM20A_HUMAN,P66A_HUMAN,CEBPA_HUMAN	HepG2 (hepatoblastoma),LHSAR (prostate epithelial cells),SUM159PT (pleiomorphic breast carcinoma),liver	0.0	5.485760535185309	-0.248	0.941
chr15	39363965	C	T	SKI_HUMAN,FOXA1_HUMAN,BCL6_HUMAN,FOXA2_HUMAN,CEBPG_HUMAN,HM20A_HUMAN,RXRB_HUMAN,RARA_HUMAN,PPARG_HUMAN,NR2F6_HUMAN,TEAD3_HUMAN,CEBPA_HUMAN	HepG2 (hepatoblastoma),liver	1.5302948979869024	0.0	1.224	-1.386
chr17	41009446	G	A	SKI_HUMAN,FOXA1_HUMAN,BCL6_HUMAN,FOXA2_HUMAN,SOX13_HUMAN,HM20A_HUMAN,RARA_HUMAN,P66A_HUMAN,TEAD1_HUMAN,MIXL1_HUMAN,TEAD3_HUMAN,NFIL3_HUMAN,CEBPA_HUMAN,FOXP1_HUMAN,ERF_HUMAN,TBX3_HUMAN,TEAD4_HUMAN	LNCaP (prostate carcinoma),HepG2 (hepatoblastoma)	0.0	1.5934535911464198	-1.251	1.564
chr18	9855617	C	G	HM20A_HUMAN,RARA_HUMAN,ZBT26_HUMAN,TEAD3_HUMAN,ELF3_HUMAN	HepG2 (hepatoblastoma)	1.3043165221482105	0.0	1.256	-1.275
chr20	17863848	G	T	RAD21_HUMAN,RXRA_HUMAN,SKI_HUMAN,SUH_HUMAN,HNF4A_HUMAN,MAX_HUMAN,GABPA_HUMAN,SP1_HUMAN,FOXA2_HUMAN,CREB1_HUMAN,ZNF24_HUMAN,TFAP4_HUMAN,CEBPG_HUMAN,HLF_HUMAN,HM20A_HUMAN,HOMEZ_HUMAN,RXRB_HUMAN,RCOR2_HUMAN,SOX5_HUMAN,THA11_HUMAN,RARA_HUMAN,P66A_HUMAN,ZN580_HUMAN,GATD1_HUMAN,ZBT26_HUMAN,NR2F6_HUMAN,FOXA3_HUMAN,ZGPAT_HUMAN,ARI4B_HUMAN,ZNF48_HUMAN,SMAD4_HUMAN,KAT8_HUMAN,TFE3_HUMAN,TEAD3_HUMAN,SP5_HUMAN,KLF16_HUMAN,ELF3_HUMAN,DMAP1_HUMAN,NFIL3_HUMAN,CEBPA_HUMAN,IRF2_HUMAN,ETV5_HUMAN,FOXP1_HUMAN,ERF_HUMAN,CREM_HUMAN,TBX3_HUMAN	HepG2 (hepatoblastoma),liver	3.0244776118882526	0.0	1.1909999999999998	-1.012
chr20	43547683	G	A	SKI_HUMAN,FOXA1_HUMAN,BCL6_HUMAN,HNF4A_HUMAN,FOXA2_HUMAN,CREB1_HUMAN,MNT_HUMAN,SOX13_HUMAN,ATF2_HUMAN,THB_HUMAN,HM20A_HUMAN,RXRB_HUMAN,ZN644_HUMAN,RARA_HUMAN,P66A_HUMAN,TEAD1_HUMAN,FOXA3_HUMAN,ZGPAT_HUMAN,ARI4B_HUMAN,ZNF48_HUMAN,SMAD4_HUMAN,TFE3_HUMAN,TEAD3_HUMAN,CEBPA_HUMAN,ZN205_HUMAN,SP130_HUMAN	HepG2 (hepatoblastoma),liver	0.0	1.5352292311683253	-1.0090000000000001	0.865
chr20	43547685	G	A	RAD21_HUMAN,SKI_HUMAN,BCL6_HUMAN,FOXA2_HUMAN,MNT_HUMAN,SOX13_HUMAN,ATF2_HUMAN,THB_HUMAN,HM20A_HUMAN,RXRB_HUMAN,RARA_HUMAN,P66A_HUMAN,TEAD1_HUMAN,FOXA3_HUMAN,ZGPAT_HUMAN,ARI4B_HUMAN,ZNF48_HUMAN,SMAD4_HUMAN,TFE3_HUMAN,TEAD3_HUMAN,CEBPA_HUMAN,ZN205_HUMAN,SP130_HUMAN	HepG2 (hepatoblastoma)	1.3857996171931903	0.0	1.092	-0.945
chr3	141648228	C	G	FOXA2_HUMAN,HM20A_HUMAN	HepG2 (hepatoblastoma)	0.0	1.6574649637470233	-0.259	0.507
chr4	18567606	G	T	EP300_HUMAN,SKI_HUMAN,FOXA1_HUMAN,BCL6_HUMAN,FOXA2_HUMAN,SOX13_HUMAN,HM20A_HUMAN,RXRB_HUMAN,NR2F6_HUMAN,NFIA_HUMAN,FOXA3_HUMAN,SMAD4_HUMAN,TEAD3_HUMAN,ZF64A_HUMAN,CEBPA_HUMAN,TBX3_HUMAN	HepG2 (hepatoblastoma),HUES64 (embryonic stem cells)	2.305092331003732	0.0	1.385	
chr4	184364446	G	A	RXRA_HUMAN,SOX13_HUMAN,CEBPG_HUMAN,IKZF1_HUMAN,IKZF2_HUMAN,HM20A_HUMAN,RARA_HUMAN,P66A_HUMAN,NR2F6_HUMAN,SMAD4_HUMAN,TEAD3_HUMAN,NFIL3_HUMAN,CEBPA_HUMAN,SP130_HUMAN,HNF1A_HUMAN	GM12878 (female B-cells),HepG2 (hepatoblastoma),liver	4.3013846476062945	0.0	1.778	
chr5	53001744	G	A	SOX13_HUMAN,HM20A_HUMAN,RXRB_HUMAN,TEAD1_HUMAN,NR2F6_HUMAN,ARI4B_HUMAN,SMAD4_HUMAN,TEAD3_HUMAN,NFIL3_HUMAN	HepG2 (hepatoblastoma)	1.9020321332233414	0.0	1.195	-1.368
chr5	146138186	G	A	SKI_HUMAN,FOXA1_HUMAN,FOXA2_HUMAN,SOX13_HUMAN,FOXK2_HUMAN,HM20A_HUMAN,PPARG_HUMAN,NFIL3_HUMAN,FOXP1_HUMAN,ATF7_HUMAN	HepG2 (hepatoblastoma)	1.9235310815944866	0.0	1.3659999999999999	-1.54
chr6	10613224	C	T	FOXA1_HUMAN,FOXA2_HUMAN,HM20A_HUMAN	HepG2 (hepatoblastoma)	3.6624948997025486	0.0	1.232	-0.612
chr6	139508780	G	A	FOXA1_HUMAN,FOXA2_HUMAN,SOX13_HUMAN,CEBPG_HUMAN,FOXK2_HUMAN,HM20A_HUMAN,RARA_HUMAN,FOXA3_HUMAN,CEBPA_HUMAN	HepG2 (hepatoblastoma)	2.0030103365654908	0.0	1.031	-0.42100000000000004
chr6	140381074	G	T	EP300_HUMAN,BCL6_HUMAN,SOX13_HUMAN,HM20A_HUMAN,RXRB_HUMAN,ZNF7_HUMAN,RARA_HUMAN,P66A_HUMAN,TEAD1_HUMAN,FOXA3_HUMAN,ZGPAT_HUMAN,SMAD4_HUMAN,NFIL3_HUMAN,CEBPA_HUMAN,FOXP1_HUMAN,TBX3_HUMAN	HepG2 (hepatoblastoma)	1.492497095434525	0.0	1.399	-1.182
chr6	145026517	G	A	RAD21_HUMAN,FOXA1_HUMAN,HNF4A_HUMAN,FOXA2_HUMAN,ZNF24_HUMAN,SOX13_HUMAN,CEBPG_HUMAN,HM20A_HUMAN,NR2F6_HUMAN,FOXA3_HUMAN,CEBPA_HUMAN,FOXP1_HUMAN,ERF_HUMAN,ETV4_HUMAN,ATF7_HUMAN	HepG2 (hepatoblastoma),liver	1.4279987027220686	0.0	0.883	0.051
chr6	167398505	G	T	FOXA1_HUMAN,FOXA2_HUMAN,CREB1_HUMAN,SOX13_HUMAN,TCF7_HUMAN,THB_HUMAN,HM20A_HUMAN,RARA_HUMAN,NR2F6_HUMAN,MLX_HUMAN,FOXA3_HUMAN,SMAD4_HUMAN,CEBPA_HUMAN,CREM_HUMAN	HepG2 (hepatoblastoma)	2.252376546060956	0.0	0.853	-0.22699999999999998
chr7	138257742	G	T	GATA1_HUMAN,BCL6_HUMAN,FOXA2_HUMAN,CREB1_HUMAN,CEBPG_HUMAN,HM20A_HUMAN,RXRB_HUMAN,RARA_HUMAN,MIER3_HUMAN,TEAD1_HUMAN,NR2F6_HUMAN,FOXA3_HUMAN,ZGPAT_HUMAN,TFE3_HUMAN,TEAD3_HUMAN,NFIL3_HUMAN,CEBPA_HUMAN,NC2A_HUMAN,FOXP1_HUMAN,TBX3_HUMAN,LCORL_HUMAN	CD34+ hematopoietic stem cells-derived proerythroblasts,HepG2 (hepatoblastoma)	2.0547591949847566	0.0	1.3019999999999998	-1.735
chr8	40043809	A	G	BCL6_HUMAN,HM20A_HUMAN,RXRB_HUMAN	HepG2 (hepatoblastoma)	2.2446662424415913	0.0	1.4180000000000001	-1.6219999999999999
chr9	101433333	G	A	FOXA1_HUMAN,FOXA2_HUMAN,CREB1_HUMAN,HM20A_HUMAN,HOMEZ_HUMAN,SOX5_HUMAN,RARA_HUMAN,P66A_HUMAN,TEAD1_HUMAN,NR2F6_HUMAN,ZN652_HUMAN,FOXA3_HUMAN,CEBPA_HUMAN,FOXP1_HUMAN,TBX3_HUMAN	HepG2 (hepatoblastoma)	1.7468336784259848	0.0	0.9279999999999999	-1.036
