Chromosome	Position	Ref	Alt	ASB in transcription factors	ASB in cell types	HSF1_HUMAN_FDR_Ref	HSF1_HUMAN_FDR_Alt	HSF1_HUMAN_Effect_Size_Ref	HSF1_HUMAN_Effect_Size_Alt
chr1	16621240	G	A	T2FA_HUMAN,TAF7_HUMAN,TADBP_HUMAN,CAVN1_HUMAN,DIDO1_HUMAN,HDAC8_HUMAN,RAD21_HUMAN,NFIC_HUMAN,TAL1_HUMAN,CEBPB_HUMAN,CTCF_HUMAN,GATA3_HUMAN,AP2C_HUMAN,GCR_HUMAN,SIN3A_HUMAN,ZFX_HUMAN,JUN_HUMAN,ZBT40_HUMAN,ID3_HUMAN,MAX_HUMAN,COT2_HUMAN,JUND_HUMAN,EGR1_HUMAN,SP1_HUMAN,NR4A1_HUMAN,REST_HUMAN,NFE2_HUMAN,KLF13_HUMAN,ATF1_HUMAN,MAFG_HUMAN,CREB1_HUMAN,HDAC2_HUMAN,KDM1A_HUMAN,SMCA5_HUMAN,ZN579_HUMAN,P66B_HUMAN,SMCE1_HUMAN,MNT_HUMAN,ZNF24_HUMAN,ZN574_HUMAN,NBN_HUMAN,TRI22_HUMAN,IRF1_HUMAN,PKNX1_HUMAN,CTBP1_HUMAN,HSF1_HUMAN,HCFC1_HUMAN,NR2C1_HUMAN,NCOR1_HUMAN,ZN592_HUMAN,MYBB_HUMAN,RFX1_HUMAN,MGAP_HUMAN,NCOA2_HUMAN,GMEB1_HUMAN,ATF3_HUMAN,ILF3_HUMAN,TAF9B_HUMAN,HDAC3_HUMAN,CHAP1_HUMAN,EMSY_HUMAN,EP400_HUMAN,ZN318_HUMAN,XRCC3_HUMAN,SMCA4_HUMAN,MEF2D_HUMAN,NF2L1_HUMAN,PBX2_HUMAN,HTF4_HUMAN,IKZF1_HUMAN,FOXK2_HUMAN,COT1_HUMAN,NFAC3_HUMAN,ARNT_HUMAN,SKIL_HUMAN,REQU_HUMAN,BCLF1_HUMAN,LEF1_HUMAN,LMBL2_HUMAN,HDGF_HUMAN,TEAD2_HUMAN,GABP1_HUMAN,ZN766_HUMAN,EHMT2_HUMAN,RING2_HUMAN,HINFP_HUMAN,NRF1_HUMAN,MAFK_HUMAN,MITF_HUMAN,PRD10_HUMAN,ZEB2_HUMAN,ZFP91_HUMAN,MTG16_HUMAN,DACH1_HUMAN,ATF7_HUMAN,ENL_HUMAN,NCOA3_HUMAN,NFIB_HUMAN,ZN444_HUMAN,TF65_HUMAN,T22D4_HUMAN,IRF9_HUMAN,MTA1_HUMAN,ZBT7B_HUMAN,MTA3_HUMAN,FOS_HUMAN,ETS2_HUMAN,MEIS2_HUMAN,NCOA1_HUMAN,SOX6_HUMAN,ARI1B_HUMAN,ZN316_HUMAN,ARID2_HUMAN,MCM2_HUMAN,SPT5H_HUMAN,PHB2_HUMAN,C2D1A_HUMAN,HDAC1_HUMAN,TIF1A_HUMAN,AFF1_HUMAN,TR150_HUMAN,TEAD4_HUMAN,KDM5B_HUMAN,FOSB_HUMAN	AG04449 (fibroblasts),AG04450 (fibroblasts),AG09319 (fibroblasts),VCaP (prostate carcinoma),MCF7 (Invasive ductal breast carcinoma),COLO-829 (melanoma),Delta47 (plasma cell myeloma),DND41 (acute lymphoblastic leukemia),DOHH2 (diffuse large B-cell lymphoma),FB0167P (progeria fibroblasts),GM10248 (male B-cells),GM10266 (male B-cells),GM12864 (male B-cells),GM12866 (male B-cells),GM12868 (female B-cells),GM12871 (male B-cells),GM12873 (female B-cells),GM12874 (male B-cells),GM12875 (female B-cells),H1 (embryonic stem cells),H1-derived trophectodermal cells,H929 (plasma cell myeloma),HCT-116 (colon carcinoma),HeLa Kyoto (cervical adenocarcinoma),HeLa S3 (cervical adenocarcinoma),skeletal muscles and myoblasts,epidermal keratinocytes,Jurkat (T-cells),spleen,normal lung fibroblasts,OCI-LY1 (diffuse large B-cell lymphoma),breast epithelial cells,SK-BR-3 (breast adenocarcinoma),SU-DHL-6 (diffuse large B-cell lymphoma),neural progenitors,hepatocytes,kidney,myotube,suprapubic skin,heart left ventricle,gastrocnemius medialis,Peyer's patch,bipolar neuron,ovary,stomach,uterus,esophagus muscularis mucosa,thyroid gland,ascending aorta,tibial nerve,neural cell,upper lobe of left lung,RWPE2,smooth muscle cell,SK-N-AS (neuroblastoma),HCT-116-RAD21-mAC	1.5346222221893742	0.0	1.859	-2.14
chr10	38528688	G	C	EP300_HUMAN,T2FA_HUMAN,EZH2_HUMAN,TADBP_HUMAN,ESR1_HUMAN,NFIC_HUMAN,CTCF_HUMAN,GATA3_HUMAN,ANDR_HUMAN,GCR_HUMAN,ZBT40_HUMAN,SP1_HUMAN,CUX1_HUMAN,REST_HUMAN,FOXA2_HUMAN,CREB1_HUMAN,HDAC2_HUMAN,KDM1A_HUMAN,PAX8_HUMAN,ZN217_HUMAN,SMCA5_HUMAN,P66B_HUMAN,SMCE1_HUMAN,MNT_HUMAN,ZNF24_HUMAN,YBOX1_HUMAN,NFXL1_HUMAN,ELF1_HUMAN,ZN507_HUMAN,NBN_HUMAN,NFRKB_HUMAN,TRI22_HUMAN,PKNX1_HUMAN,CTBP1_HUMAN,CEBPG_HUMAN,HSF1_HUMAN,NR2C1_HUMAN,MYBB_HUMAN,RFX1_HUMAN,RCOR1_HUMAN,ATF2_HUMAN,IKZF1_HUMAN,IKZF2_HUMAN,FOXK2_HUMAN,MTA2_HUMAN,ARNT_HUMAN,RAD51_HUMAN,BCLF1_HUMAN,BMI1_HUMAN,MEF2B_HUMAN,LMBL2_HUMAN,HDGF_HUMAN,STAT1_HUMAN,RING2_HUMAN,ZN512_HUMAN,SRBP1_HUMAN,MAFK_HUMAN,ZC11A_HUMAN,ZKSC1_HUMAN,PRDM4_HUMAN,MAZ_HUMAN,ZN426_HUMAN,ERR1_HUMAN,DACH1_HUMAN,ATF7_HUMAN,IRF5_HUMAN,E4F1_HUMAN,ZN207_HUMAN,ENL_HUMAN,NCOA3_HUMAN,NFIB_HUMAN,ZBT7B_HUMAN,CHD1_HUMAN,SOX6_HUMAN,ARI1B_HUMAN,ZBTB5_HUMAN,ZN282_HUMAN,MCM2_HUMAN,HDAC1_HUMAN,MCM5_HUMAN,TR150_HUMAN,PLRG1_HUMAN,KDM5C_HUMAN	22RV1 (prostate carcinoma),HEK293T (embryonic kidney),A549 (lung carcinoma),LNCaP (prostate carcinoma),T47D (invasive ductal carcinoma),MCF7 (Invasive ductal breast carcinoma),Caki-1 (renal carcinoma),CD14+ monocytes,GM12878 (female B-cells),HEK293 (embryonic kidney),HeLa S3 (cervical adenocarcinoma),HepG2 (hepatoblastoma),K562 (myelogenous leukemia),MDA-MB-231 (breast adenocarcinoma),spleen,RWPE1 (prostate epithelial cells),pancreas,suprapubic skin,subcutaneous adipose tissue,testis,omental fat pad,gastroesophageal sphincter,epithelial cell of prostate,esophagus muscularis mucosa,sigmoid colon,upper lobe of left lung,bone marrow-derived nuclear cells (adult)	0.0	14.859096729675624	-0.18600000000000003	1.3130000000000002
chr10	38529213	T	G	EP300_HUMAN,CTCF_HUMAN,FOXA1_HUMAN,ZFX_HUMAN,FOXA2_HUMAN,MNT_HUMAN,ZNF24_HUMAN,YBOX1_HUMAN,NFXL1_HUMAN,ELF1_HUMAN,CLOCK_HUMAN,NBN_HUMAN,NFRKB_HUMAN,PKNX1_HUMAN,HSF1_HUMAN,NCOR1_HUMAN,NCOA2_HUMAN,TAF9B_HUMAN,HTF4_HUMAN,FOXK2_HUMAN,MEF2B_HUMAN,SRBP1_HUMAN,ZC11A_HUMAN,PF21A_HUMAN,E4F1_HUMAN,ZN207_HUMAN,NCOA3_HUMAN,TBX3_HUMAN,SOX6_HUMAN,ZBTB5_HUMAN,MCM3_HUMAN,ATM_HUMAN,KDM5C_HUMAN	22RV1 (prostate carcinoma),HEK293T (embryonic kidney),A549 (lung carcinoma),LNCaP (prostate carcinoma),VCaP (prostate carcinoma),MCF7 (Invasive ductal breast carcinoma),LNCaP C4-2B (prostate carcinoma),Caki-1 (renal carcinoma),GM12878 (female B-cells),HEK293 (embryonic kidney),HepG2 (hepatoblastoma),K562 (myelogenous leukemia),RWPE1 (prostate epithelial cells),suprapubic skin,omental fat pad,gastroesophageal sphincter,stomach,sigmoid colon,upper lobe of left lung	0.0	10.737649416811394	-0.544	1.216
chr10	38529225	T	A	EP300_HUMAN,CTCF_HUMAN,FOXA1_HUMAN,ZFX_HUMAN,SMAD1_HUMAN,ZBT40_HUMAN,FOXA2_HUMAN,CREB1_HUMAN,HDAC2_HUMAN,MNT_HUMAN,ZNF24_HUMAN,YBOX1_HUMAN,NFXL1_HUMAN,ELF1_HUMAN,NFRKB_HUMAN,PKNX1_HUMAN,HSF1_HUMAN,RFX1_HUMAN,NCOA2_HUMAN,TAF9B_HUMAN,HTF4_HUMAN,IKZF1_HUMAN,FOXK2_HUMAN,MEF2B_HUMAN,TEAD2_HUMAN,STAT1_HUMAN,SRBP1_HUMAN,ZC11A_HUMAN,PF21A_HUMAN,TBX21_HUMAN,E4F1_HUMAN,ZN207_HUMAN,NCOA3_HUMAN,ZBTB5_HUMAN,MCM2_HUMAN,MCM3_HUMAN,MCM7_HUMAN,ATM_HUMAN,KDM5C_HUMAN	22RV1 (prostate carcinoma),HEK293T (embryonic kidney),A549 (lung carcinoma),LNCaP (prostate carcinoma),VCaP (prostate carcinoma),U2OS (osteosarcoma),MCF7 (Invasive ductal breast carcinoma),LNCaP C4-2B (prostate carcinoma),Caki-1 (renal carcinoma),GM12878 (female B-cells),HCT-116 (colon carcinoma),HEK293 (embryonic kidney),HepG2 (hepatoblastoma),K562 (myelogenous leukemia),spleen,Th1-cells,suprapubic skin,subcutaneous adipose tissue,gastroesophageal sphincter,stomach,sigmoid colon,upper lobe of left lung	0.0	14.859096729675624	-0.627	1.304
chr10	38529232	G	T	EP300_HUMAN,CTCF_HUMAN,FOXA1_HUMAN,ZFX_HUMAN,SMAD1_HUMAN,ZBT40_HUMAN,MNT_HUMAN,ZNF24_HUMAN,NFXL1_HUMAN,ELF1_HUMAN,CSN2_HUMAN,NFRKB_HUMAN,TRI22_HUMAN,PKNX1_HUMAN,HSF1_HUMAN,RFX1_HUMAN,HTF4_HUMAN,ATF2_HUMAN,IKZF1_HUMAN,FOXK2_HUMAN,BMI1_HUMAN,MEF2B_HUMAN,STAT1_HUMAN,SRBP1_HUMAN,ZC11A_HUMAN,TBX21_HUMAN,E4F1_HUMAN,ZN207_HUMAN,NCOA3_HUMAN,ZBTB5_HUMAN,ZN184_HUMAN,MCM3_HUMAN,KDM5C_HUMAN	22RV1 (prostate carcinoma),HEK293T (embryonic kidney),A549 (lung carcinoma),LNCaP (prostate carcinoma),VCaP (prostate carcinoma),U2OS (osteosarcoma),MCF7 (Invasive ductal breast carcinoma),LNCaP C4-2B (prostate carcinoma),Caki-1 (renal carcinoma),GM12878 (female B-cells),HCT-116 (colon carcinoma),HeLa S3 (cervical adenocarcinoma),HepG2 (hepatoblastoma),K562 (myelogenous leukemia),spleen,Th1-cells,suprapubic skin,subcutaneous adipose tissue,omental fat pad,gastroesophageal sphincter,stomach,sigmoid colon,upper lobe of left lung	0.0	13.656054723943917	-0.154	1.301
chr16	46390790	C	G	DDX20_HUMAN,T2AG_HUMAN,RAD21_HUMAN,GRHL2_HUMAN,CTCF_HUMAN,GATA3_HUMAN,ANDR_HUMAN,ZBT7A_HUMAN,BC11A_HUMAN,ZFX_HUMAN,ZBT40_HUMAN,ZN148_HUMAN,NONO_HUMAN,JUND_HUMAN,NR4A1_HUMAN,NFE2_HUMAN,ATF1_HUMAN,SUZ12_HUMAN,PAX8_HUMAN,ZN579_HUMAN,MNT_HUMAN,ZNF24_HUMAN,NFXL1_HUMAN,ELF1_HUMAN,ZN574_HUMAN,CLOCK_HUMAN,ZN507_HUMAN,CSN2_HUMAN,NFRKB_HUMAN,TRI22_HUMAN,IRF1_HUMAN,ZN740_HUMAN,PKNX1_HUMAN,CEBPG_HUMAN,HSF1_HUMAN,UBF1_HUMAN,NCOA2_HUMAN,ATF3_HUMAN,ILF3_HUMAN,EMSY_HUMAN,USF2_HUMAN,OZF_HUMAN,HTF4_HUMAN,ATF2_HUMAN,IKZF1_HUMAN,IKZF2_HUMAN,ARI3A_HUMAN,ARNT_HUMAN,RAD51_HUMAN,SKIL_HUMAN,BCLF1_HUMAN,BMI1_HUMAN,ZN622_HUMAN,CREB3_HUMAN,FOXM1_HUMAN,LMBL2_HUMAN,ZBT11_HUMAN,FOXP1_HUMAN,CBX8_HUMAN,MAFK_HUMAN,ZKSC1_HUMAN,NDF1_HUMAN,ETV6_HUMAN,ZN211_HUMAN,SP3_HUMAN,ZN416_HUMAN,ZSC16_HUMAN,ZN791_HUMAN,ZN101_HUMAN,ZN138_HUMAN,BC11B_HUMAN,PRD10_HUMAN,OVOL3_HUMAN,ZSC21_HUMAN,ZN202_HUMAN,ZN140_HUMAN,ZN239_HUMAN,ZN530_HUMAN,MYNN_HUMAN,SP2_HUMAN,GLI4_HUMAN,ZN274_HUMAN,ZN169_HUMAN,ZN707_HUMAN,ZSC23_HUMAN,ZN433_HUMAN,ZN223_HUMAN,ZN213_HUMAN,ZN510_HUMAN,ZN577_HUMAN,ZN529_HUMAN,ZN331_HUMAN,REPI1_HUMAN,ZN555_HUMAN,ZN114_HUMAN,ERR1_HUMAN,TBX21_HUMAN,ZN207_HUMAN,NCOA3_HUMAN,NFIB_HUMAN,TF65_HUMAN,ZBT7B_HUMAN,FOS_HUMAN,ZN316_HUMAN,ARID2_HUMAN,ZN282_HUMAN,MCM2_HUMAN,MCM3_HUMAN,PHB2_HUMAN,MCM7_HUMAN,MCM5_HUMAN,SALL2_HUMAN,ZN121_HUMAN,ZN501_HUMAN,ZSC26_HUMAN,PRDM2_HUMAN,ZFP37_HUMAN,PRDM9_HUMAN,P53_HUMAN,NKX21_HUMAN,STA5A_HUMAN,BMAL1_HUMAN,KDM5C_HUMAN,TLX1_HUMAN,TFE2_HUMAN,ZNF22_HUMAN	22RV1 (prostate carcinoma),ALL-SIL (acute lymphoblastic leukemia),U2OS (osteosarcoma),MCF7 (Invasive ductal breast carcinoma),MCF-7 C4-12 (invasive breast ductal carcinoma),LNCaP C4-2B (prostate carcinoma),LNCaP C4-2 (prostate carcinoma),Caki-1 (renal carcinoma),coronary artery smooth muscle,GM12878 (female B-cells),H1 (embryonic stem cells),H9 (embryonic stem cells),HCT-116 (colon carcinoma),HEK293 (embryonic kidney),HeLa S3 (cervical adenocarcinoma),HepG2 (hepatoblastoma),K562 (myelogenous leukemia),SK-N-SH (neuroblastoma),ICN12 (primary pre-B acute lymphomablastic leukemia),Th1-cells,pancreas,RH4 (alveolar rhabdomyosarcoma),HIV-1 latently-infected central memory T cells cultured from uninfected primary T cells,breast tumor xenograft,breast tumor tissue,suprapubic skin,gastrocnemius medialis,Peyer's patch,esophagus squamous epithelium,ovary,esophagus muscularis mucosa,sigmoid colon,lower leg skin,tibial nerve,neural cell,upper lobe of left lung,RWPE2,Reh (ATCC CRL-8286),Human Umbilical Cord Blood-Derived Erythroid Progenitor Cells-2 (HUDEP-2),GM23248	0.0	2.504947923583041		0.33899999999999997
chr16	46390831	A	G	EP300_HUMAN,EZH2_HUMAN,RAD21_HUMAN,RUNX1_HUMAN,GATA3_HUMAN,ZBT7A_HUMAN,SIN3A_HUMAN,SMAD1_HUMAN,NONO_HUMAN,TYY1_HUMAN,KAISO_HUMAN,ZN350_HUMAN,KLF9_HUMAN,HDAC2_HUMAN,MNT_HUMAN,NFRKB_HUMAN,HSF1_HUMAN,NCOA2_HUMAN,NCOA6_HUMAN,SIN3B_HUMAN,BHE40_HUMAN,SKIL_HUMAN,FOXM1_HUMAN,ZBT26_HUMAN,STAT1_HUMAN,Z585B_HUMAN,TZAP_HUMAN,TYY2_HUMAN,ZSA5C_HUMAN,ZF69B_HUMAN,ZSA5A_HUMAN,ZN623_HUMAN,ZN781_HUMAN,ZNF18_HUMAN,ZN157_HUMAN,MZF1_HUMAN,KLF14_HUMAN,ZN426_HUMAN,ERR1_HUMAN,E4F1_HUMAN,TF65_HUMAN,TBX3_HUMAN,MTA1_HUMAN,ZN282_HUMAN,MCM3_HUMAN,ASH1L_HUMAN,HIC1_HUMAN,ZN776_HUMAN,ZN366_HUMAN,ZN473_HUMAN	786-O (renal carcinoma),MCF7 (Invasive ductal breast carcinoma),HepG2 (hepatoblastoma),OCI-LY7 (diffuse large B-cell lymphoma),ovary,neural cell,GM23248	3.3826052592681286	0.43976654413821126	1.459	0.341
chr16	84942221	C	G	ESR1_HUMAN,PKNX1_HUMAN,HSF1_HUMAN,FOS_HUMAN	MCF7 (Invasive ductal breast carcinoma)	0.2532750647994556	3.416528039252414	-0.5720000000000001	1.423
chr20	50686957	A	G	DDX20_HUMAN,ZFX_HUMAN,YBOX1_HUMAN,ELF1_HUMAN,HSF1_HUMAN,NFIB_HUMAN,MTA1_HUMAN	MCF7 (Invasive ductal breast carcinoma),MCF-7 C4-12 (invasive breast ductal carcinoma)	0.0	3.2249855778881793		1.98
chr20	50799506	A	G	DDX20_HUMAN,PKNX1_HUMAN,HSF1_HUMAN,ARI3A_HUMAN,FOXK2_HUMAN,MAFK_HUMAN,HES1_HUMAN	MCF7 (Invasive ductal breast carcinoma)	0.0	1.999528475725423		1.986
chr20	50809271	G	A	HSF1_HUMAN	MCF7 (Invasive ductal breast carcinoma)	0.0	1.7242662498583043		1.671
chr20	57132823	A	G	HSF1_HUMAN	MCF7 (Invasive ductal breast carcinoma)	0.0	2.9326147009115706		1.893
chr20	57238500	T	C	T2FA_HUMAN,CLOCK_HUMAN,HSF1_HUMAN,NCOA3_HUMAN,ZN444_HUMAN,CHD1_HUMAN	MCF7 (Invasive ductal breast carcinoma)	0.0	2.4512410000620215		2.046
chr8	101467920	G	A	FOXA1_HUMAN,HSF1_HUMAN	LNCaP (prostate carcinoma),MCF7 (Invasive ductal breast carcinoma)	2.0988769378944316	0.0	0.606	-0.003
