Chromosome	Position	Ref	Alt	ASB in transcription factors	ASB in cell types	KLF8_HUMAN_FDR_Ref	KLF8_HUMAN_FDR_Alt	KLF8_HUMAN_Effect_Size_Ref	KLF8_HUMAN_Effect_Size_Alt
chr1	7402087	G	A	GLIS1_HUMAN,SP2_HUMAN,KLF8_HUMAN,ZBT21_HUMAN	HEK293 (embryonic kidney),foreskin keratinocyte	0.0	2.8094535904268425		1.79
chr1	7402088	T	C	GLIS1_HUMAN,SP2_HUMAN,KLF8_HUMAN,ZBT21_HUMAN	HEK293 (embryonic kidney),HeLa S3 (cervical adenocarcinoma),foreskin keratinocyte	0.0	2.7430906946380174		1.778
chr1	16613699	G	A	EP300_HUMAN,EZH2_HUMAN,RFOX2_HUMAN,PYGO2_HUMAN,TAF7_HUMAN,DDX20_HUMAN,HDAC8_HUMAN,GRHL2_HUMAN,ESR1_HUMAN,TAL1_HUMAN,CEBPB_HUMAN,CTCF_HUMAN,AP2A_HUMAN,FOXA1_HUMAN,GCR_HUMAN,ZBT7A_HUMAN,SIN3A_HUMAN,ZFX_HUMAN,JUN_HUMAN,ZBT40_HUMAN,VEZF1_HUMAN,NONO_HUMAN,JUNB_HUMAN,TYY1_HUMAN,MAX_HUMAN,EGR1_HUMAN,SP1_HUMAN,BCL3_HUMAN,NR4A1_HUMAN,KLF1_HUMAN,KLF13_HUMAN,CREB1_HUMAN,SUZ12_HUMAN,CBX3_HUMAN,ZN579_HUMAN,SMCE1_HUMAN,MNT_HUMAN,ZNF24_HUMAN,ELF1_HUMAN,ZN574_HUMAN,IRF1_HUMAN,ZN740_HUMAN,SOX13_HUMAN,PKNX1_HUMAN,ELF4_HUMAN,CTBP1_HUMAN,MYB_HUMAN,NR2C1_HUMAN,RFX1_HUMAN,MGAP_HUMAN,NCOA2_HUMAN,EMSY_HUMAN,SMCA4_HUMAN,MEF2D_HUMAN,IKZF1_HUMAN,ZN687_HUMAN,MTA2_HUMAN,NFAC3_HUMAN,ARNT_HUMAN,REQU_HUMAN,TFDP1_HUMAN,CREB3_HUMAN,FOXM1_HUMAN,ZN639_HUMAN,ZBT11_HUMAN,Z354B_HUMAN,ZBT26_HUMAN,KLF11_HUMAN,KLF16_HUMAN,FOXP1_HUMAN,ERF_HUMAN,RING2_HUMAN,HINFP_HUMAN,NRF1_HUMAN,SRBP1_HUMAN,GLIS1_HUMAN,GLI2_HUMAN,ZN600_HUMAN,FEZF1_HUMAN,SP7_HUMAN,BC11B_HUMAN,ZN341_HUMAN,WT1_HUMAN,SP2_HUMAN,OSR2_HUMAN,KLF8_HUMAN,ZN770_HUMAN,ZN843_HUMAN,ZN555_HUMAN,ERR1_HUMAN,ZFP91_HUMAN,ENL_HUMAN,NFIB_HUMAN,TF65_HUMAN,MTA1_HUMAN,CHD1_HUMAN,MEIS2_HUMAN,NCOA1_HUMAN,CR3L1_HUMAN,CDC5L_HUMAN,ZN184_HUMAN,MCM7_HUMAN,HDAC1_HUMAN,AFF1_HUMAN,ZN398_HUMAN,KMT2A_HUMAN,TF7L1_HUMAN,KDM5B_HUMAN	HEK293T (embryonic kidney),A549 (lung carcinoma),VCaP (prostate carcinoma),MCF7 (Invasive ductal breast carcinoma),MCF-7 C4-12 (invasive breast ductal carcinoma),cranial neural crest cells,GM12878 (female B-cells),NCI-H2171 (small cell lung carcinoma),HCT-116 (colon carcinoma),HEK293 (embryonic kidney),HepG2 (hepatoblastoma),hMADS-3 (adipose-derived stem cells),Jurkat (T-cells),K562 (myelogenous leukemia),SEM (childhood B acute lymphoblastic leukemia),MDA-MB-453 (breast adenocarcinoma),spleen,liver,erythroblasts,pancreas,226LDM (normal breast luminal cells),RCH-ACV (B acute lymphoblastic leukemia with t(1;19)(q23;p13.3) E2A-PBX1 (TCF3-PBX1)),RH4 (alveolar rhabdomyosarcoma),breast tumor xenograft,suprapubic skin,heart left ventricle,gastrocnemius medialis,ovary,gastroesophageal sphincter,uterus,thyroid gland,adrenal gland,prostate gland,tibial nerve,upper lobe of left lung	0.0	3.639063928502179	-0.18899999999999997	0.982
chr1	16727263	C	T	ZBT26_HUMAN,FEZF1_HUMAN,GLIS2_HUMAN,KLF8_HUMAN,ZN394_HUMAN	HEK293T (embryonic kidney),HEK293 (embryonic kidney)	0.0	2.126662630208996	-2.388	1.695
chr1	16727269	C	A	CTCF_HUMAN,PRDM1_HUMAN,TYY1_HUMAN,KLF9_HUMAN,ZN580_HUMAN,SRBP2_HUMAN,ZN629_HUMAN,FEZF1_HUMAN,PRD10_HUMAN,ZN664_HUMAN,KLF8_HUMAN,ZEB2_HUMAN,ZNF34_HUMAN,SCRT2_HUMAN,ZN366_HUMAN,PRDM9_HUMAN	HEK293T (embryonic kidney),A549 (lung carcinoma),MCF7 (Invasive ductal breast carcinoma),HEK293 (embryonic kidney),HeLa S3 (cervical adenocarcinoma),K562 (myelogenous leukemia)	1.7474915417837977	0.0	1.018	
chr1	16727384	T	C	CTCF_HUMAN,ZBT7A_HUMAN,BC11A_HUMAN,ZN148_HUMAN,ZEB1_HUMAN,PKNX1_HUMAN,ZBT8A_HUMAN,ZBT26_HUMAN,KLF16_HUMAN,ZN692_HUMAN,GLIS1_HUMAN,ZSC16_HUMAN,PRDM4_HUMAN,ZN600_HUMAN,ZN629_HUMAN,FEZF1_HUMAN,BC11B_HUMAN,ZN524_HUMAN,ZFHX2_HUMAN,ZSA5C_HUMAN,WT1_HUMAN,ZF69B_HUMAN,ZNF2_HUMAN,ZN664_HUMAN,ZBT20_HUMAN,SP2_HUMAN,ZN335_HUMAN,ZNF18_HUMAN,GLIS2_HUMAN,ZN132_HUMAN,KLF8_HUMAN,ZEB2_HUMAN,ZN626_HUMAN,ZBT12_HUMAN,ZN449_HUMAN,ZN770_HUMAN,ZN426_HUMAN,ZNF34_HUMAN,ZN555_HUMAN,ZN398_HUMAN,HIC1_HUMAN,ZN776_HUMAN,SCRT2_HUMAN,ZN366_HUMAN	HEK293T (embryonic kidney),HEK293 (embryonic kidney)	0.0	3.116609670892271	-0.904	1.49
chr1	28235495	G	A	ZN384_HUMAN,SP7_HUMAN,ZN341_HUMAN,KLF8_HUMAN,ZN770_HUMAN,ZBT10_HUMAN	HEK293T (embryonic kidney),GM12878 (female B-cells),HEK293 (embryonic kidney),K562 (myelogenous leukemia)	6.044453326647343	0.0	1.9880000000000002	
chr1	43172739	G	C	MGAP_HUMAN,KLF8_HUMAN	HEK293 (embryonic kidney),K562 (myelogenous leukemia)	11.599684213706238	0.0	0.49	
chr1	45556770	G	A	GLIS1_HUMAN,KLF8_HUMAN	HEK293 (embryonic kidney)	0.0	1.5642725334707943	-2.037	1.506
chr1	74733056	A	C	ELF1_HUMAN,ZN629_HUMAN,KLF8_HUMAN	MCF7 (Invasive ductal breast carcinoma),GM12878 (female B-cells),HEK293 (embryonic kidney),HepG2 (hepatoblastoma),liver,foreskin keratinocyte	1.335528587608759	0.0	0.87	-0.9790000000000001
chr1	81836074	A	C	ATF2_HUMAN,ZN629_HUMAN,PRDM6_HUMAN,KLF8_HUMAN	HEK293 (embryonic kidney)	0.3735018189332031	1.572427669595555	0.547	1.672
chr12	6944745	C	T	CTCF_HUMAN,KLF8_HUMAN	HEK293T (embryonic kidney),FB8470 (fibroblasts),CD34+ stem cells-derived erythroblasts,HEK293 (embryonic kidney),K562 (myelogenous leukemia),erythroid cells,ovary,upper lobe of left lung	14.43907459109134	0.0	0.595	0.732
chr12	31749569	C	T	GLI2_HUMAN,OSR2_HUMAN,KLF8_HUMAN,ZN577_HUMAN	HEK293 (embryonic kidney)	1.3716087657680627	0.0	1.51	-1.3980000000000001
chr12	52879989	C	G	CTCF_HUMAN,ZN341_HUMAN,KLF8_HUMAN	HEK293T (embryonic kidney),HEK293 (embryonic kidney),erythroid cells,GM23338	5.592451456662724	0.0	0.654	-0.016
chr12	52879995	A	G	CTCF_HUMAN,ZN341_HUMAN,KLF8_HUMAN	HEK293T (embryonic kidney),HEK293 (embryonic kidney)	4.411088885458477	0.0	0.5660000000000001	-0.059000000000000004
chr12	53990603	G	A	CTCF_HUMAN,GLIS1_HUMAN,KLF8_HUMAN,ZBT10_HUMAN	HEK293 (embryonic kidney)	0.0	1.8735434702560048	-1.2690000000000001	1.117
chr12	93173384	A	C	GLIS1_HUMAN,ZBT17_HUMAN,KLF8_HUMAN	HEK293 (embryonic kidney)	0.0	2.1290001966567886	-0.968	0.669
chr12	132305623	G	A	KLF8_HUMAN	HEK293 (embryonic kidney)	1.9759412644710335	0.0	1.726	
chr12	132908532	A	G	LMBL2_HUMAN,ZN341_HUMAN,ZFHX2_HUMAN,ZF69B_HUMAN,ZBT17_HUMAN,ZBT20_HUMAN,SP2_HUMAN,KLF8_HUMAN,PATZ1_HUMAN	MCF7 (Invasive ductal breast carcinoma),HEK293 (embryonic kidney)	0.0	3.874752574927052		1.892
chr14	34085177	G	T	ZN629_HUMAN,KLF8_HUMAN	HEK293 (embryonic kidney)	1.4443898421459758	0.0	1.3940000000000001	-1.8230000000000002
chr15	67064085	T	C	CEBPB_HUMAN,PRDM1_HUMAN,CREB1_HUMAN,ZNF24_HUMAN,PKNX1_HUMAN,CTBP1_HUMAN,CEBPG_HUMAN,PBX2_HUMAN,ATF2_HUMAN,HLF_HUMAN,LMBL2_HUMAN,ZBT26_HUMAN,TEAD3_HUMAN,NFIL3_HUMAN,CEBPA_HUMAN,IRF2_HUMAN,NRF1_HUMAN,ZN629_HUMAN,FEZF1_HUMAN,OSR2_HUMAN,KLF8_HUMAN,SCRT2_HUMAN,PRDM9_HUMAN	HEK293T (embryonic kidney),HEK293 (embryonic kidney),HepG2 (hepatoblastoma),K562 (myelogenous leukemia)	3.4980093491562267	0.08626961987821727	1.499	-0.19699999999999998
chr15	84980738	G	A	ZFX_HUMAN,KLF8_HUMAN	HEK293 (embryonic kidney)	1.3966428927024814	0.0	0.534	-0.015
chr16	14975051	C	G	EP300_HUMAN,RAD21_HUMAN,GRHL2_HUMAN,ESR1_HUMAN,CTCF_HUMAN,ZFX_HUMAN,JUN_HUMAN,SP1_HUMAN,CREB1_HUMAN,MNT_HUMAN,ELF1_HUMAN,BHE40_HUMAN,IKZF1_HUMAN,IKZF2_HUMAN,ZN687_HUMAN,FOXK2_HUMAN,COT1_HUMAN,ARI4B_HUMAN,SP5_HUMAN,RFX5_HUMAN,MXI1_HUMAN,SP7_HUMAN,KLF8_HUMAN,PATZ1_HUMAN,ZEB2_HUMAN,RB_HUMAN,ZN143_HUMAN,KLF5_HUMAN,RELB_HUMAN	HEK293T (embryonic kidney),A549 (lung carcinoma),MCF7 (Invasive ductal breast carcinoma),GM12878 (female B-cells),HEK293 (embryonic kidney),HeLa S3 (cervical adenocarcinoma),HepG2 (hepatoblastoma),liver,breast tumor tissue,neural cell	1.358274110467856	0.0	0.89	
chr16	84930400	G	A	KLF9_HUMAN,KLF8_HUMAN	HEK293 (embryonic kidney)	4.142128865540322	0.0	2.035	
chr16	84930648	A	G	KLF9_HUMAN,HDAC2_HUMAN,ZFHX2_HUMAN,KLF8_HUMAN	HEK293 (embryonic kidney),HepG2 (hepatoblastoma)	1.5654854788138253	0.0	1.645	
chr17	7455611	G	A	ZN639_HUMAN,ZBT11_HUMAN,GLIS1_HUMAN,FEZF1_HUMAN,PRD10_HUMAN,ZBT17_HUMAN,KLF8_HUMAN,PATZ1_HUMAN,ZN189_HUMAN	A549 (lung carcinoma),HEK293 (embryonic kidney),monocyte-derived macrophages	0.0	1.4811030062300814		1.4380000000000002
chr17	14069497	G	A	CREB1_HUMAN,ZBT8A_HUMAN,STAT1_HUMAN,KLF8_HUMAN	HEK293T (embryonic kidney),CD14+ monocytes,GM12878 (female B-cells),HepG2 (hepatoblastoma)	0.0	1.3186730869390628	0.24100000000000002	0.467
chr17	40069190	T	A	MNT_HUMAN,ZBT26_HUMAN,SP3_HUMAN,PRDM4_HUMAN,EGR2_HUMAN,ZBT20_HUMAN,SP2_HUMAN,ZSCA4_HUMAN,ZN335_HUMAN,ZN680_HUMAN,KLF8_HUMAN,PATZ1_HUMAN,ZBT21_HUMAN,ZN398_HUMAN	GM12878 (female B-cells),HEK293 (embryonic kidney),K562 (myelogenous leukemia)	0.0	1.7511134664914694	-1.567	1.222
chr17	46192815	G	A	CTCF_HUMAN,PRDM1_HUMAN,ZBT40_HUMAN,ELF1_HUMAN,TRI22_HUMAN,USF2_HUMAN,BHE40_HUMAN,IKZF1_HUMAN,IKZF2_HUMAN,ARI3A_HUMAN,ZN687_HUMAN,SKIL_HUMAN,MEF2B_HUMAN,SP7_HUMAN,ZNF16_HUMAN,ZFHX2_HUMAN,MAZ_HUMAN,ZXDB_HUMAN,ZBT20_HUMAN,ZN335_HUMAN,GLIS2_HUMAN,KLF8_HUMAN,PATZ1_HUMAN,ZBT21_HUMAN,RB_HUMAN,ZN143_HUMAN,RELB_HUMAN,ENL_HUMAN,ZN398_HUMAN,ZN121_HUMAN,SCRT2_HUMAN,ZN189_HUMAN,USF1_HUMAN	GM12878 (female B-cells),HEK293 (embryonic kidney),HepG2 (hepatoblastoma)	0.03023906275395871	1.5374381118761065	0.131	0.551
chr17	46193293	G	A	ZNF24_HUMAN,ZN592_HUMAN,BHE40_HUMAN,BACH1_HUMAN,ARI3A_HUMAN,REQU_HUMAN,MEF2B_HUMAN,TYY2_HUMAN,MAZ_HUMAN,KLF8_HUMAN,PATZ1_HUMAN,RB_HUMAN,ZN398_HUMAN	GM12878 (female B-cells),HEK293 (embryonic kidney),HepG2 (hepatoblastoma),RWPE2	0.0	1.8424933197697104	-0.772	1.3030000000000002
chr17	77234060	G	C	ZEB1_HUMAN,ATF2_HUMAN,ZN639_HUMAN,SP3_HUMAN,ZN692_HUMAN,ZN785_HUMAN,ZN558_HUMAN,SP7_HUMAN,TYY2_HUMAN,TSH1_HUMAN,MAZ_HUMAN,ZXDB_HUMAN,ZBT20_HUMAN,ZSCA4_HUMAN,Z324A_HUMAN,GLIS2_HUMAN,ZSC23_HUMAN,KLF8_HUMAN,PATZ1_HUMAN,Z280D_HUMAN,ZBT21_HUMAN,ZSC18_HUMAN,ZN114_HUMAN,ZN398_HUMAN,SALL2_HUMAN,ZFP37_HUMAN,SCRT2_HUMAN,ZN366_HUMAN,ZN394_HUMAN	HEK293 (embryonic kidney)	4.095825135349614	0.0	2.081	
chr17	78484766	T	C	KLF8_HUMAN	HEK293 (embryonic kidney)	1.7288170740695075	0.0	1.594	
chr17	80989145	A	G	CTCF_HUMAN,ZN654_HUMAN,KLF8_HUMAN,PATZ1_HUMAN,ZN398_HUMAN,ZN394_HUMAN	AG09319 (fibroblasts),HEK293 (embryonic kidney),HeLa S3 (cervical adenocarcinoma),erythroid cells,hepatocytes,ascending aorta,smooth muscle cell,SK-N-AS (neuroblastoma)	0.0	7.179918120782996	0.594	1.111
chr19	1021238	A	G	ESR1_HUMAN,KLF9_HUMAN,ZBT8A_HUMAN,GLIS1_HUMAN,KLF8_HUMAN	HEK293 (embryonic kidney),breast tumor tissue	2.4349381779391575	0.0	1.235	
chr19	1021841	C	A	ESR1_HUMAN,ATF2_HUMAN,ZBT11_HUMAN,ZN792_HUMAN,ZN629_HUMAN,ZNF10_HUMAN,TZAP_HUMAN,KLF17_HUMAN,ZN623_HUMAN,ZNF18_HUMAN,ZN707_HUMAN,KLF8_HUMAN,ZN426_HUMAN,ZNF34_HUMAN,ZN121_HUMAN,ZN501_HUMAN,ZN394_HUMAN	HEK293 (embryonic kidney),breast tumor tissue	2.027718217250901	0.0	1.505	
chr19	1027641	G	A	ZBT7A_HUMAN,ZBT8A_HUMAN,SP7_HUMAN,BC11B_HUMAN,KLF8_HUMAN,PATZ1_HUMAN,ZN189_HUMAN	HEK293 (embryonic kidney)	1.8522969324925662	0.0	1.6340000000000001	-2.508
chr19	6737633	G	A	KLF8_HUMAN,NFYA_HUMAN	HEK293 (embryonic kidney),LoVo (colorectal adenocarcinoma)	0.0	1.787616987263036		1.7280000000000002
chr19	17336304	G	A	TZAP_HUMAN,ZNF2_HUMAN,ZN335_HUMAN,KLF8_HUMAN,ZN121_HUMAN	HEK293 (embryonic kidney)	0.0	1.6099439281202128	-1.504	1.5590000000000002
chr19	17337851	T	C	CTCF_HUMAN,TYY1_HUMAN,REST_HUMAN,KLF13_HUMAN,ZBT11_HUMAN,ZBT26_HUMAN,SP3_HUMAN,ZN692_HUMAN,ZSC16_HUMAN,ZN600_HUMAN,ZN629_HUMAN,FEZF1_HUMAN,TZAP_HUMAN,SP7_HUMAN,BC11B_HUMAN,TYY2_HUMAN,PRD10_HUMAN,ZFHX2_HUMAN,ZBT17_HUMAN,ZBT20_HUMAN,SP2_HUMAN,GLI4_HUMAN,ZN335_HUMAN,KLF8_HUMAN,PATZ1_HUMAN,ZEB2_HUMAN,ZBTB6_HUMAN,ZN770_HUMAN,ZNF34_HUMAN,ZN501_HUMAN,PRDM2_HUMAN,SCRT2_HUMAN	HEK293 (embryonic kidney)	0.0073228151403613145	2.037776948402708	0.045	1.07
chr19	17338152	A	C	TYY1_HUMAN,ZBT11_HUMAN,ZBT26_HUMAN,SP3_HUMAN,ZN600_HUMAN,SP7_HUMAN,ZSA5A_HUMAN,ZBT17_HUMAN,ZBT20_HUMAN,SP2_HUMAN,KLF8_HUMAN,ZEB2_HUMAN,ZBTB6_HUMAN,ZN398_HUMAN,HIC1_HUMAN,SCRT2_HUMAN,ZN189_HUMAN	HEK293 (embryonic kidney)	0.0	1.5226365749941584	-1.02	1.347
chr19	55599670	C	T	TAF9B_HUMAN,NRF1_HUMAN,KLF8_HUMAN	GM12878 (female B-cells),HEK293 (embryonic kidney),K562 (myelogenous leukemia)	1.3588527225776788	0.0	1.597	
chr19	57633151	C	G	SP3_HUMAN,EGR2_HUMAN,ZFHX2_HUMAN,KLF8_HUMAN,Z518A_HUMAN	HEK293 (embryonic kidney)	0.0	1.6229459124286836		0.49700000000000005
chr2	36966894	C	T	ESR1_HUMAN,SIN3A_HUMAN,GABPA_HUMAN,KLF1_HUMAN,MNT_HUMAN,ELF1_HUMAN,HCFC1_HUMAN,EP400_HUMAN,ZBT26_HUMAN,NRF1_HUMAN,SMAD5_HUMAN,SP3_HUMAN,SCRT1_HUMAN,MAZ_HUMAN,ZBT17_HUMAN,ZSCA4_HUMAN,KLF8_HUMAN,PATZ1_HUMAN,ZEB2_HUMAN,ATF7_HUMAN,TBX21_HUMAN,ARI1B_HUMAN,SCRT2_HUMAN	MCF7 (Invasive ductal breast carcinoma),HEK293 (embryonic kidney),K562 (myelogenous leukemia),Th1-cells,breast tumor tissue	2.2015754599945185	0.0	1.507	
chr20	2652330	T	A	FOXK2_HUMAN,KLF8_HUMAN	HEK293T (embryonic kidney),GM12878 (female B-cells),HEK293 (embryonic kidney)	5.629172421118054	0.0	1.875	-2.064
chr20	49046286	T	G	GATA3_HUMAN,KLF8_HUMAN,ZEB2_HUMAN,HIC1_HUMAN	HEK293T (embryonic kidney),MCF7 (Invasive ductal breast carcinoma),HEK293 (embryonic kidney),K562 (myelogenous leukemia)	1.5943620969060897	0.0	1.13	-1.345
chr21	33266554	G	A	ESR1_HUMAN,SP2_HUMAN,KLF8_HUMAN	HEK293 (embryonic kidney)	0.0	1.602377046468638		1.296
chr21	39313678	C	T	T2AG_HUMAN,TYY1_HUMAN,HDAC2_HUMAN,ZNF24_HUMAN,CSN2_HUMAN,MGAP_HUMAN,NCOA2_HUMAN,GMEB1_HUMAN,E2F1_HUMAN,ZBT8A_HUMAN,TAF9B_HUMAN,NCOA6_HUMAN,HDAC3_HUMAN,EP400_HUMAN,ARNT_HUMAN,ZBT26_HUMAN,ZN692_HUMAN,ZN629_HUMAN,FEZF1_HUMAN,SP7_HUMAN,PRD10_HUMAN,PRDM6_HUMAN,ZSA5A_HUMAN,ZN623_HUMAN,KLF8_HUMAN,PATZ1_HUMAN,ZN770_HUMAN,ZBT10_HUMAN,MTG8R_HUMAN,TIF1A_HUMAN,HIC1_HUMAN,ZN394_HUMAN	HEK293 (embryonic kidney),K562 (myelogenous leukemia)	0.0	2.439693088668279	-1.149	0.998
chr22	28807414	G	A	GLIS1_HUMAN,SP7_HUMAN,OSR2_HUMAN,KLF8_HUMAN,ZN362_HUMAN,ZN366_HUMAN,ZN189_HUMAN	HEK293 (embryonic kidney)	2.2714351966660686	0.0	1.669	
chr22	30196080	T	C	ZBT8A_HUMAN,WT1_HUMAN,ZXDB_HUMAN,KLF8_HUMAN	HEK293 (embryonic kidney)	0.0	1.3370247452248265	-1.3980000000000001	1.445
chr22	38317722	G	C	ZBT8A_HUMAN,ZBT26_HUMAN,WT1_HUMAN,ZF69B_HUMAN,ZBT17_HUMAN,SP2_HUMAN,KLF8_HUMAN,SCRT2_HUMAN	HEK293 (embryonic kidney)	0.0	2.195825309822684		1.7519999999999998
chr22	50524928	G	C	ZIC2_HUMAN,KLF8_HUMAN	GM12878 (female B-cells),HEK293 (embryonic kidney)	4.266950051648223	0.0	2.0269999999999997	
chr3	19946983	C	T	EP300_HUMAN,CTCF_HUMAN,KLF1_HUMAN,BHE40_HUMAN,SP3_HUMAN,KLF8_HUMAN,SPI1_HUMAN	LNCaP (prostate carcinoma),HEK293 (embryonic kidney),monocyte-derived macrophages,Tet21N (neuroblastoma),upper lobe of left lung,foreskin keratinocyte	2.7851008316823984	0.19262355826408656	1.7919999999999998	0.40299999999999997
chr5	1633955	C	T	ESR1_HUMAN,AP2A_HUMAN,GABPA_HUMAN,KLF9_HUMAN,ZBT11_HUMAN,ZBT26_HUMAN,SP3_HUMAN,GLIS1_HUMAN,ZNF2_HUMAN,ZBT17_HUMAN,SP2_HUMAN,KLF8_HUMAN,PATZ1_HUMAN,Z518A_HUMAN,ZEB2_HUMAN,ZN189_HUMAN	HEK293T (embryonic kidney),cranial neural crest cells,HEK293 (embryonic kidney),SK-N-SH (neuroblastoma),breast tumor tissue	1.7478375634414955	0.0	1.49	-0.071
chr5	6633334	C	T	ESR1_HUMAN,ZFX_HUMAN,NRF1_HUMAN,EGR2_HUMAN,SP2_HUMAN,ZN335_HUMAN,KLF8_HUMAN,PATZ1_HUMAN,ZN394_HUMAN	HEK293T (embryonic kidney),HEK293 (embryonic kidney),breast tumor tissue	1.762608456821759	0.0	1.135	-1.754
chr6	84227812	T	C	CEBPB_HUMAN,CTCF_HUMAN,ZFX_HUMAN,KLF1_HUMAN,FOXK2_HUMAN,KLF16_HUMAN,INSM2_HUMAN,ZXDB_HUMAN,ZNF2_HUMAN,ZBT20_HUMAN,KLF8_HUMAN,ZBT21_HUMAN,ZNF34_HUMAN	LNCaP C4-2B (prostate carcinoma),GM12878 (female B-cells),HEK293 (embryonic kidney),macrophages,foreskin keratinocyte	0.0	1.541929894672727	0.273	1.07
chr7	208351	C	G	KLF1_HUMAN,KLF8_HUMAN	HEK293 (embryonic kidney)	2.2956777312628547	0.0	1.5230000000000001	
chr7	27152185	A	G	ZBT8A_HUMAN,ZBT26_HUMAN,SP3_HUMAN,ZN692_HUMAN,PRD10_HUMAN,ZFHX2_HUMAN,SP2_HUMAN,ZNF76_HUMAN,ZSCA4_HUMAN,ZNF18_HUMAN,KLF8_HUMAN,PATZ1_HUMAN	HEK293 (embryonic kidney)	0.0	1.6253193872671368	-1.6380000000000001	1.455
chr7	43729550	G	T	CTCF_HUMAN,ANDR_HUMAN,GABPA_HUMAN,ZN574_HUMAN,ZNF10_HUMAN,ZBT17_HUMAN,KLF8_HUMAN,ZFP37_HUMAN,ZN394_HUMAN	VCaP (prostate carcinoma),MCF7 (Invasive ductal breast carcinoma),GM12878 (female B-cells),HEK293 (embryonic kidney),SK-N-SH (neuroblastoma),foreskin keratinocyte	1.5607167504697534	0.25347027418183843	0.804	0.188
chr7	101308252	G	T	ZBT26_HUMAN,SP2_HUMAN,GLIS2_HUMAN,KLF8_HUMAN,ZN189_HUMAN	HCT-116 (colon carcinoma),HEK293 (embryonic kidney),K562 (myelogenous leukemia)	0.0	1.5585199027291865		1.527
chr7	118184185	G	C	CTCF_HUMAN,BC11B_HUMAN,KLF8_HUMAN,Z518A_HUMAN	MCF7 (Invasive ductal breast carcinoma),GM12878 (female B-cells),HEK293 (embryonic kidney),HepG2 (hepatoblastoma),K562 (myelogenous leukemia),SK-N-SH (neuroblastoma),thymus-derived CD34- cells	0.0	2.7288439283357047	0.377	0.5820000000000001
chr8	37326168	C	T	KLF8_HUMAN	HEK293T (embryonic kidney),HEK293 (embryonic kidney)	0.0	1.4762032172001576		1.466
chr8	144332049	A	G	ATF2_HUMAN,SP2_HUMAN,KLF8_HUMAN	HEK293 (embryonic kidney)	2.0084744447799006	0.0	1.159	
chr8	144428520	G	C	KLF9_HUMAN,KLF8_HUMAN	HEK293T (embryonic kidney),HSR-GBM1A (glioblastoma),HEK293 (embryonic kidney)	1.363283739190128	0.0	1.074	-0.87
chrX	153776782	G	A	KLF8_HUMAN	HEK293 (embryonic kidney)	0.0	1.4056527650831119		1.6669999999999998
chrX	156009119	G	C	TADBP_HUMAN,PRDM1_HUMAN,ZN148_HUMAN,TYY1_HUMAN,ZEB1_HUMAN,KLF13_HUMAN,MEF2B_HUMAN,LMBL2_HUMAN,ZN639_HUMAN,ZBT11_HUMAN,ZN175_HUMAN,ZBT26_HUMAN,ZNF48_HUMAN,ZF64A_HUMAN,KLF16_HUMAN,ZN211_HUMAN,ZN692_HUMAN,GLIS1_HUMAN,ZN785_HUMAN,ZSC16_HUMAN,ZN791_HUMAN,Z585B_HUMAN,PRDM4_HUMAN,INSM2_HUMAN,SP7_HUMAN,ZN701_HUMAN,KLF17_HUMAN,ZN670_HUMAN,ZN560_HUMAN,ZN777_HUMAN,ZN837_HUMAN,ZN140_HUMAN,ZF69B_HUMAN,ZXDB_HUMAN,ZN239_HUMAN,ZN530_HUMAN,ZNF2_HUMAN,ZN266_HUMAN,ZBT17_HUMAN,ZN155_HUMAN,SP2_HUMAN,Z354C_HUMAN,ZN654_HUMAN,GLI4_HUMAN,RBAK_HUMAN,ZN623_HUMAN,GFI1B_HUMAN,ZN274_HUMAN,ZFP41_HUMAN,ZN707_HUMAN,ZSC23_HUMAN,KLF8_HUMAN,ZBT21_HUMAN,ZNF26_HUMAN,ZN433_HUMAN,ZN157_HUMAN,ZN223_HUMAN,ZN768_HUMAN,ZN544_HUMAN,BCL6B_HUMAN,ZN114_HUMAN,ZIK1_HUMAN,ZN521_HUMAN,ZN112_HUMAN,ZSC26_HUMAN,ZN195_HUMAN,PRDM2_HUMAN,ZN248_HUMAN,ZN311_HUMAN	HEK293T (embryonic kidney),GM12878 (female B-cells),HEK293 (embryonic kidney)	0.0	3.650974776715033		2.658
