Chromosome	Position	Ref	Alt	ASB in transcription factors	ASB in cell types	MYC_HUMAN_FDR_Ref	MYC_HUMAN_FDR_Alt	MYC_HUMAN_Effect_Size_Ref	MYC_HUMAN_Effect_Size_Alt
chr1	9067399	T	A	EP300_HUMAN,CEBPB_HUMAN,STAT1_HUMAN,MYC_HUMAN	CD14+ monocytes,NB4 (acute promyelocytic leukemia ),SUM159PT (pleiomorphic breast carcinoma),tibial nerve	4.415214430493161	0.0	1.6369999999999998	-1.7990000000000002
chr1	16624288	T	A	ESR1_HUMAN,AP2C_HUMAN,ANDR_HUMAN,MAX_HUMAN,MYC_HUMAN	MCF7 (Invasive ductal breast carcinoma),BT-474 (breast invasive ductal carcinoma),NCI-H2171 (small cell lung carcinoma),HepG2 (hepatoblastoma),K562 (myelogenous leukemia),MDA-MB-453 (breast adenocarcinoma),PC3 (prostate carcinoma),breast tumor tissue	26.882121722623715	0.0	1.294	-0.308
chr1	16624394	G	A	EP300_HUMAN,NFIC_HUMAN,CTCF_HUMAN,ZFX_HUMAN,MAX_HUMAN,HTF4_HUMAN,MYC_HUMAN,ASCL1_HUMAN,SNAI2_HUMAN	MCF7 (Invasive ductal breast carcinoma),keratinocytes,NCI-H2171 (small cell lung carcinoma),HCT-116 (colon carcinoma),Ishikawa (endometrial adenocarcinoma),G523NS (glioblastoma),breast tumor tissue,Peyer's patch	2.6245842184688035	0.0	1.62	
chr1	16905229	A	G	EP300_HUMAN,RFOX2_HUMAN,TAF7_HUMAN,T2AG_HUMAN,HDAC8_HUMAN,T2EB_HUMAN,TAL1_HUMAN,RUNX1_HUMAN,CEBPB_HUMAN,CTCF_HUMAN,MAX_HUMAN,GABPA_HUMAN,KLF1_HUMAN,CREB1_HUMAN,MNT_HUMAN,ZNF24_HUMAN,ELF1_HUMAN,PKNX1_HUMAN,MGAP_HUMAN,ATF3_HUMAN,ILF3_HUMAN,CBX1_HUMAN,HTF4_HUMAN,ATF2_HUMAN,BHE40_HUMAN,IKZF1_HUMAN,IKZF2_HUMAN,ZN687_HUMAN,SRF_HUMAN,SKIL_HUMAN,BCLF1_HUMAN,ZBED1_HUMAN,PEBB_HUMAN,GATA4_HUMAN,ELK1_HUMAN,ZN639_HUMAN,MBD2_HUMAN,THA11_HUMAN,RARA_HUMAN,GATD1_HUMAN,PPARG_HUMAN,KLF6_HUMAN,NFIA_HUMAN,FOXA3_HUMAN,ZGPAT_HUMAN,ARI4B_HUMAN,TEAD3_HUMAN,KLF16_HUMAN,ZN205_HUMAN,RING2_HUMAN,ZMIZ1_HUMAN,ERR1_HUMAN,MTG16_HUMAN,IRF9_HUMAN,MTA3_HUMAN,ETS2_HUMAN,ARI1B_HUMAN,MYC_HUMAN,CEBPD_HUMAN,KMT2A_HUMAN,KDM5B_HUMAN,DLX1_HUMAN,PML_HUMAN,RUNX3_HUMAN,TBP_HUMAN	VCaP (prostate carcinoma),CD14+ monocytes,GM12878 (female B-cells),HepG2 (hepatoblastoma),K562 (myelogenous leukemia),LoVo (colorectal adenocarcinoma),fetal bone marrow-derived mononuclear cells	2.446611558251805	0.0	0.763	0.239
chr1	33350098	A	T	AP2A_HUMAN,MAX_HUMAN,MYC_HUMAN	cranial neural crest cells,NCI-H2171 (small cell lung carcinoma),HepG2 (hepatoblastoma)	3.1617077060519154	0.0	1.795	
chr1	37690518	C	G	ZFX_HUMAN,MYC_HUMAN	MCF7 (Invasive ductal breast carcinoma)	0.0	1.8288834071811615	-0.606	0.846
chr1	42958380	A	G	MAX_HUMAN,EGR1_HUMAN,MNT_HUMAN,EP400_HUMAN,HDAC1_HUMAN,MYC_HUMAN	U2OS (osteosarcoma),K562 (myelogenous leukemia)	2.4298731188272877	0.0	1.305	-0.6829999999999999
chr1	43172261	T	C	ZFX_HUMAN,ZN843_HUMAN,MYC_HUMAN,SPI1_HUMAN	HEK293T (embryonic kidney),MCF7 (Invasive ductal breast carcinoma),HEK293 (embryonic kidney),monocyte-derived dendritic cells,periferal blood macrophages	0.0	1.5232248423929644	-0.145	1.0090000000000001
chr1	63523233	G	A	ZFX_HUMAN,MAX_HUMAN,GABPA_HUMAN,MNT_HUMAN,E2F1_HUMAN,SIN3B_HUMAN,LMBL2_HUMAN,ZBT26_HUMAN,TFE3_HUMAN,TEAD3_HUMAN,MXI1_HUMAN,GLIS1_HUMAN,MYC_HUMAN,MYCN_HUMAN,KDM5B_HUMAN	HEK293T (embryonic kidney),LNCaP (prostate carcinoma),VCaP (prostate carcinoma),MCF7 (Invasive ductal breast carcinoma),H1 (embryonic stem cells),NCI-H2171 (small cell lung carcinoma),HEK293 (embryonic kidney),HepG2 (hepatoblastoma),Ishikawa (endometrial adenocarcinoma),SK-N-SH (neuroblastoma),Tet21N (neuroblastoma),liver,MDA231-LM2-4175 (breast adenocarcinoma),neural cell	0.0	1.7100983371689946	0.506	0.529
chr1	75786061	T	C	MAX_HUMAN,MYC_HUMAN	CD14+ monocytes,GM12878 (female B-cells)	0.0	2.4570163756009684	-0.442	1.0070000000000001
chr1	113905154	C	G	AP2A_HUMAN,FOXA1_HUMAN,CREB1_HUMAN,RFX1_HUMAN,E2F1_HUMAN,ZN687_HUMAN,FOXK2_HUMAN,STAT1_HUMAN,NRF1_HUMAN,E4F1_HUMAN,MYC_HUMAN,KMT2A_HUMAN,SPI1_HUMAN	HEK293T (embryonic kidney),MCF7 (Invasive ductal breast carcinoma),CD14+ monocytes,GM12878 (female B-cells),HEK293 (embryonic kidney),K562 (myelogenous leukemia),monocyte-derived dendritic cells,periferal blood macrophages,erythroid cells,fetal bone marrow-derived mononuclear cells	1.4701732290654974	0.0	1.307	-0.888
chr1	113905292	G	T	ESR1_HUMAN,ZFX_HUMAN,MNT_HUMAN,HCFC1_HUMAN,E2F1_HUMAN,ZN444_HUMAN,MYC_HUMAN,CTCFL_HUMAN	U2OS (osteosarcoma),MCF7 (Invasive ductal breast carcinoma),LY-2 (invasive ductal carcinoma),SK-BR-3 (breast adenocarcinoma),erythroid cells,foreskin keratinocyte	1.372656673898561	0.0	1.062	-0.015
chr1	114758064	C	T	CTCF_HUMAN,FOXA1_HUMAN,STAT1_HUMAN,NRF1_HUMAN,ZN143_HUMAN,TF65_HUMAN,MYC_HUMAN,RUNX2_HUMAN	MCF7 (Invasive ductal breast carcinoma),CD14+ monocytes,GM12878 (female B-cells),HEK293 (embryonic kidney),monocyte-derived macrophages,K562 (myelogenous leukemia),SUM159PT (pleiomorphic breast carcinoma),foreskin keratinocyte	3.5633939309351756	0.0	0.779	0.843
chr1	155194689	A	C	JUN_HUMAN,RFX1_HUMAN,MYC_HUMAN	A549 (lung carcinoma),MCF7 (Invasive ductal breast carcinoma),LNCaP C4-2B (prostate carcinoma),GM12878 (female B-cells),MDA-MB-453 (breast adenocarcinoma),foreskin keratinocyte	0.1430107768809077	2.413876067136665	-0.096	0.733
chr1	155563657	T	C	MYC_HUMAN	Raji (Burkitt lymphoma)	1.7337224611042217	0.0	1.396	-1.4380000000000002
chr1	156383183	T	C	MYC_HUMAN	H1 (embryonic stem cells),MDA-MB-453 (breast adenocarcinoma),erythroid cells	0.09917991802022773	1.4410103542116597	0.027000000000000003	0.91
chr1	180195001	G	T	MAX_HUMAN,MNT_HUMAN,LMBL2_HUMAN,MYC_HUMAN	NCI-H2171 (small cell lung carcinoma),K562 (myelogenous leukemia)	0.0	2.485892226510779	-1.183	1.255
chr1	205122299	T	G	PRGR_HUMAN,BCL6_HUMAN,GABPA_HUMAN,GATD1_HUMAN,NDF1_HUMAN,BC11B_HUMAN,ZN444_HUMAN,MYC_HUMAN,SNAI2_HUMAN	T47D (invasive ductal carcinoma),MCF7 (Invasive ductal breast carcinoma),keratinocytes,H1 (embryonic stem cells),HEK293 (embryonic kidney),HepG2 (hepatoblastoma),CD4+ T-cells,thymus-derived CD34+ cells,thymus-derived CD34- cells,foreskin keratinocyte	1.4096715025984885	0.0	1.037	-0.37200000000000005
chr1	207321334	A	G	RAD21_HUMAN,FOXA1_HUMAN,BCL6_HUMAN,JUN_HUMAN,NCOA2_HUMAN,HDAC3_HUMAN,NFAC3_HUMAN,MITF_HUMAN,MTG16_HUMAN,HDAC1_HUMAN,AFF1_HUMAN,MYC_HUMAN	A549 (lung carcinoma),MCF7 (Invasive ductal breast carcinoma),germinal center B-cells,GM12878 (female B-cells),HEK293 (embryonic kidney),HeLa S3 (cervical adenocarcinoma),K562 (myelogenous leukemia),ZR-75-1 (invasive ductal carcinoma)	0.049423071581277296	1.5659960838611537	-0.292	0.633
chr1	222465593	A	G	RAD21_HUMAN,CTCF_HUMAN,SMC3_HUMAN,ZFX_HUMAN,JUN_HUMAN,MAX_HUMAN,CLOCK_HUMAN,STAT1_HUMAN,MYC_HUMAN,MYCN_HUMAN	A549 (lung carcinoma),MCF7 (Invasive ductal breast carcinoma),CD14+ monocytes,GM12878 (female B-cells),HeLa Kyoto (cervical adenocarcinoma),lymphoblastoid cells,P493-6 (B-cell lymphoma),pancreas	7.265255427053121	0.0	0.951	0.153
chr1	228165950	G	C	MYC_HUMAN	MCF7 (Invasive ductal breast carcinoma),HEK293 (embryonic kidney),K562 (myelogenous leukemia),MM1.S (plasma cell myeloma),neutrophils	1.6971686238809987	0.032670666194245114	0.625	-0.282
chr1	230642745	G	C	CTCF_HUMAN,REST_HUMAN,HDAC2_HUMAN,MNT_HUMAN,NR2C1_HUMAN,ZBT8A_HUMAN,FOXK2_HUMAN,NRF1_HUMAN,ENL_HUMAN,MEIS2_HUMAN,MYC_HUMAN,PRDM9_HUMAN	HEK293T (embryonic kidney),A549 (lung carcinoma),CD14+ monocytes,GM12878 (female B-cells),HEK293 (embryonic kidney),K562 (myelogenous leukemia),MDA-MB-453 (breast adenocarcinoma)	0.25881182911041234	1.7191852795529479	0.312	0.596
chr1	230752332	A	G	MAX_HUMAN,PKNX1_HUMAN,MYC_HUMAN	MCF7 (Invasive ductal breast carcinoma),NCI-H2171 (small cell lung carcinoma)	1.449275328228289	0.008793804604803258	0.955	0.10099999999999999
chr1	230978849	C	T	ZFX_HUMAN,JUN_HUMAN,MAX_HUMAN,GABPA_HUMAN,SP1_HUMAN,CREB1_HUMAN,MNT_HUMAN,LMBL2_HUMAN,GLIS1_HUMAN,BC11B_HUMAN,ZN335_HUMAN,ZEB2_HUMAN,ATF7_HUMAN,ZN143_HUMAN,ARI1B_HUMAN,HDAC1_HUMAN,MYC_HUMAN,SNAI2_HUMAN	HEK293T (embryonic kidney),A549 (lung carcinoma),T47D (invasive ductal carcinoma),MCF7 (Invasive ductal breast carcinoma),keratinocytes,GM12878 (female B-cells),NCI-H2171 (small cell lung carcinoma),HEK293 (embryonic kidney),K562 (myelogenous leukemia),KB (cervical adenocarcinoma),thymus-derived CD34- cells	0.0	2.958261488119976	-0.319	0.84
chr1	244461333	G	C	MNT_HUMAN,STAT1_HUMAN,MYC_HUMAN	MCF7 (Invasive ductal breast carcinoma),CD14+ monocytes,GM12878 (female B-cells)	0.0	2.0813036527022213	-2.282	1.65
chr10	3173454	G	T	MYC_HUMAN	MDA-MB-453 (breast adenocarcinoma)	0.0	1.355400187416677	-1.21	1.2570000000000001
chr10	58269134	C	T	USF2_HUMAN,STAT1_HUMAN,MYC_HUMAN	A549 (lung carcinoma),CD14+ monocytes	2.5838426108560753	0.0	1.765	
chr10	68331978	C	A	CLOCK_HUMAN,MYC_HUMAN	MCF7 (Invasive ductal breast carcinoma)	1.6984774320188794	0.0	1.4769999999999999	0.156
chr10	101066719	C	G	MYC_HUMAN,HIF3A_HUMAN	VCaP (prostate carcinoma),MDA-MB-453 (breast adenocarcinoma)	0.0	1.54057202893872	-1.285	1.044
chr11	47408353	G	A	RAD21_HUMAN,SMC3_HUMAN,JUN_HUMAN,MAX_HUMAN,GABPA_HUMAN,MNT_HUMAN,PKNX1_HUMAN,FOXK2_HUMAN,ZBT11_HUMAN,RING2_HUMAN,ZN316_HUMAN,MYC_HUMAN,MYCN_HUMAN	786-O (renal carcinoma),A549 (lung carcinoma),HCT-116 (colon carcinoma),K562 (myelogenous leukemia),spleen,NGP (neuroblastoma),neutrophils,foreskin keratinocyte	0.05953300467836431	3.712334272660892	-0.151	0.797
chr11	68257712	G	A	ESR1_HUMAN,CTCF_HUMAN,MYC_HUMAN	786-O (renal carcinoma),GM12878 (female B-cells),HEK293 (embryonic kidney),K562 (myelogenous leukemia),MDA-MB-453 (breast adenocarcinoma),liver,breast tumor tissue	1.7081845585003852	0.0	1.402	-2.735
chr11	119018363	G	T	MAX_HUMAN,GABPA_HUMAN,CLOCK_HUMAN,MXI1_HUMAN,ETV1_HUMAN,TIF1A_HUMAN,MYC_HUMAN	MCF7 (Invasive ductal breast carcinoma),K562 (myelogenous leukemia),periferal blood macrophages,neural cell	0.0	3.460302845355718	-0.237	1.102
chr12	6493302	G	A	CTCF_HUMAN,TYY1_HUMAN,MYC_HUMAN	Ishikawa (endometrial adenocarcinoma),MDA-MB-453 (breast adenocarcinoma),liver,adrenal gland	5.137521981912386	0.0	0.68	0.128
chr12	6493326	A	C	CTCF_HUMAN,GABPA_HUMAN,MYC_HUMAN	HL-60 (acute myeloid leukemia),MDA-MB-453 (breast adenocarcinoma),spleen,liver,Peyer's patch	6.759747909767833	0.0	0.625	0.085
chr12	52203352	G	C	ESR1_HUMAN,FOXA1_HUMAN,CREB1_HUMAN,MNT_HUMAN,CEBPG_HUMAN,MYC_HUMAN,HIF1A_HUMAN,SPI1_HUMAN	T47D (invasive ductal carcinoma),MCF7 (Invasive ductal breast carcinoma),K562 (myelogenous leukemia)	30.16392619363246	0.0	0.953	0.316
chr12	82358854	G	A	ANDR_HUMAN,STAT1_HUMAN,MYC_HUMAN	CD14+ monocytes,HeLa S3 (cervical adenocarcinoma),epidermal keratinocytes,MDA-MB-453 (breast adenocarcinoma)	1.9094944095785984	0.0	1.248	-1.058
chr12	93467697	T	G	CTCF_HUMAN,GATA3_HUMAN,ZBT40_HUMAN,MNT_HUMAN,ELF4_HUMAN,GABP1_HUMAN,ETV1_HUMAN,MYC_HUMAN	HEK293T (embryonic kidney),MCF7 (Invasive ductal breast carcinoma),CD14+ monocytes,HEK293 (embryonic kidney),HepG2 (hepatoblastoma),K562 (myelogenous leukemia),esophagus squamous epithelium,foreskin keratinocyte	0.0	5.704986099997046	0.462	0.619
chr12	96094321	C	T	AP2A_HUMAN,AP2C_HUMAN,MYC_HUMAN	MCF7 (Invasive ductal breast carcinoma),cranial neural crest cells,SK-BR-3 (breast adenocarcinoma)	1.819064680864447	0.0	1.4080000000000001	-1.048
chr12	132710873	C	T	MYC_HUMAN	CWR22 (prostate carcinoma)	0.0	1.355400187416677	0.508	0.623
chr13	44918011	G	A	ESR1_HUMAN,CTCF_HUMAN,EGR1_HUMAN,MNT_HUMAN,MEF2B_HUMAN,STAT1_HUMAN,EGR2_HUMAN,MAZ_HUMAN,MYC_HUMAN,RUNX3_HUMAN,TBP_HUMAN	HEK293T (embryonic kidney),MCF7 (Invasive ductal breast carcinoma),CD14+ monocytes,GM12878 (female B-cells),HEK293 (embryonic kidney),NB4 (acute promyelocytic leukemia ),breast tumor tissue	2.2015754599945185	0.0	1.507	
chr14	21384217	A	C	MYC_HUMAN	Raji (Burkitt lymphoma)	1.8554858731267418	0.0	1.131	-0.996
chr14	49633965	C	G	GABPA_HUMAN,MYC_HUMAN,ERG_HUMAN	VCaP (prostate carcinoma),MCF7 (Invasive ductal breast carcinoma),breast tumor tissue	1.365214948955876	0.02714561760648395	0.608	0.172
chr14	60331291	T	G	ZFX_HUMAN,MAX_HUMAN,FOXK2_HUMAN,MYC_HUMAN	MCF7 (Invasive ductal breast carcinoma),GM12878 (female B-cells),HEK293 (embryonic kidney)	1.3071535107969068	0.0	1.057	-1.088
chr14	76956523	G	A	STAT1_HUMAN,MYC_HUMAN	CD14+ monocytes,NCI-H2171 (small cell lung carcinoma)	0.0	2.002189608384739	-2.169	1.3319999999999999
chr14	96797592	T	C	MYC_HUMAN	MCF7 (Invasive ductal breast carcinoma),NCI-H2171 (small cell lung carcinoma),HEK293 (embryonic kidney)	1.650526363792425	0.0	0.9890000000000001	-0.046
chr14	99682961	A	G	MYC_HUMAN	MDA-MB-453 (breast adenocarcinoma)	1.4436005656061006	0.0	1.508	-1.138
chr14	100214233	G	A	LMBL2_HUMAN,MYC_HUMAN	HEK293T (embryonic kidney),MCF7 (Invasive ductal breast carcinoma),HEK293 (embryonic kidney),MDA-MB-453 (breast adenocarcinoma)	0.0	3.8120279565019355		2.008
chr14	102509235	C	T	MYC_HUMAN	MDA-MB-453 (breast adenocarcinoma)	1.4436005656061006	0.0	1.508	-1.138
chr15	24878315	G	A	MYC_HUMAN	MDA-MB-453 (breast adenocarcinoma)	1.4436005656061006	0.0	1.35	
chr15	24878325	T	C	MYC_HUMAN	K562 (myelogenous leukemia),MDA-MB-453 (breast adenocarcinoma)	0.0	1.5493509938650631		1.4340000000000002
chr15	40807621	C	T	MYC_HUMAN	MDA-MB-453 (breast adenocarcinoma)	0.0	2.1453297834244807	-2.4419999999999997	1.6780000000000002
chr15	50355253	C	T	CTCF_HUMAN,BCL6_HUMAN,GABPA_HUMAN,ELF1_HUMAN,MYC_HUMAN,RUNX2_HUMAN	MCF7 (Invasive ductal breast carcinoma),germinal center B-cells	2.8718184665473556	0.0	0.713	-0.057
chr15	51971897	T	C	CREB1_HUMAN,MYC_HUMAN,RARG_HUMAN	MCF7 (Invasive ductal breast carcinoma)	0.0	1.3248251639254403	-0.008	1.3869999999999998
chr15	55196867	G	A	MYC_HUMAN	MCF7 (Invasive ductal breast carcinoma)	1.4721600714210943	0.0	0.841	-0.19
chr15	65792069	G	T	ESR1_HUMAN,ANDR_HUMAN,MYC_HUMAN	T47D (invasive ductal carcinoma),K562 (myelogenous leukemia),MDA-MB-453 (breast adenocarcinoma)	2.2015754599945185	0.0	1.507	
chr15	68230105	G	A	MYC_HUMAN	P493-6 (B-cell lymphoma)	1.4188703754522043	0.0	1.095	-1.036
chr15	89243824	T	G	CTCF_HUMAN,NR2C1_HUMAN,STAT1_HUMAN,C2D1A_HUMAN,MYC_HUMAN,SNAI2_HUMAN	A549 (lung carcinoma),CD14+ monocytes,keratinocytes,GM12878 (female B-cells),H1 (embryonic stem cells),K562 (myelogenous leukemia),hepatocytes,Peyer's patch,upper lobe of left lung	6.339281452948791	0.0	0.55	0.254
chr16	327367	A	G	EP300_HUMAN,GATA3_HUMAN,SIN3A_HUMAN,MNT_HUMAN,AHR_HUMAN,HES1_HUMAN,MYC_HUMAN	A549 (lung carcinoma),MCF7 (Invasive ductal breast carcinoma),HEK293 (embryonic kidney),ZR-75-1 (invasive ductal carcinoma)	2.274856858184836	0.0	1.53	-0.11599999999999999
chr16	649456	A	G	ZBT26_HUMAN,MYC_HUMAN	HEK293 (embryonic kidney),MDA-MB-453 (breast adenocarcinoma)	1.336189595131984	0.0	0.45	
chr16	1773443	C	G	SMC3_HUMAN,STAT1_HUMAN,BC11B_HUMAN,MYC_HUMAN	A549 (lung carcinoma),CD14+ monocytes,GM12878 (female B-cells),HepG2 (hepatoblastoma),MDA-MB-453 (breast adenocarcinoma),thymus-derived CD34- cells,gastroesophageal sphincter	1.6136131788776624	0.03565539027175438	0.46799999999999997	-0.09300000000000001
chr16	1929854	C	G	RAD21_HUMAN,SKIL_HUMAN,MYC_HUMAN	A549 (lung carcinoma),T47D (invasive ductal carcinoma),MCF7 (Invasive ductal breast carcinoma),HepG2 (hepatoblastoma),K562 (myelogenous leukemia),NB4 (acute promyelocytic leukemia ),R3/R4 erythroid cells,E14 retina,suprapubic skin	0.0	7.7574682974587486	0.415	0.899
chr16	2009996	C	T	AP2A_HUMAN,BHE40_HUMAN,STAT1_HUMAN,MYC_HUMAN	HEK293T (embryonic kidney),CD14+ monocytes,cranial neural crest cells,GM12878 (female B-cells),NCI-H2171 (small cell lung carcinoma),HEK293 (embryonic kidney),foreskin keratinocyte	1.386878376050488	0.0	1.105	-1.02
chr16	2205806	G	A	ZFX_HUMAN,NRF1_HUMAN,MYC_HUMAN	MCF7 (Invasive ductal breast carcinoma),MCF-7 C4-12 (invasive breast ductal carcinoma)	0.0	1.8399101624389265	-0.377	1.3969999999999998
chr16	3024335	A	C	CREB1_HUMAN,ZN507_HUMAN,ZBT26_HUMAN,ZN143_HUMAN,ZN444_HUMAN,MYC_HUMAN	HEK293T (embryonic kidney),MCF7 (Invasive ductal breast carcinoma),HEK293 (embryonic kidney)	1.490575929282134	0.0	1.7630000000000001	
chr16	3305264	C	T	CTCF_HUMAN,MAX_HUMAN,CREB1_HUMAN,ZBT26_HUMAN,STAT1_HUMAN,ZN335_HUMAN,ZN449_HUMAN,MYC_HUMAN,KDM5C_HUMAN	HEK293T (embryonic kidney),MCF7 (Invasive ductal breast carcinoma),MCF-7 C4-12 (invasive breast ductal carcinoma),Caki-1 (renal carcinoma),CD14+ monocytes,NCI-H2171 (small cell lung carcinoma),HEK293 (embryonic kidney),Peyer's patch,foreskin keratinocyte	7.204382386462729	0.0	0.638	0.445
chr16	4476291	A	G	JUN_HUMAN,MAX_HUMAN,MYC_HUMAN,MYCN_HUMAN	HEK293T (embryonic kidney),NCI-H2171 (small cell lung carcinoma),HEK293 (embryonic kidney),Ishikawa (endometrial adenocarcinoma),NB4 (acute promyelocytic leukemia ),Tet21N (neuroblastoma),neutrophils	1.384575186903315	0.14054147046996554	0.644	0.049
chr16	4476309	G	C	CREB1_HUMAN,MYC_HUMAN	MCF7 (Invasive ductal breast carcinoma)	0.0	3.121161715663187	-1.68	1.59
chr16	23362687	C	T	JUN_HUMAN,MYC_HUMAN	A549 (lung carcinoma)	1.3203540763730763	0.04994766571129602	0.536	-0.309
chr16	72008783	A	C	MAX_HUMAN,MYC_HUMAN,SNAI2_HUMAN	MCF7 (Invasive ductal breast carcinoma),keratinocytes,GM12878 (female B-cells),K562 (myelogenous leukemia)	0.0	1.687329500354703	0.061	0.973
chr16	85416494	G	C	MNT_HUMAN,ELF1_HUMAN,CTBP1_HUMAN,NR2C1_HUMAN,ZN592_HUMAN,EP400_HUMAN,HDAC1_HUMAN,MYC_HUMAN	MCF7 (Invasive ductal breast carcinoma),HCT-116 (colon carcinoma),K562 (myelogenous leukemia),erythroid progenitors,foreskin keratinocyte,HCT-116-RAD21-mAC	7.018322096436139	0.0	1.724	-1.291
chr16	85416525	C	T	ZFX_HUMAN,ELF1_HUMAN,ZN341_HUMAN,MYC_HUMAN	HEK293T (embryonic kidney),MCF7 (Invasive ductal breast carcinoma),CD34+ hematopoietic stem cells,GM12878 (female B-cells),H1 (embryonic stem cells),HCT-116 (colon carcinoma),HEK293 (embryonic kidney),HepG2 (hepatoblastoma),foreskin keratinocyte	0.0	1.658929731089304	0.157	0.937
chr17	2223210	G	C	MYC_HUMAN	B-cells	1.8554858731267418	0.0	1.205	
chr17	17561966	C	T	ANDR_HUMAN,MYC_HUMAN,ERG_HUMAN	VCaP (prostate carcinoma),MDA-MB-453 (breast adenocarcinoma)	3.438210404332339	0.0	1.642	
chr17	27245021	A	G	EP300_HUMAN,GCR_HUMAN,JUN_HUMAN,MYC_HUMAN,SPI1_HUMAN	A549 (lung carcinoma),monocyte-derived macrophages,NB4 (acute promyelocytic leukemia )	0.0	1.413014114545721	-1.204	1.06
chr17	39676451	A	G	ANDR_HUMAN,BHE40_HUMAN,FOXK2_HUMAN,MYC_HUMAN	GM12878 (female B-cells),MDA-MB-453 (breast adenocarcinoma)	0.0	1.3195004454138333		1.347
chr17	39864166	T	C	ZFX_HUMAN,MAX_HUMAN,MYC_HUMAN,E2F6_HUMAN	A549 (lung carcinoma),H1 (embryonic stem cells),HepG2 (hepatoblastoma),P493-6 (B-cell lymphoma),foreskin keratinocyte	1.4637884425014651	0.0	0.897	-0.138
chr17	58692618	C	T	RAD21_HUMAN,GATA3_HUMAN,JUN_HUMAN,MAX_HUMAN,GABPA_HUMAN,BCL3_HUMAN,CREB1_HUMAN,ZNF24_HUMAN,NFXL1_HUMAN,ELF1_HUMAN,ELF4_HUMAN,NR2C1_HUMAN,ZN687_HUMAN,GABP1_HUMAN,NR2C2_HUMAN,MXI1_HUMAN,TBX21_HUMAN,E4F1_HUMAN,ETV1_HUMAN,ZN316_HUMAN,HDAC1_HUMAN,MYC_HUMAN	A549 (lung carcinoma),VCaP (prostate carcinoma),MCF7 (Invasive ductal breast carcinoma),MCF-7 C4-12 (invasive breast ductal carcinoma),CD14+ monocytes,GM12878 (female B-cells),HCT-116 (colon carcinoma),K562 (myelogenous leukemia),neural cell	0.11583991438283509	1.607087550681719	-0.154	0.884
chr17	59619466	A	G	ZFX_HUMAN,JUN_HUMAN,GABPA_HUMAN,ATF1_HUMAN,HDAC2_HUMAN,P66B_HUMAN,NFRKB_HUMAN,NCOR1_HUMAN,BHE40_HUMAN,ARNT_HUMAN,NCOA3_HUMAN,NFIB_HUMAN,MYC_HUMAN	HEK293T (embryonic kidney),A549 (lung carcinoma),MCF7 (Invasive ductal breast carcinoma),GM12878 (female B-cells),HepG2 (hepatoblastoma),K562 (myelogenous leukemia),tibial nerve,foreskin keratinocyte	0.0	1.4919280697366575	-1.715	1.057
chr17	59853285	G	T	RAD21_HUMAN,ESR1_HUMAN,GATA3_HUMAN,FOXA1_HUMAN,JUN_HUMAN,MAZ_HUMAN,NFIB_HUMAN,MYC_HUMAN	A549 (lung carcinoma),MCF7 (Invasive ductal breast carcinoma),HepG2 (hepatoblastoma),K562 (myelogenous leukemia),ZR-75-1 (invasive ductal carcinoma)	2.6053841634640005	0.26088434406664524	0.66	-0.14300000000000002
chr17	61333241	C	T	MYC_HUMAN	MCF7 (Invasive ductal breast carcinoma)	1.827049628653871	0.0	1.479	
chr17	61394011	C	T	ESR1_HUMAN,MYC_HUMAN	MCF7 (Invasive ductal breast carcinoma)	0.0	2.2596913297851113		1.311
chr17	61469005	G	T	MYC_HUMAN	MCF7 (Invasive ductal breast carcinoma)	1.4436005656061006	0.0	1.35	
chr17	61477085	C	T	MYC_HUMAN	MCF7 (Invasive ductal breast carcinoma)	2.0703148847747697	0.0	1.5659999999999998	
chr17	63774075	C	T	SIN3A_HUMAN,ZFX_HUMAN,ZNF24_HUMAN,ATF3_HUMAN,FOXK2_HUMAN,ZN639_HUMAN,NRF1_HUMAN,ZN444_HUMAN,ZN407_HUMAN,MYC_HUMAN	MCF7 (Invasive ductal breast carcinoma),HepG2 (hepatoblastoma),K562 (myelogenous leukemia),thyroid gland	1.347760996065899	0.0	1.305	-2.267
chr17	68247753	G	A	ILF3_HUMAN,BC11B_HUMAN,MYC_HUMAN	K562 (myelogenous leukemia),MDA-MB-453 (breast adenocarcinoma),thymus-derived CD34- cells	0.0	3.043223008965824		1.9509999999999998
chr17	75516572	G	T	JUN_HUMAN,MYC_HUMAN	A549 (lung carcinoma),MCF7 (Invasive ductal breast carcinoma),K562 (myelogenous leukemia)	1.5534231974382062	0.008581476507275091	0.9109999999999999	-0.436
chr17	75549602	G	T	GRHL2_HUMAN,ESR1_HUMAN,ANDR_HUMAN,PRGR_HUMAN,JUN_HUMAN,ZN143_HUMAN,MYC_HUMAN	A549 (lung carcinoma),VCaP (prostate carcinoma),MCF7 (Invasive ductal breast carcinoma),PC3 (prostate carcinoma)	0.0	1.8148429492118807	-0.31	0.602
chr17	75785087	C	G	STAT1_HUMAN,TF65_HUMAN,MYC_HUMAN,SPI1_HUMAN	CD14+ monocytes,monocyte-derived macrophages,MDA-MB-453 (breast adenocarcinoma),periferal blood macrophages	2.614500619648193	0.0	1.133	
chr17	80036614	C	A	ESR1_HUMAN,MAX_HUMAN,MYC_HUMAN,MYCN_HUMAN	A549 (lung carcinoma),SK-N-SH (neuroblastoma),Tet21N (neuroblastoma),breast tumor tissue	2.13625248739549	0.0	0.99	
chr17	82098540	G	T	ESR1_HUMAN,MYC_HUMAN	HCT-116 (colon carcinoma),breast tumor tissue	2.9635610515314332	0.0	1.228	
chr17	83051228	C	T	ESR1_HUMAN,FOXA1_HUMAN,MYC_HUMAN	MDA-MB-453 (breast adenocarcinoma)	2.2788122576343177	0.0	1.575	
chr18	14431415	C	A	ANDR_HUMAN,MYC_HUMAN	MDA-MB-453 (breast adenocarcinoma),liver	2.37671437291941	0.0	1.45	-1.956
chr19	4713418	G	C	MYC_HUMAN	MDA-MB-453 (breast adenocarcinoma)	1.4969832457722567	0.0	1.281	-1.141
chr19	5341058	C	G	ANDR_HUMAN,MYC_HUMAN	MDA-MB-453 (breast adenocarcinoma),SK-N-SH (neuroblastoma)	1.3630231884389217	0.0	0.9790000000000001	
chr19	8308292	C	T	CREB1_HUMAN,MYC_HUMAN	B-cells	1.5302376505719921	0.0	0.755	-0.622
chr19	10289434	G	C	FOXK2_HUMAN,EGR2_HUMAN,ZFHX2_HUMAN,ZXDB_HUMAN,MYC_HUMAN	GM12878 (female B-cells),HEK293 (embryonic kidney),HepG2 (hepatoblastoma),K562 (myelogenous leukemia),MDA-MB-453 (breast adenocarcinoma)	1.037011029194111	2.8033550691301277	0.987	1.672
chr19	11374716	C	T	MYC_HUMAN	MCF7 (Invasive ductal breast carcinoma)	0.0	2.4793523490243263	-0.87	1.085
chr19	12847883	T	C	MYC_HUMAN	GM12878 (female B-cells),MDA-MB-453 (breast adenocarcinoma),erythroid cells	0.0	1.355400187416677	-1.157	1.27
chr19	12945743	G	A	GATA1_HUMAN,STAT1_HUMAN,BC11B_HUMAN,MYC_HUMAN,KMT2A_HUMAN	MCF7 (Invasive ductal breast carcinoma),CD14+ monocytes,CD34+ hematopoietic stem cells-derived proerythroblasts,HEK293 (embryonic kidney),fetal bone marrow-derived mononuclear cells,thymus-derived CD34- cells	0.0	3.5999353589993937	-1.145	1.5190000000000001
chr19	13152241	C	G	STAT1_HUMAN,GLIS1_HUMAN,MYC_HUMAN,USF1_HUMAN	MCF7 (Invasive ductal breast carcinoma),CD14+ monocytes,HEK293 (embryonic kidney),K562 (myelogenous leukemia)	0.0	1.7682736835909902	0.542	1.28
chr19	36331692	C	T	MAX_HUMAN,MYC_HUMAN	Raji (Burkitt lymphoma)	0.0	1.6813398301344389	-2.282	1.3980000000000001
chr19	44500771	A	G	GLIS2_HUMAN,ZN143_HUMAN,MYC_HUMAN	MCF7 (Invasive ductal breast carcinoma),HEK293 (embryonic kidney),HepG2 (hepatoblastoma),LoVo (colorectal adenocarcinoma),foreskin keratinocyte	1.7272489749309232	0.0	1.003	-1.188
chr19	45995095	C	G	MNT_HUMAN,NRF1_HUMAN,HDAC1_HUMAN,MYC_HUMAN	MCF7 (Invasive ductal breast carcinoma),GM12878 (female B-cells),HEK293 (embryonic kidney),HepG2 (hepatoblastoma),K562 (myelogenous leukemia)	0.0	12.10937808270686	-0.28800000000000003	0.675
chr19	58559733	G	T	MYC_HUMAN	MDA-MB-453 (breast adenocarcinoma)	1.9609998688725105	0.0	1.294	-1.462
chr2	2845395	G	A	MAX_HUMAN,MYC_HUMAN	NCI-H2171 (small cell lung carcinoma)	0.0	1.8352000844426457	-0.546	1.239
chr2	46916091	G	T	MAX_HUMAN,MXI1_HUMAN,MYC_HUMAN	VCaP (prostate carcinoma),H1 (embryonic stem cells),NCI-H2171 (small cell lung carcinoma),neural cell	0.0	8.777138592059233	-0.302	1.268
chr2	85418422	A	C	ANDR_HUMAN,MAX_HUMAN,GABPA_HUMAN,ZN687_HUMAN,MYC_HUMAN	U2OS (osteosarcoma),GM12878 (female B-cells),HepG2 (hepatoblastoma),MDA-MB-453 (breast adenocarcinoma),NB4 (acute promyelocytic leukemia )	0.0	1.5922732516710234	-1.121	1.2309999999999999
chr2	85418470	A	C	ANDR_HUMAN,GABPA_HUMAN,ZN687_HUMAN,ZN143_HUMAN,MYC_HUMAN	HepG2 (hepatoblastoma),MDA-MB-453 (breast adenocarcinoma)	0.0	1.435108367329737	-1.473	1.215
chr2	85616225	C	T	MYC_HUMAN	MDA-MB-453 (breast adenocarcinoma)	0.0	1.675117733855302	0.054000000000000006	1.0759999999999998
chr2	119679197	A	G	MAX_HUMAN,FOXK2_HUMAN,MAD4_HUMAN,GABP1_HUMAN,MYC_HUMAN	GM12878 (female B-cells),HepG2 (hepatoblastoma)	4.535825829333676	0.0	1.4880000000000002	-0.245
chr2	171999938	C	A	JUN_HUMAN,TYY1_HUMAN,MYC_HUMAN,KMT2A_HUMAN,USF1_HUMAN	A549 (lung carcinoma),U2OS (osteosarcoma),HepG2 (hepatoblastoma),K562 (myelogenous leukemia),SK-N-SH (neuroblastoma),fetal bone marrow-derived mononuclear cells	0.0	2.9627843094213215	-0.19699999999999998	0.794
chr2	177392663	G	A	ESR1_HUMAN,STAT1_HUMAN,MYC_HUMAN	U2OS (osteosarcoma),CD14+ monocytes	1.8816965063265707	0.0	1.011	
chr2	189661498	C	T	RAD21_HUMAN,MAX_HUMAN,KAISO_HUMAN,ZN687_HUMAN,MYC_HUMAN	MCF7 (Invasive ductal breast carcinoma),GM12878 (female B-cells),HepG2 (hepatoblastoma),liver,foreskin keratinocyte	1.3727114595058836	0.0	0.857	-0.502
chr2	215312084	T	G	CTCF_HUMAN,MAX_HUMAN,GABPA_HUMAN,CREB1_HUMAN,NFIA_HUMAN,MYC_HUMAN,USF1_HUMAN	H1 (embryonic stem cells),HCT-116 (colon carcinoma),HepG2 (hepatoblastoma)	0.015191319391010753	2.024324436540574	0.205	0.49700000000000005
chr2	219570312	A	G	MYC_HUMAN	MDA-MB-453 (breast adenocarcinoma)	0.0	1.675117733855302	-1.881	1.474
chr2	222656078	T	G	CREB1_HUMAN,MYC_HUMAN	MCF7 (Invasive ductal breast carcinoma)	1.70816420701049	0.0	0.925	-0.309
chr2	231463811	A	G	MAX_HUMAN,MYC_HUMAN	HepG2 (hepatoblastoma),Ishikawa (endometrial adenocarcinoma),NB4 (acute promyelocytic leukemia ),P493-6 (B-cell lymphoma)	6.311295596955172	0.0	1.166	0.257
chr2	231463834	C	T	MAX_HUMAN,MYC_HUMAN	HepG2 (hepatoblastoma),NB4 (acute promyelocytic leukemia ),P493-6 (B-cell lymphoma)	4.271013156094251	0.0	0.961	0.589
chr2	231463970	C	T	TAF9B_HUMAN,MYC_HUMAN	MCF7 (Invasive ductal breast carcinoma),GM12878 (female B-cells),K562 (myelogenous leukemia)	0.0	2.0558739591335025		1.4709999999999999
chr2	237559271	A	G	ESR1_HUMAN,FOXA1_HUMAN,ZFX_HUMAN,ZN217_HUMAN,YBOX1_HUMAN,NFXL1_HUMAN,CLOCK_HUMAN,AHR_HUMAN,NDF1_HUMAN,FOS_HUMAN,MYC_HUMAN,ZXDC_HUMAN	MCF7 (Invasive ductal breast carcinoma),LY-2 (invasive ductal carcinoma)	0.0	47.531803245812235	0.36200000000000004	1.264
chr20	3811890	A	G	JUN_HUMAN,MAX_HUMAN,ZN341_HUMAN,ZNF34_HUMAN,MYC_HUMAN,HIF1A_HUMAN	T47D (invasive ductal carcinoma),NCI-H2171 (small cell lung carcinoma),HEK293 (embryonic kidney),HepG2 (hepatoblastoma),HT29 (colon adenocarcinoma),breast tumor tissue	1.424313981739225	0.0	1.262	0.21899999999999997
chr20	34303394	G	T	ANDR_HUMAN,STAT1_HUMAN,MYC_HUMAN	HEK293T (embryonic kidney),CD14+ monocytes,HEK293 (embryonic kidney),MDA-MB-453 (breast adenocarcinoma)	2.034191791405756	0.0	1.456	-1.244
chr20	44210980	A	G	CEBPB_HUMAN,MYC_HUMAN	macrophages	0.0	3.1416674851033872	-1.31	1.4709999999999999
chr20	49046831	A	G	CREB1_HUMAN,ZN687_HUMAN,FOXK2_HUMAN,LMBL2_HUMAN,STAT1_HUMAN,MYC_HUMAN	HEK293T (embryonic kidney),MCF7 (Invasive ductal breast carcinoma),CD14+ monocytes,GM12878 (female B-cells),HEK293 (embryonic kidney),HepG2 (hepatoblastoma),NB4 (acute promyelocytic leukemia )	4.203090958957127	0.0	0.72	-0.10400000000000001
chr20	49979129	C	A	CTCF_HUMAN,MAX_HUMAN,CREB1_HUMAN,MNT_HUMAN,MYC_HUMAN	786-O (renal carcinoma),T47D (invasive ductal carcinoma),MCF7 (Invasive ductal breast carcinoma),osteoblasts,HepG2 (hepatoblastoma),K562 (myelogenous leukemia),NB4 (acute promyelocytic leukemia ),fibroblast of dermis,B-cells,foreskin keratinocyte	0.0	4.849712042611759	0.501	0.938
chr21	39313672	G	A	ESR1_HUMAN,ANDR_HUMAN,STAT1_HUMAN,MYC_HUMAN	CD14+ monocytes,Ishikawa (endometrial adenocarcinoma),K562 (myelogenous leukemia),MDA-MB-453 (breast adenocarcinoma),breast tumor tissue	0.0	2.113835776535666	-2.28	1.587
chr22	17159155	G	A	MYC_HUMAN	K562 (myelogenous leukemia),MDA-MB-453 (breast adenocarcinoma)	1.320983368931609	0.0	1.4369999999999998	0.195
chr22	25448054	T	C	FOXA1_HUMAN,STAT1_HUMAN,MYC_HUMAN	CD14+ monocytes,GM12878 (female B-cells),Ishikawa (endometrial adenocarcinoma),MDA-MB-453 (breast adenocarcinoma),liver,IPSC-derived bipolar neuron,bipolar neuron,GM23338	1.350373030369529	0.0	1.3730000000000002	-1.8559999999999999
chr22	41544367	T	G	ZN687_HUMAN,STAT1_HUMAN,MYC_HUMAN	GM12878 (female B-cells),MDA-MB-453 (breast adenocarcinoma)	1.728923467788743	0.0	1.402	-1.214
chr22	41544436	A	G	MYC_HUMAN	Raji (Burkitt lymphoma)	0.0	2.5487116764531295	-1.4409999999999998	1.367
chr22	46563555	T	C	RAD21_HUMAN,RXRA_HUMAN,CTCF_HUMAN,STAT1_HUMAN,MYC_HUMAN	CD14+ monocytes,MDA-MB-453 (breast adenocarcinoma),liver,KMS-11	5.059384351043245	0.0	1.663	-0.53
chr22	46739375	G	A	CTCF_HUMAN,ZFX_HUMAN,MAX_HUMAN,MNT_HUMAN,MYC_HUMAN	MCF7 (Invasive ductal breast carcinoma),NCI-H2171 (small cell lung carcinoma),pancreas,transverse colon	8.297299570375163	0.0	1.53	-0.11900000000000001
chr22	46762438	C	A	STAT1_HUMAN,MYC_HUMAN,SNAI2_HUMAN	CD14+ monocytes,keratinocytes,MDA-MB-453 (breast adenocarcinoma)	1.6494169799273037	0.0	1.27	
chr22	50783624	G	A	RUNX1_HUMAN,STAT1_HUMAN,MYC_HUMAN	CD14+ monocytes,H1 (embryonic stem cells),MDA-MB-453 (breast adenocarcinoma),SKNO-1 (acute myeloid leukemia)	0.0	1.9330389601945988	-2.043	1.556
chr3	64023642	C	G	CTCF_HUMAN,JUN_HUMAN,MNT_HUMAN,RFX1_HUMAN,RB_HUMAN,MYC_HUMAN	MCF7 (Invasive ductal breast carcinoma),GM12878 (female B-cells),breast epithelial cells	3.237483631207076	0.09414113990985762	1.6640000000000001	0.9009999999999999
chr3	139520256	C	T	CTCF_HUMAN,ZN143_HUMAN,MYC_HUMAN	MCF7 (Invasive ductal breast carcinoma),SK-N-SH (neuroblastoma),foreskin keratinocyte	12.549509028457987	0.0	0.94	-0.41200000000000003
chr3	158672751	A	G	CTCF_HUMAN,SMC3_HUMAN,ZFX_HUMAN,MYC_HUMAN	A549 (lung carcinoma),MCF7 (Invasive ductal breast carcinoma),MCF-7 C4-12 (invasive breast ductal carcinoma)	0.0	6.974984744846097	0.391	0.675
chr3	161105371	G	A	ZFX_HUMAN,MNT_HUMAN,ELF1_HUMAN,MYC_HUMAN	MCF7 (Invasive ductal breast carcinoma),MCF-7 C4-12 (invasive breast ductal carcinoma)	0.0	11.377544771513287	-0.35200000000000004	1.686
chr3	194003461	G	A	GATA3_HUMAN,ANDR_HUMAN,FOXA1_HUMAN,NFIB_HUMAN,MYC_HUMAN	MCF7 (Invasive ductal breast carcinoma),LHSAR (prostate epithelial cells),MDA-MB-453 (breast adenocarcinoma),foreskin keratinocyte	0.0	1.309672206332219	-0.139	0.7170000000000001
chr3	195748149	A	G	CTCF_HUMAN,ANDR_HUMAN,SP1_HUMAN,MYC_HUMAN	HCT-116 (colon carcinoma),MDA-MB-453 (breast adenocarcinoma),SUM159PT (pleiomorphic breast carcinoma),PC9 (lung adenocarcinoma),epithelial cell of prostate	0.0	8.587490618467443	0.374	1.1420000000000001
chr3	196528863	G	C	CTCF_HUMAN,MYC_HUMAN	T47D (invasive ductal carcinoma),MCF7 (Invasive ductal breast carcinoma),MDA-MB-453 (breast adenocarcinoma),pancreas,IPSC-derived bipolar neuron,PC9 (lung adenocarcinoma),tibial artery,bipolar neuron,gastroesophageal sphincter,vagina,uterus	6.4086389259295835	0.0	0.75	0.494
chr3	196712754	G	A	MYC_HUMAN	HEK293 (embryonic kidney),MDA-MB-453 (breast adenocarcinoma)	1.6503518602479268	0.0	1.311	-1.237
chr3	196712777	C	T	MYC_HUMAN	GM12878 (female B-cells),HEK293 (embryonic kidney),MDA-MB-453 (breast adenocarcinoma)	1.9834080484604197	0.0	1.385	
chr4	4290098	C	T	EGR1_HUMAN,CREB1_HUMAN,MNT_HUMAN,MYB_HUMAN,SMCA4_HUMAN,NRF1_HUMAN,MYC_HUMAN	LNCaP (prostate carcinoma),GM12878 (female B-cells),K562 (myelogenous leukemia),NB4 (acute promyelocytic leukemia ),Th1-cells,foreskin keratinocyte	0.0	1.4419862396541434	-0.7190000000000001	1.002
chr4	4290105	A	T	EGR1_HUMAN,CREB1_HUMAN,MNT_HUMAN,CHAP1_HUMAN,IKZF1_HUMAN,NRF1_HUMAN,MYC_HUMAN	LNCaP (prostate carcinoma),K562 (myelogenous leukemia),NB4 (acute promyelocytic leukemia )	0.0	1.5125600349046837	-0.736	1.107
chr4	163166907	C	T	CREB1_HUMAN,THA11_HUMAN,GATD1_HUMAN,GABP1_HUMAN,ENL_HUMAN,MYC_HUMAN	MCF7 (Invasive ductal breast carcinoma),GM12878 (female B-cells),HepG2 (hepatoblastoma)	0.0	1.6298952240585682	0.264	0.813
chr5	43120836	A	G	CTCF_HUMAN,MAX_HUMAN,MYC_HUMAN	H1 (embryonic stem cells),HepG2 (hepatoblastoma),MDA-MB-453 (breast adenocarcinoma)	1.404715278848881	0.0	0.374	0.124
chr5	82278173	C	T	MAX_HUMAN,MNT_HUMAN,LMBL2_HUMAN,DMAP1_HUMAN,MYC_HUMAN,MYCN_HUMAN	MCF7 (Invasive ductal breast carcinoma),HepG2 (hepatoblastoma),K562 (myelogenous leukemia),Tet21N (neuroblastoma)	6.311295596955172	0.0	1.02	-0.442
chr5	82278363	C	T	CTCF_HUMAN,ZFX_HUMAN,MNT_HUMAN,NCOR1_HUMAN,HDAC1_HUMAN,AFF1_HUMAN,MYC_HUMAN	T47D (invasive ductal carcinoma),MCF7 (Invasive ductal breast carcinoma),HepG2 (hepatoblastoma),K562 (myelogenous leukemia)	0.0	1.847890362104978	-0.138	0.5920000000000001
chr5	132294079	C	G	MAX_HUMAN,MYC_HUMAN	GM12878 (female B-cells),H1 (embryonic stem cells),HepG2 (hepatoblastoma),epithelial cell of prostate	4.078294834817163	0.0	1.204	-0.488
chr5	151924745	G	A	MYC_HUMAN	HCT-116 (colon carcinoma),HEK293 (embryonic kidney),HL-60 (acute myeloid leukemia),K562 (myelogenous leukemia),PFSK1 (primitive neuroectodermal tumor)	2.190387643154197	0.0	1.2790000000000001	0.18600000000000003
chr5	179698934	C	A	DDX20_HUMAN,GATA3_HUMAN,JUN_HUMAN,CLOCK_HUMAN,PKNX1_HUMAN,MYC_HUMAN	A549 (lung carcinoma),MCF7 (Invasive ductal breast carcinoma),GM12878 (female B-cells),liver	2.731856771935818	0.0	1.653	
chr6	85643903	A	G	MYC_HUMAN	MCF7 (Invasive ductal breast carcinoma),tibial nerve	5.547677871643924	0.0	1.093	-0.171
chr6	85643904	A	C	STAT1_HUMAN,MYC_HUMAN	MCF7 (Invasive ductal breast carcinoma),CD14+ monocytes,tibial nerve	0.0	2.025956722970871	-2.343	1.0979999999999999
chr7	4641825	T	C	FOXA1_HUMAN,NRF1_HUMAN,MYC_HUMAN,BMAL1_HUMAN	U2OS (osteosarcoma),HepG2 (hepatoblastoma),MDA-MB-453 (breast adenocarcinoma)	1.3432989637642727	0.0	1.005	-0.855
chr7	4641852	C	G	ESR1_HUMAN,CTCF_HUMAN,STAT1_HUMAN,NRF1_HUMAN,MYC_HUMAN,BMAL1_HUMAN	U2OS (osteosarcoma),CD14+ monocytes,HepG2 (hepatoblastoma),MDA-MB-453 (breast adenocarcinoma),breast tumor tissue	2.2015754599945185	0.0	1.185	
chr7	4642073	A	G	STAT1_HUMAN,MYC_HUMAN,MYCN_HUMAN	LNCaP (prostate carcinoma),CD14+ monocytes,HepG2 (hepatoblastoma),MDA-MB-453 (breast adenocarcinoma),Tet21N (neuroblastoma)	1.927747247572159	0.0	1.3659999999999999	
chr7	44796669	C	G	CLOCK_HUMAN,MYC_HUMAN	MCF7 (Invasive ductal breast carcinoma)	1.8680992396121556	0.0	1.157	
chr7	44986581	G	A	MXI1_HUMAN,MYC_HUMAN	MCF7 (Invasive ductal breast carcinoma),neural cell	0.0	2.1824214648617906	-0.591	0.591
chr7	66413605	A	G	CTCF_HUMAN,NRF1_HUMAN,MYC_HUMAN	mammary epithelial cells,MDA-MB-453 (breast adenocarcinoma),pancreas,adrenal gland	5.392392833028192	0.0	1.138	0.126
chr7	105522182	T	G	RFOX2_HUMAN,ESR1_HUMAN,GMEB1_HUMAN,STAT1_HUMAN,PHF8_HUMAN,HDAC1_HUMAN,MYC_HUMAN	CD14+ monocytes,K562 (myelogenous leukemia),breast tumor tissue	2.219342119264302	0.0	1.705	
chr7	149028622	G	T	ESR1_HUMAN,KLF11_HUMAN,MYC_HUMAN,KMT2A_HUMAN,FLI1_HUMAN	LNCaP (prostate carcinoma),HCT-116 (colon carcinoma),hMADS-3 (adipose-derived stem cells),acute leukemia,B-cells,fetal bone marrow-derived mononuclear cells,breast tumor tissue	0.0	3.387765617994898	-1.972	1.8019999999999998
chr7	152464180	A	G	MAX_HUMAN,ELK1_HUMAN,BC11B_HUMAN,MYC_HUMAN	A549 (lung carcinoma),MCF7 (Invasive ductal breast carcinoma),NCI-H2171 (small cell lung carcinoma),HepG2 (hepatoblastoma),thymus-derived CD34+ cells,thymus-derived CD34- cells,tibial nerve	0.01355713667913	2.9189596017035098	-0.276	0.84
chr8	73293374	C	A	ZFX_HUMAN,MYC_HUMAN	MCF7 (Invasive ductal breast carcinoma),MCF-7 C4-12 (invasive breast ductal carcinoma)	1.7560120643297439	0.0	1.155	-1.546
chr8	73878927	G	C	ZBT7A_HUMAN,MYC_HUMAN	A549 (lung carcinoma),MDA-MB-453 (breast adenocarcinoma),erythroblasts	0.0	1.494731967316357	-0.6779999999999999	1.276
chr8	73976259	C	T	ZFX_HUMAN,MYC_HUMAN,KMT2A_HUMAN,SNAI2_HUMAN	MCF7 (Invasive ductal breast carcinoma),MCF-7 C4-12 (invasive breast ductal carcinoma),keratinocytes	4.733135641248148	0.0	1.3630000000000002	-1.49
chr8	98117279	G	T	MAX_HUMAN,NRF1_HUMAN,MYC_HUMAN	CD14+ monocytes,K562 (myelogenous leukemia),MDA-MB-453 (breast adenocarcinoma),breast tumor tissue	0.0	1.9065027590570718	-0.257	0.9420000000000001
chr8	100847603	G	A	RAD21_HUMAN,CTCF_HUMAN,SMC3_HUMAN,MNT_HUMAN,IKZF1_HUMAN,MYC_HUMAN	HEK293T (embryonic kidney),A549 (lung carcinoma),MCF7 (Invasive ductal breast carcinoma),H1 (embryonic stem cells),HEK293 (embryonic kidney),K562 (myelogenous leukemia),neural cell,foreskin keratinocyte	7.454423661970923	0.0	0.81	-0.05
chr8	102864552	C	T	ESR1_HUMAN,MYC_HUMAN	HEK293T (embryonic kidney),MCF7 (Invasive ductal breast carcinoma),226LDM (normal breast luminal cells)	1.5976503694756101	0.0	0.628	0.042
chr8	144792397	C	T	CTCF_HUMAN,TYY1_HUMAN,SP1_HUMAN,KDM1A_HUMAN,ELF1_HUMAN,LEF1_HUMAN,GABP1_HUMAN,HDAC1_HUMAN,MYC_HUMAN,FLI1_HUMAN	HEK293T (embryonic kidney),HCT-116 (colon carcinoma),HEK293 (embryonic kidney),K562 (myelogenous leukemia),MDA-MB-453 (breast adenocarcinoma),ME-1 (acute myeloid leukemia ),breast epithelial cells,acute leukemia	1.3674012336232781	0.304533318979411	0.445	0.312
chr9	124267351	A	G	ESR1_HUMAN,RXRA_HUMAN,JUN_HUMAN,HNF4A_HUMAN,SP1_HUMAN,MNT_HUMAN,FOS_HUMAN,MYC_HUMAN	MCF7 (Invasive ductal breast carcinoma),LHSAR (prostate epithelial cells),liver,HAEC (human aortic endothelial cells)	2.049782817005613	0.0	1.386	-1.6969999999999998
chr9	137086549	T	A	MYC_HUMAN	NCI-H2171 (small cell lung carcinoma)	0.0	1.3024641441494325	-1.705	1.358
chr9	137605194	T	C	ANDR_HUMAN,FOXA1_HUMAN,MYC_HUMAN,HIF1A_HUMAN,KDM5B_HUMAN	T47D (invasive ductal carcinoma),MDA-MB-453 (breast adenocarcinoma)	5.203912746776028	0.0	1.8030000000000002	
