Chromosome	Position	Ref	Alt	ASB in transcription factors	ASB in cell types	NCOA1_HUMAN_FDR_Ref	NCOA1_HUMAN_FDR_Alt	NCOA1_HUMAN_Effect_Size_Ref	NCOA1_HUMAN_Effect_Size_Alt
chr1	1056704	T	C	NCOA1_HUMAN	K562 (myelogenous leukemia)	1.4771530304840566	0.0	1.256	-1.275
chr1	6517705	C	T	NFIC_HUMAN,TAL1_HUMAN,ATF1_HUMAN,HDAC2_HUMAN,KDM1A_HUMAN,SMCE1_HUMAN,MNT_HUMAN,ZNF24_HUMAN,CTBP1_HUMAN,NR2C1_HUMAN,NCOR1_HUMAN,ATF3_HUMAN,E2F1_HUMAN,ILF3_HUMAN,SMCA4_HUMAN,PBX2_HUMAN,HTF4_HUMAN,IKZF1_HUMAN,COT1_HUMAN,MTA2_HUMAN,REQU_HUMAN,LEF1_HUMAN,LMBL2_HUMAN,RING2_HUMAN,PRD10_HUMAN,ZEB2_HUMAN,MTG16_HUMAN,MTG8R_HUMAN,ATF7_HUMAN,NCOA1_HUMAN,SOX6_HUMAN,ZN282_HUMAN,HDAC1_HUMAN	K562 (myelogenous leukemia)	4.676539876498807	0.0	0.8109999999999999	
chr1	14435824	T	C	EGR1_HUMAN,KDM1A_HUMAN,REQU_HUMAN,ATF7_HUMAN,ENL_HUMAN,NCOA1_HUMAN,SOX6_HUMAN,ARI1B_HUMAN	K562 (myelogenous leukemia)	2.681768660671445	0.0	1.11	
chr1	15038359	T	G	NCOA1_HUMAN	K562 (myelogenous leukemia),foreskin keratinocyte	1.3492050495830634	0.0	1.18	
chr1	16613699	G	A	EP300_HUMAN,EZH2_HUMAN,RFOX2_HUMAN,PYGO2_HUMAN,TAF7_HUMAN,DDX20_HUMAN,HDAC8_HUMAN,GRHL2_HUMAN,ESR1_HUMAN,TAL1_HUMAN,CEBPB_HUMAN,CTCF_HUMAN,AP2A_HUMAN,FOXA1_HUMAN,GCR_HUMAN,ZBT7A_HUMAN,SIN3A_HUMAN,ZFX_HUMAN,JUN_HUMAN,ZBT40_HUMAN,VEZF1_HUMAN,NONO_HUMAN,JUNB_HUMAN,TYY1_HUMAN,MAX_HUMAN,EGR1_HUMAN,SP1_HUMAN,BCL3_HUMAN,NR4A1_HUMAN,KLF1_HUMAN,KLF13_HUMAN,CREB1_HUMAN,SUZ12_HUMAN,CBX3_HUMAN,ZN579_HUMAN,SMCE1_HUMAN,MNT_HUMAN,ZNF24_HUMAN,ELF1_HUMAN,ZN574_HUMAN,IRF1_HUMAN,ZN740_HUMAN,SOX13_HUMAN,PKNX1_HUMAN,ELF4_HUMAN,CTBP1_HUMAN,MYB_HUMAN,NR2C1_HUMAN,RFX1_HUMAN,MGAP_HUMAN,NCOA2_HUMAN,EMSY_HUMAN,SMCA4_HUMAN,MEF2D_HUMAN,IKZF1_HUMAN,ZN687_HUMAN,MTA2_HUMAN,NFAC3_HUMAN,ARNT_HUMAN,REQU_HUMAN,TFDP1_HUMAN,CREB3_HUMAN,FOXM1_HUMAN,ZN639_HUMAN,ZBT11_HUMAN,Z354B_HUMAN,ZBT26_HUMAN,KLF11_HUMAN,KLF16_HUMAN,FOXP1_HUMAN,ERF_HUMAN,RING2_HUMAN,HINFP_HUMAN,NRF1_HUMAN,SRBP1_HUMAN,GLIS1_HUMAN,GLI2_HUMAN,ZN600_HUMAN,FEZF1_HUMAN,SP7_HUMAN,BC11B_HUMAN,ZN341_HUMAN,WT1_HUMAN,SP2_HUMAN,OSR2_HUMAN,KLF8_HUMAN,ZN770_HUMAN,ZN843_HUMAN,ZN555_HUMAN,ERR1_HUMAN,ZFP91_HUMAN,ENL_HUMAN,NFIB_HUMAN,TF65_HUMAN,MTA1_HUMAN,CHD1_HUMAN,MEIS2_HUMAN,NCOA1_HUMAN,CR3L1_HUMAN,CDC5L_HUMAN,ZN184_HUMAN,MCM7_HUMAN,HDAC1_HUMAN,AFF1_HUMAN,ZN398_HUMAN,KMT2A_HUMAN,TF7L1_HUMAN,KDM5B_HUMAN	HEK293T (embryonic kidney),A549 (lung carcinoma),VCaP (prostate carcinoma),MCF7 (Invasive ductal breast carcinoma),MCF-7 C4-12 (invasive breast ductal carcinoma),cranial neural crest cells,GM12878 (female B-cells),NCI-H2171 (small cell lung carcinoma),HCT-116 (colon carcinoma),HEK293 (embryonic kidney),HepG2 (hepatoblastoma),hMADS-3 (adipose-derived stem cells),Jurkat (T-cells),K562 (myelogenous leukemia),SEM (childhood B acute lymphoblastic leukemia),MDA-MB-453 (breast adenocarcinoma),spleen,liver,erythroblasts,pancreas,226LDM (normal breast luminal cells),RCH-ACV (B acute lymphoblastic leukemia with t(1;19)(q23;p13.3) E2A-PBX1 (TCF3-PBX1)),RH4 (alveolar rhabdomyosarcoma),breast tumor xenograft,suprapubic skin,heart left ventricle,gastrocnemius medialis,ovary,gastroesophageal sphincter,uterus,thyroid gland,adrenal gland,prostate gland,tibial nerve,upper lobe of left lung	0.0	3.639063928502179	-0.18899999999999997	0.982
chr1	16621240	G	A	T2FA_HUMAN,TAF7_HUMAN,TADBP_HUMAN,CAVN1_HUMAN,DIDO1_HUMAN,HDAC8_HUMAN,RAD21_HUMAN,NFIC_HUMAN,TAL1_HUMAN,CEBPB_HUMAN,CTCF_HUMAN,GATA3_HUMAN,AP2C_HUMAN,GCR_HUMAN,SIN3A_HUMAN,ZFX_HUMAN,JUN_HUMAN,ZBT40_HUMAN,ID3_HUMAN,MAX_HUMAN,COT2_HUMAN,JUND_HUMAN,EGR1_HUMAN,SP1_HUMAN,NR4A1_HUMAN,REST_HUMAN,NFE2_HUMAN,KLF13_HUMAN,ATF1_HUMAN,MAFG_HUMAN,CREB1_HUMAN,HDAC2_HUMAN,KDM1A_HUMAN,SMCA5_HUMAN,ZN579_HUMAN,P66B_HUMAN,SMCE1_HUMAN,MNT_HUMAN,ZNF24_HUMAN,ZN574_HUMAN,NBN_HUMAN,TRI22_HUMAN,IRF1_HUMAN,PKNX1_HUMAN,CTBP1_HUMAN,HSF1_HUMAN,HCFC1_HUMAN,NR2C1_HUMAN,NCOR1_HUMAN,ZN592_HUMAN,MYBB_HUMAN,RFX1_HUMAN,MGAP_HUMAN,NCOA2_HUMAN,GMEB1_HUMAN,ATF3_HUMAN,ILF3_HUMAN,TAF9B_HUMAN,HDAC3_HUMAN,CHAP1_HUMAN,EMSY_HUMAN,EP400_HUMAN,ZN318_HUMAN,XRCC3_HUMAN,SMCA4_HUMAN,MEF2D_HUMAN,NF2L1_HUMAN,PBX2_HUMAN,HTF4_HUMAN,IKZF1_HUMAN,FOXK2_HUMAN,COT1_HUMAN,NFAC3_HUMAN,ARNT_HUMAN,SKIL_HUMAN,REQU_HUMAN,BCLF1_HUMAN,LEF1_HUMAN,LMBL2_HUMAN,HDGF_HUMAN,TEAD2_HUMAN,GABP1_HUMAN,ZN766_HUMAN,EHMT2_HUMAN,RING2_HUMAN,HINFP_HUMAN,NRF1_HUMAN,MAFK_HUMAN,MITF_HUMAN,PRD10_HUMAN,ZEB2_HUMAN,ZFP91_HUMAN,MTG16_HUMAN,DACH1_HUMAN,ATF7_HUMAN,ENL_HUMAN,NCOA3_HUMAN,NFIB_HUMAN,ZN444_HUMAN,TF65_HUMAN,T22D4_HUMAN,IRF9_HUMAN,MTA1_HUMAN,ZBT7B_HUMAN,MTA3_HUMAN,FOS_HUMAN,ETS2_HUMAN,MEIS2_HUMAN,NCOA1_HUMAN,SOX6_HUMAN,ARI1B_HUMAN,ZN316_HUMAN,ARID2_HUMAN,MCM2_HUMAN,SPT5H_HUMAN,PHB2_HUMAN,C2D1A_HUMAN,HDAC1_HUMAN,TIF1A_HUMAN,AFF1_HUMAN,TR150_HUMAN,TEAD4_HUMAN,KDM5B_HUMAN,FOSB_HUMAN	AG04449 (fibroblasts),AG04450 (fibroblasts),AG09319 (fibroblasts),VCaP (prostate carcinoma),MCF7 (Invasive ductal breast carcinoma),COLO-829 (melanoma),Delta47 (plasma cell myeloma),DND41 (acute lymphoblastic leukemia),DOHH2 (diffuse large B-cell lymphoma),FB0167P (progeria fibroblasts),GM10248 (male B-cells),GM10266 (male B-cells),GM12864 (male B-cells),GM12866 (male B-cells),GM12868 (female B-cells),GM12871 (male B-cells),GM12873 (female B-cells),GM12874 (male B-cells),GM12875 (female B-cells),H1 (embryonic stem cells),H1-derived trophectodermal cells,H929 (plasma cell myeloma),HCT-116 (colon carcinoma),HeLa Kyoto (cervical adenocarcinoma),HeLa S3 (cervical adenocarcinoma),skeletal muscles and myoblasts,epidermal keratinocytes,Jurkat (T-cells),spleen,normal lung fibroblasts,OCI-LY1 (diffuse large B-cell lymphoma),breast epithelial cells,SK-BR-3 (breast adenocarcinoma),SU-DHL-6 (diffuse large B-cell lymphoma),neural progenitors,hepatocytes,kidney,myotube,suprapubic skin,heart left ventricle,gastrocnemius medialis,Peyer's patch,bipolar neuron,ovary,stomach,uterus,esophagus muscularis mucosa,thyroid gland,ascending aorta,tibial nerve,neural cell,upper lobe of left lung,RWPE2,smooth muscle cell,SK-N-AS (neuroblastoma),HCT-116-RAD21-mAC	1.5346222221893742	0.0	1.859	-2.14
chr1	16905243	T	G	EP300_HUMAN,T2AG_HUMAN,ESR1_HUMAN,CTCF_HUMAN,NR4A1_HUMAN,MNT_HUMAN,ZNF24_HUMAN,ELF1_HUMAN,SNIP1_HUMAN,NCOR1_HUMAN,BHE40_HUMAN,IKZF1_HUMAN,IKZF2_HUMAN,MTA2_HUMAN,ATF4_HUMAN,GATD1_HUMAN,ERF_HUMAN,GABP1_HUMAN,NDF1_HUMAN,ERR1_HUMAN,MTG16_HUMAN,NUFP1_HUMAN,RB_HUMAN,ZN143_HUMAN,KLF5_HUMAN,ENL_HUMAN,NCOA1_HUMAN,SPT5H_HUMAN,PHB2_HUMAN,RHG35_HUMAN	786-O (renal carcinoma),MCF7 (Invasive ductal breast carcinoma),GM12878 (female B-cells),HEK293 (embryonic kidney),HepG2 (hepatoblastoma),K562 (myelogenous leukemia),D341 Med (medulloblastoma),gastroesophageal sphincter,lower leg skin,tibial nerve	2.9583847457391617	0.0	0.821	-0.688
chr1	26128782	T	A	KAISO_HUMAN,HDAC2_HUMAN,KDM1A_HUMAN,SMCE1_HUMAN,MNT_HUMAN,ZNF24_HUMAN,CTBP1_HUMAN,NCOR1_HUMAN,NCOA2_HUMAN,ATF3_HUMAN,TAF9B_HUMAN,EP400_HUMAN,HTF4_HUMAN,ARNT_HUMAN,REQU_HUMAN,LMBL2_HUMAN,HDGF_HUMAN,ZFP91_HUMAN,PHF20_HUMAN,MTG8R_HUMAN,ENL_HUMAN,TF65_HUMAN,NCOA1_HUMAN,ZN184_HUMAN,PHB2_HUMAN	K562 (myelogenous leukemia)	1.8684917411808566	0.0	1.3330000000000002	-1.35
chr1	42936534	G	A	ZBT7A_HUMAN,NCOR1_HUMAN,RFX1_HUMAN,TAF9B_HUMAN,IKZF1_HUMAN,ARNT_HUMAN,LMBL2_HUMAN,NRF1_HUMAN,PRD10_HUMAN,ZEB2_HUMAN,MTG16_HUMAN,MTG8R_HUMAN,MEIS2_HUMAN,NCOA1_HUMAN,HDAC1_HUMAN	K562 (myelogenous leukemia)	0.0	4.961493935081088	-0.484	1.198
chr1	42949617	G	T	AP2A_HUMAN,REST_HUMAN,HDAC2_HUMAN,KDM1A_HUMAN,MNT_HUMAN,ZNF24_HUMAN,NR2C1_HUMAN,NCOR1_HUMAN,ZN592_HUMAN,NCOA2_HUMAN,TAF9B_HUMAN,SMCA4_HUMAN,PBX2_HUMAN,HTF4_HUMAN,IKZF1_HUMAN,MTA2_HUMAN,REQU_HUMAN,MEIS2_HUMAN,NCOA1_HUMAN,ARI1B_HUMAN,ZBTB2_HUMAN,ZN184_HUMAN,HDAC1_HUMAN,BCOR_HUMAN,TIF1A_HUMAN	cranial neural crest cells,K562 (myelogenous leukemia)	3.208311156649267	0.0	1.79	
chr1	42949675	G	T	AP2A_HUMAN,HDAC2_HUMAN,KDM1A_HUMAN,MNT_HUMAN,ZNF24_HUMAN,NR2C1_HUMAN,NCOR1_HUMAN,ZN592_HUMAN,NCOA2_HUMAN,SMCA4_HUMAN,HTF4_HUMAN,IKZF1_HUMAN,MTA2_HUMAN,ARNT_HUMAN,REQU_HUMAN,FOXM1_HUMAN,GABP1_HUMAN,RING2_HUMAN,DACH1_HUMAN,MEIS2_HUMAN,NCOA1_HUMAN,ARI1B_HUMAN,ZN316_HUMAN,ZBTB2_HUMAN,HDAC1_HUMAN,BCOR_HUMAN,TIF1A_HUMAN	cranial neural crest cells,K562 (myelogenous leukemia)	2.081815853624726	0.0	1.35	
chr1	64757469	G	A	THA_HUMAN,NCOA1_HUMAN	K562 (myelogenous leukemia)	1.8382720894673295	0.0	1.5590000000000002	-1.7690000000000001
chr1	67686755	C	T	TAL1_HUMAN,CEBPB_HUMAN,GATA3_HUMAN,NFE2_HUMAN,CEBPG_HUMAN,ATF3_HUMAN,IKZF1_HUMAN,ATF4_HUMAN,NCOA1_HUMAN,ZN316_HUMAN,ZN184_HUMAN,HDAC1_HUMAN,P73_HUMAN,P53_HUMAN	MCF7 (Invasive ductal breast carcinoma),GM12878 (female B-cells),HepG2 (hepatoblastoma),K562 (myelogenous leukemia),SaOS2 (osteosarcoma),foreskin keratinocyte	0.0	1.759793106769164	-0.52	0.718
chr1	116846301	G	A	NFIC_HUMAN,TAL1_HUMAN,KDM1A_HUMAN,MNT_HUMAN,HTF4_HUMAN,IKZF1_HUMAN,ARNT_HUMAN,MTG16_HUMAN,DACH1_HUMAN,MTG8R_HUMAN,NCOA1_HUMAN,ZN316_HUMAN,HDAC1_HUMAN,AFF1_HUMAN	K562 (myelogenous leukemia)	2.198626176043818	0.0	0.932	-1.127
chr1	160046674	C	A	TADBP_HUMAN,NFIC_HUMAN,GATA2_HUMAN,GATA1_HUMAN,TAL1_HUMAN,CEBPB_HUMAN,CTCF_HUMAN,VEZF1_HUMAN,ID3_HUMAN,REST_HUMAN,HDAC2_HUMAN,KDM1A_HUMAN,P66B_HUMAN,MNT_HUMAN,ZNF24_HUMAN,PKNX1_HUMAN,CTBP1_HUMAN,NCOR1_HUMAN,MYBB_HUMAN,MGAP_HUMAN,ATF3_HUMAN,HDAC3_HUMAN,CHAP1_HUMAN,EP400_HUMAN,SMCA4_HUMAN,IKZF1_HUMAN,FOXK2_HUMAN,COT1_HUMAN,REQU_HUMAN,RING2_HUMAN,NRF1_HUMAN,RLF_HUMAN,MTG16_HUMAN,DACH1_HUMAN,MTG8R_HUMAN,E4F1_HUMAN,ENL_HUMAN,HES1_HUMAN,SMRC2_HUMAN,MTA1_HUMAN,MTA3_HUMAN,ETV1_HUMAN,NCOA1_HUMAN,ZN316_HUMAN,C2D1A_HUMAN,HDAC1_HUMAN,BCOR_HUMAN,TIF1A_HUMAN,AFF1_HUMAN	GM12878 (female B-cells),HEK293 (embryonic kidney),K562 (myelogenous leukemia),foreskin keratinocyte	0.0730847062553987	2.078254274596721	-0.11900000000000001	1.7990000000000002
chr1	160362291	A	T	CEBPB_HUMAN,ZNF24_HUMAN,ATF3_HUMAN,SMCA4_HUMAN,ATF2_HUMAN,COT1_HUMAN,REQU_HUMAN,P66A_HUMAN,TZAP_HUMAN,ZN341_HUMAN,ATF7_HUMAN,NCOA1_HUMAN,ARI1B_HUMAN	HEK293 (embryonic kidney),K562 (myelogenous leukemia)	0.0	2.223477358486695	-2.222	1.255
chr1	166705498	G	A	TAL1_HUMAN,MNT_HUMAN,NCOR1_HUMAN,FOXK2_HUMAN,LEF1_HUMAN,NCOA1_HUMAN	K562 (myelogenous leukemia)	0.0	4.61925502811211	-1.531	1.335
chr1	173867913	G	A	CTCF_HUMAN,EGR1_HUMAN,SP1_HUMAN,CLOCK_HUMAN,EWS_HUMAN,NCOA1_HUMAN,KDM5B_HUMAN	MCF7 (Invasive ductal breast carcinoma),K562 (myelogenous leukemia),tibial nerve	0.3289724668494603	3.162200148293635	0.311	1.6580000000000001
chr1	205256157	G	A	KDM1A_HUMAN,NCOA1_HUMAN	K562 (myelogenous leukemia),foreskin keratinocyte	1.449128331034927	0.0	0.5329999999999999	
chr1	224014235	G	A	IKZF2_HUMAN,NCOA1_HUMAN	MCF7 (Invasive ductal breast carcinoma),GM12878 (female B-cells),HepG2 (hepatoblastoma),K562 (myelogenous leukemia)	2.374568994661425	0.0	1.17	-0.69
chr1	236349820	G	A	ZN148_HUMAN,MNT_HUMAN,CTBP1_HUMAN,NCOR1_HUMAN,HTF4_HUMAN,NCOA1_HUMAN,C2D1A_HUMAN,TIF1A_HUMAN	K562 (myelogenous leukemia),SKH1 (chronic myelogenous leukemia, BCR-ABL1 positive)	1.8210332501539228	0.0	1.344	
chr1	236349892	G	A	TAL1_HUMAN,ZNF24_HUMAN,NCOR1_HUMAN,MTA3_HUMAN,NCOA1_HUMAN,TIF1A_HUMAN	K562 (myelogenous leukemia)	1.4649311695787197	0.0	1.7109999999999999	-0.5379999999999999
chr10	3095817	C	T	ESR1_HUMAN,JUN_HUMAN,JUNB_HUMAN,REST_HUMAN,MNT_HUMAN,ZNF24_HUMAN,CLOCK_HUMAN,PKNX1_HUMAN,CEBPG_HUMAN,NCOR1_HUMAN,MTG16_HUMAN,ATF7_HUMAN,E4F1_HUMAN,ENL_HUMAN,MEIS2_HUMAN,NCOA1_HUMAN	A549 (lung carcinoma),MCF7 (Invasive ductal breast carcinoma),K562 (myelogenous leukemia),Th1-cells	1.3207289891997271	0.0	1.196	0.18100000000000002
chr10	4982202	T	C	RAD21_HUMAN,TAL1_HUMAN,CTCF_HUMAN,SMC3_HUMAN,MYB_HUMAN,SMCA4_HUMAN,HTF4_HUMAN,REQU_HUMAN,TEAD2_HUMAN,MTG16_HUMAN,MTG8R_HUMAN,NCOA1_HUMAN,ARI1B_HUMAN,ZN316_HUMAN,HDAC1_HUMAN	A549 (lung carcinoma),Jurkat (T-cells),K562 (myelogenous leukemia),heart left ventricle	2.6147024592528543	0.033123248812475484	0.632	-0.155
chr10	6920458	C	T	TAL1_HUMAN,CEBPB_HUMAN,FOXA1_HUMAN,ATF1_HUMAN,MNT_HUMAN,E2F1_HUMAN,ILF3_HUMAN,TAF9B_HUMAN,HDAC3_HUMAN,SMCA4_HUMAN,HTF4_HUMAN,IKZF1_HUMAN,ZSC29_HUMAN,FOXK2_HUMAN,MTA2_HUMAN,ARNT_HUMAN,REQU_HUMAN,LEF1_HUMAN,FOXM1_HUMAN,LMBL2_HUMAN,P66A_HUMAN,NRF1_HUMAN,PRD10_HUMAN,ERR1_HUMAN,ATF7_HUMAN,MTA1_HUMAN,NCOA1_HUMAN,SOX6_HUMAN,ZN316_HUMAN,ZBTB2_HUMAN,ZN184_HUMAN,HDAC1_HUMAN,BCOR_HUMAN,TIF1A_HUMAN,CEBPD_HUMAN,TEAD4_HUMAN	K562 (myelogenous leukemia)	4.439201589972803	0.0	1.3780000000000001	-0.43
chr10	7252311	C	T	NFIC_HUMAN,GATA1_HUMAN,TAL1_HUMAN,CEBPB_HUMAN,HDAC2_HUMAN,KDM1A_HUMAN,P66B_HUMAN,SMCE1_HUMAN,MNT_HUMAN,ZNF24_HUMAN,ELF1_HUMAN,PKNX1_HUMAN,CTBP1_HUMAN,NR2C1_HUMAN,NCOR1_HUMAN,ZN592_HUMAN,NCOA2_HUMAN,TAF9B_HUMAN,HDAC3_HUMAN,CHAP1_HUMAN,PBX2_HUMAN,HTF4_HUMAN,IKZF1_HUMAN,FOXK2_HUMAN,MTA2_HUMAN,ARNT_HUMAN,SKIL_HUMAN,REQU_HUMAN,GABP1_HUMAN,NR2C2_HUMAN,RING2_HUMAN,HINFP_HUMAN,ERR1_HUMAN,MTG16_HUMAN,ATF7_HUMAN,E4F1_HUMAN,MEIS2_HUMAN,NCOA1_HUMAN,SOX6_HUMAN,C2D1A_HUMAN,HDAC1_HUMAN,BCOR_HUMAN,TIF1A_HUMAN	CD34+ bone marrow cell-derived erythroid progenitors,K562 (myelogenous leukemia)	0.0	3.753410310187464		2.793
chr10	12055928	C	T	NFIC_HUMAN,GATA1_HUMAN,TAL1_HUMAN,KDM1A_HUMAN,SMCE1_HUMAN,NR2C1_HUMAN,NCOR1_HUMAN,SMCA4_HUMAN,HTF4_HUMAN,COT1_HUMAN,MTA2_HUMAN,REQU_HUMAN,MTG16_HUMAN,MTG8R_HUMAN,NCOA1_HUMAN,SOX6_HUMAN,ARI1B_HUMAN,TIF1A_HUMAN	K562 (myelogenous leukemia)	1.6944907635760627	0.0	1.686	
chr10	44913491	C	T	NFIC_HUMAN,KDM1A_HUMAN,MNT_HUMAN,ZNF24_HUMAN,PKNX1_HUMAN,MYB_HUMAN,NCOR1_HUMAN,RFX1_HUMAN,GMEB1_HUMAN,E2F1_HUMAN,SMCA4_HUMAN,IKZF1_HUMAN,ARNT_HUMAN,REQU_HUMAN,LEF1_HUMAN,ZN639_HUMAN,GABP1_HUMAN,NRF1_HUMAN,E4F1_HUMAN,MEIS2_HUMAN,NCOA1_HUMAN,ARI1B_HUMAN,HDAC1_HUMAN	Jurkat (T-cells),K562 (myelogenous leukemia),R3/R4 erythroid cells	2.7890699909372696	0.0	0.57	
chr10	61830991	A	G	NFIC_HUMAN,TAL1_HUMAN,FOXA1_HUMAN,NFE2_HUMAN,KDM1A_HUMAN,NCOR1_HUMAN,HTF4_HUMAN,FOXK2_HUMAN,COT1_HUMAN,MTA2_HUMAN,REQU_HUMAN,NCOA1_HUMAN,ARI1B_HUMAN,HDAC1_HUMAN,TIF1A_HUMAN,TEAD4_HUMAN	K562 (myelogenous leukemia)	1.9423527182414393	0.0	0.629	-1.204
chr11	5132031	A	G	TAL1_HUMAN,CEBPB_HUMAN,ZNF24_HUMAN,MGAP_HUMAN,GMEB1_HUMAN,SMCA4_HUMAN,ATF4_HUMAN,NCOA1_HUMAN,HDAC1_HUMAN	K562 (myelogenous leukemia)	0.0	2.282191515345619	-0.127	1.087
chr11	18526681	T	G	NFIC_HUMAN,GABPA_HUMAN,EGR1_HUMAN,ATF1_HUMAN,MNT_HUMAN,ELF1_HUMAN,NCOR1_HUMAN,RFX1_HUMAN,NCOA6_HUMAN,EMSY_HUMAN,IKZF1_HUMAN,FOXK2_HUMAN,GABP1_HUMAN,PRD10_HUMAN,ERR1_HUMAN,RB_HUMAN,E4F1_HUMAN,ETV1_HUMAN,MEIS2_HUMAN,NCOA1_HUMAN,ZN282_HUMAN,HDAC1_HUMAN	K562 (myelogenous leukemia)	0.0	2.7051583805665045		1.751
chr11	44781052	C	A	NFIC_HUMAN,GATA1_HUMAN,TAL1_HUMAN,MNT_HUMAN,ZNF24_HUMAN,CTBP1_HUMAN,NCOR1_HUMAN,ATF3_HUMAN,SMCA4_HUMAN,HTF4_HUMAN,MTA2_HUMAN,RAD51_HUMAN,REQU_HUMAN,ATF4_HUMAN,NRF1_HUMAN,ZFP91_HUMAN,NCOA1_HUMAN,ARI1B_HUMAN,ZN316_HUMAN,HDAC1_HUMAN,TIF1A_HUMAN	CD34+ hematopoietic stem cells-derived proerythroblasts,CD34+ bone marrow cell-derived erythroid progenitors,K562 (myelogenous leukemia)	4.4846877960621985	0.0	1.739	
chr11	65169339	C	T	T2FA_HUMAN,NFIC_HUMAN,TAL1_HUMAN,KDM1A_HUMAN,MNT_HUMAN,NCOR1_HUMAN,ZN592_HUMAN,ATF3_HUMAN,TAF9B_HUMAN,HDAC3_HUMAN,SMCA4_HUMAN,HTF4_HUMAN,MTA2_HUMAN,REQU_HUMAN,MTG16_HUMAN,DACH1_HUMAN,MTG8R_HUMAN,MEIS2_HUMAN,NCOA1_HUMAN,ARI1B_HUMAN,HDAC1_HUMAN,TIF1A_HUMAN	K562 (myelogenous leukemia)	0.0	1.9231921305664461	-1.656	1.71
chr11	74086475	C	T	MNT_HUMAN,ZNF24_HUMAN,FOXK2_HUMAN,NCOA1_HUMAN	K562 (myelogenous leukemia)	0.004735766356498822	1.4079777750274896	0.040999999999999995	1.0979999999999999
chr11	86158902	G	C	DDX20_HUMAN,HDAC2_HUMAN,KDM1A_HUMAN,SMCA5_HUMAN,MNT_HUMAN,NCOR1_HUMAN,SMCA4_HUMAN,FOXK2_HUMAN,ARNT_HUMAN,REQU_HUMAN,NCOA1_HUMAN,HDAC1_HUMAN,BCOR_HUMAN	K562 (myelogenous leukemia)	6.040528724995489	0.0	2.238	
chr11	118102861	G	A	EGR1_HUMAN,HDAC2_HUMAN,KDM1A_HUMAN,ZNF24_HUMAN,NR2C1_HUMAN,NCOR1_HUMAN,THA_HUMAN,NCOA2_HUMAN,SMCA4_HUMAN,HTF4_HUMAN,COT1_HUMAN,REQU_HUMAN,MTG16_HUMAN,NCOA1_HUMAN,ARI1B_HUMAN	K562 (myelogenous leukemia)	0.0	6.462098464104872		2.0269999999999997
chr11	118102879	G	T	TAL1_HUMAN,EGR1_HUMAN,KDM1A_HUMAN,NR2C1_HUMAN,NCOR1_HUMAN,NCOA2_HUMAN,HTF4_HUMAN,IKZF1_HUMAN,COT1_HUMAN,ARNT_HUMAN,REQU_HUMAN,MTG16_HUMAN,NCOA1_HUMAN,ARI1B_HUMAN,ZBTB2_HUMAN	K562 (myelogenous leukemia)	0.07023382910740654	1.7261619498663652	0.26	0.991
chr11	118102958	G	A	TAL1_HUMAN,EGR1_HUMAN,NR2C1_HUMAN,NCOR1_HUMAN,IKZF1_HUMAN,COT1_HUMAN,ARNT_HUMAN,REQU_HUMAN,NRF1_HUMAN,MTG16_HUMAN,NCOA1_HUMAN,ZBTB2_HUMAN	K562 (myelogenous leukemia)	0.022489116848949168	1.6701751401443095	-0.222	1.036
chr11	124207653	G	A	TAL1_HUMAN,CTBP1_HUMAN,HTF4_HUMAN,MTG16_HUMAN,MTG8R_HUMAN,NCOA1_HUMAN	K562 (myelogenous leukemia)	2.290716472534948	0.0	0.7879999999999999	-0.63
chr12	28136208	T	G	NFIC_HUMAN,GATA1_HUMAN,TAL1_HUMAN,KDM1A_HUMAN,SMCE1_HUMAN,NCOR1_HUMAN,RFX1_HUMAN,SMCA4_HUMAN,HTF4_HUMAN,IKZF1_HUMAN,REQU_HUMAN,EHMT2_HUMAN,RING2_HUMAN,MTG16_HUMAN,NCOA1_HUMAN,ARI1B_HUMAN,C2D1A_HUMAN,HDAC1_HUMAN	CD34+ bone marrow cell-derived erythroid progenitors,K562 (myelogenous leukemia)	1.5422015681025374	0.0	0.551	
chr12	28136270	G	A	TAL1_HUMAN,FOXA1_HUMAN,KDM1A_HUMAN,SMCE1_HUMAN,NCOR1_HUMAN,SMCA4_HUMAN,HTF4_HUMAN,IKZF1_HUMAN,FOXK2_HUMAN,REQU_HUMAN,EHMT2_HUMAN,PRD10_HUMAN,MTG16_HUMAN,NCOA1_HUMAN,ARI1B_HUMAN,ZN316_HUMAN,C2D1A_HUMAN,HDAC1_HUMAN	K562 (myelogenous leukemia)	9.181514057438505	0.0	0.862	-0.34600000000000003
chr12	51047897	G	T	CLOCK_HUMAN,BHE40_HUMAN,MXI1_HUMAN,NCOA1_HUMAN,SNAI2_HUMAN	keratinocytes,GM12878 (female B-cells),H1 (embryonic stem cells),K562 (myelogenous leukemia),erythroid cells,neutrophils,neural cell	1.3562304537357752	0.0	1.328	-1.227
chr12	51047968	C	T	PKNX1_HUMAN,CTBP1_HUMAN,ERR1_HUMAN,MEIS2_HUMAN,NCOA1_HUMAN	T47D (invasive ductal carcinoma),CD34+ stem cells-derived erythroblasts,Ishikawa (endometrial adenocarcinoma),K562 (myelogenous leukemia),erythroid cells,neural cell	0.03766548647742853	1.4080877062429462	-0.131	1.3419999999999999
chr12	57111705	C	A	IKZF1_HUMAN,ETV1_HUMAN,NCOA1_HUMAN	K562 (myelogenous leukemia)	0.0	1.4983861683454218	-1.4	1.328
chr12	62910667	C	T	EP300_HUMAN,TAL1_HUMAN,NFE2_HUMAN,MAFG_HUMAN,KDM1A_HUMAN,SMCE1_HUMAN,PKNX1_HUMAN,CTBP1_HUMAN,NR2C1_HUMAN,NCOR1_HUMAN,NCOA2_HUMAN,ILF3_HUMAN,TAF9B_HUMAN,SMCA4_HUMAN,PBX2_HUMAN,HTF4_HUMAN,MTA2_HUMAN,ARNT_HUMAN,REQU_HUMAN,LMBL2_HUMAN,ZN639_HUMAN,MITF_HUMAN,MTG8R_HUMAN,E4F1_HUMAN,MTA3_HUMAN,MEIS2_HUMAN,NCOA1_HUMAN,ARI1B_HUMAN,C2D1A_HUMAN,HDAC1_HUMAN,BCOR_HUMAN,TIF1A_HUMAN,TEAD4_HUMAN	CD34+ hematopoietic stem cells-derived proerythroblasts,K562 (myelogenous leukemia)	0.0	2.4576593805133164		1.689
chr12	62910804	A	G	GATA2_HUMAN,GATA1_HUMAN,TAL1_HUMAN,KDM1A_HUMAN,SMCE1_HUMAN,CTBP1_HUMAN,NR2C1_HUMAN,NCOR1_HUMAN,NCOA2_HUMAN,ATF3_HUMAN,SMCA4_HUMAN,PBX2_HUMAN,MTA2_HUMAN,NFAC3_HUMAN,ARNT_HUMAN,REQU_HUMAN,MITF_HUMAN,E4F1_HUMAN,ENL_HUMAN,MTA3_HUMAN,MEIS2_HUMAN,NCOA1_HUMAN,ARI1B_HUMAN,ZN184_HUMAN,ZN282_HUMAN,PHB2_HUMAN,TIF1A_HUMAN	VCaP (prostate carcinoma),CD34+ hematopoietic stem cells-derived proerythroblasts,K562 (myelogenous leukemia)	0.0	2.397286430131183	-0.153	1.6369999999999998
chr12	62910849	C	G	EP300_HUMAN,GATA1_HUMAN,FOXA1_HUMAN,KDM1A_HUMAN,SMCE1_HUMAN,PKNX1_HUMAN,CTBP1_HUMAN,ATF3_HUMAN,PBX2_HUMAN,MTA2_HUMAN,ARNT_HUMAN,LMBL2_HUMAN,MITF_HUMAN,ATF7_HUMAN,E4F1_HUMAN,NCOA1_HUMAN,ARI1B_HUMAN,HDAC1_HUMAN,TIF1A_HUMAN,TEAD4_HUMAN	VCaP (prostate carcinoma),CD34+ hematopoietic stem cells-derived proerythroblasts,K562 (myelogenous leukemia)	0.0	1.9259897912706883	-1.442	1.475
chr12	75938378	C	T	NFIC_HUMAN,HDAC2_HUMAN,KDM1A_HUMAN,SMCE1_HUMAN,MNT_HUMAN,ZNF24_HUMAN,PKNX1_HUMAN,MYBB_HUMAN,RFX1_HUMAN,MGAP_HUMAN,GMEB1_HUMAN,ATF3_HUMAN,CHAP1_HUMAN,SMCA4_HUMAN,PBX2_HUMAN,FOXK2_HUMAN,RING2_HUMAN,MEIS2_HUMAN,NCOA1_HUMAN,SOX6_HUMAN,ZN316_HUMAN,HDAC1_HUMAN,TIF1A_HUMAN	K562 (myelogenous leukemia)	4.71395649761383	0.0	2.0980000000000003	
chr12	106984946	A	T	MNT_HUMAN,ZNF24_HUMAN,NR2C1_HUMAN,SMCA4_HUMAN,FOXK2_HUMAN,ARNT_HUMAN,ERR1_HUMAN,NCOA1_HUMAN	K562 (myelogenous leukemia)	0.0	2.418787440682174	-1.531	1.386
chr12	116737570	G	A	ELF4_HUMAN,HTF4_HUMAN,NCOA1_HUMAN	K562 (myelogenous leukemia)	0.0	1.3932765013427608		1.401
chr12	120229296	G	T	NFIC_HUMAN,TAL1_HUMAN,VEZF1_HUMAN,HDAC2_HUMAN,KDM1A_HUMAN,SMCE1_HUMAN,NCOR1_HUMAN,HDAC3_HUMAN,HTF4_HUMAN,ARNT_HUMAN,REQU_HUMAN,ZEB2_HUMAN,MTG16_HUMAN,MTG8R_HUMAN,E4F1_HUMAN,NCOA1_HUMAN,ARI1B_HUMAN,HDAC1_HUMAN	HEK293 (embryonic kidney),K562 (myelogenous leukemia)	4.150228346060877	0.0	0.285	
chr12	120291702	G	A	RFOX2_HUMAN,TAF7_HUMAN,TAL1_HUMAN,SMAD1_HUMAN,CLOCK_HUMAN,ATF3_HUMAN,ZMIZ1_HUMAN,NCOA1_HUMAN,KDM5B_HUMAN	MCF7 (Invasive ductal breast carcinoma),HepG2 (hepatoblastoma),monocyte-derived macrophages,K562 (myelogenous leukemia)	3.224881653502456	0.0	1.5419999999999998	-1.062
chr12	120291915	G	A	FOXA1_HUMAN,KAISO_HUMAN,ATF1_HUMAN,FOSL1_HUMAN,CREB1_HUMAN,MNT_HUMAN,CLOCK_HUMAN,ZBT8A_HUMAN,FOXK2_HUMAN,RING2_HUMAN,NRF1_HUMAN,FOS_HUMAN,NCOA1_HUMAN,CEBPD_HUMAN,PML_HUMAN	HEK293T (embryonic kidney),LNCaP (prostate carcinoma),T47D (invasive ductal carcinoma),MCF7 (Invasive ductal breast carcinoma),GM12878 (female B-cells),HEK293 (embryonic kidney),HepG2 (hepatoblastoma),K562 (myelogenous leukemia)	1.4718347578462416	0.0	0.441	-0.08199999999999999
chr12	122085762	T	G	NFIC_HUMAN,KDM1A_HUMAN,HTF4_HUMAN,NCOA1_HUMAN,HDAC1_HUMAN,TIF1A_HUMAN	K562 (myelogenous leukemia)	5.167138638141866	0.0	2.142	
chr15	65304800	G	A	SIN3A_HUMAN,SRF_HUMAN,NCOA1_HUMAN,HDAC1_HUMAN,SPI1_HUMAN	T47D (invasive ductal carcinoma),MCF7 (Invasive ductal breast carcinoma),HepG2 (hepatoblastoma),monocyte-derived macrophages,K562 (myelogenous leukemia),PFSK1 (primitive neuroectodermal tumor)	1.3649889488651752	0.03168452336372884	0.8420000000000001	0.035
chr15	101446425	G	T	CEBPB_HUMAN,EGR1_HUMAN,MNT_HUMAN,NCOR1_HUMAN,ZN592_HUMAN,MGAP_HUMAN,SMCA4_HUMAN,MEF2D_HUMAN,PBX2_HUMAN,IKZF1_HUMAN,FOXK2_HUMAN,MTA2_HUMAN,NFAC3_HUMAN,ARNT_HUMAN,REQU_HUMAN,ATF4_HUMAN,MITF_HUMAN,MEIS2_HUMAN,NCOA1_HUMAN,ZN316_HUMAN,HDAC1_HUMAN	HEK293 (embryonic kidney),K562 (myelogenous leukemia)	0.0	1.3174942481126133	-0.237	1.22
chr15	101451568	T	C	CEBPB_HUMAN,EGR1_HUMAN,ATF3_HUMAN,SMCA4_HUMAN,ATF4_HUMAN,NRF1_HUMAN,MTG16_HUMAN,DACH1_HUMAN,NCOA1_HUMAN,ZN184_HUMAN,PHB2_HUMAN,HDAC1_HUMAN	K562 (myelogenous leukemia)	0.0	1.3253790041489353	-0.777	0.927
chr16	46390834	G	A	PTTG1_HUMAN,DDX20_HUMAN,ESR1_HUMAN,CEBPB_HUMAN,CTCF_HUMAN,GCR_HUMAN,ZFX_HUMAN,PRDM1_HUMAN,ZN148_HUMAN,JUND_HUMAN,REST_HUMAN,SUZ12_HUMAN,SMCA5_HUMAN,SMCE1_HUMAN,MNT_HUMAN,ZNF24_HUMAN,NFXL1_HUMAN,ZN574_HUMAN,CLOCK_HUMAN,NBN_HUMAN,NFRKB_HUMAN,NCOA2_HUMAN,E2F1_HUMAN,SIN3B_HUMAN,IKZF1_HUMAN,NFAC3_HUMAN,ARNT_HUMAN,SKIL_HUMAN,BCLF1_HUMAN,FOXM1_HUMAN,HDGF_HUMAN,ZBT11_HUMAN,ZN792_HUMAN,FOXP1_HUMAN,RING2_HUMAN,MITF_HUMAN,ZN416_HUMAN,PRDM4_HUMAN,ZBT49_HUMAN,SP7_HUMAN,OVOL3_HUMAN,ZN202_HUMAN,ZN239_HUMAN,ZN664_HUMAN,GLI4_HUMAN,RBAK_HUMAN,GFI1B_HUMAN,ZN169_HUMAN,ZEB2_HUMAN,ZN331_HUMAN,ZN555_HUMAN,ERR1_HUMAN,E2F8_HUMAN,NCOA3_HUMAN,TF65_HUMAN,ZBT7B_HUMAN,NCOA1_HUMAN,ZN316_HUMAN,ZN407_HUMAN,MCM2_HUMAN,C2D1A_HUMAN,BCOR_HUMAN,MCM5_HUMAN,ZSC26_HUMAN,PRDM2_HUMAN,STA5A_HUMAN,DUX4_HUMAN,KDM5C_HUMAN	22RV1 (prostate carcinoma),HEK293T (embryonic kidney),MCF7 (Invasive ductal breast carcinoma),LNCaP C4-2B (prostate carcinoma),Caki-1 (renal carcinoma),coronary artery smooth muscle,GM12878 (female B-cells),HEK293 (embryonic kidney),HepG2 (hepatoblastoma),induced pluripotent stem cells,K562 (myelogenous leukemia),pancreas,HIV-1 latently-infected central memory T cells cultured from uninfected primary T cells,Peyer's patch,esophagus squamous epithelium,omental fat pad,epithelial cell of prostate,sigmoid colon,tibial nerve,RWPE2	2.1237763123205626	0.0	0.643	
chr16	58265666	C	T	MNT_HUMAN,ZNF24_HUMAN,ELF1_HUMAN,ELF4_HUMAN,EP400_HUMAN,FOXK2_HUMAN,REQU_HUMAN,LMBL2_HUMAN,ZEB2_HUMAN,E4F1_HUMAN,NCOA1_HUMAN,TIF1A_HUMAN,CEBPD_HUMAN	K562 (myelogenous leukemia)	1.6274190250287337	0.0	1.1159999999999999	-0.325
chr16	81625059	G	T	TAL1_HUMAN,HDAC2_HUMAN,ATF3_HUMAN,HDAC3_HUMAN,SMCA4_HUMAN,COT1_HUMAN,ARNT_HUMAN,GABP1_HUMAN,EHMT2_HUMAN,ZEB2_HUMAN,MEIS2_HUMAN,NCOA1_HUMAN,ZN316_HUMAN,HDAC1_HUMAN,TIF1A_HUMAN	HepG2 (hepatoblastoma),K562 (myelogenous leukemia)	0.0	4.6951961071027615	-1.7	1.555
chr16	84511520	C	G	PRD10_HUMAN,NCOA1_HUMAN	HEK293 (embryonic kidney),K562 (myelogenous leukemia),neutrophils,tibial artery	1.769085222769195	0.0	1.555	
chr16	88560961	A	G	SIN3A_HUMAN,VEZF1_HUMAN,NCOA1_HUMAN	A549 (lung carcinoma),HepG2 (hepatoblastoma),K562 (myelogenous leukemia)	0.2012769437256423	1.36287605111913	1.3430000000000002	1.297
chr16	88561166	G	A	NCOA1_HUMAN	K562 (myelogenous leukemia)	0.0	1.5676809313909703		1.8780000000000001
chr16	88774156	C	T	TAL1_HUMAN,HDAC2_HUMAN,MNT_HUMAN,NCOR1_HUMAN,RFX1_HUMAN,SMCA4_HUMAN,IKZF1_HUMAN,MTA2_HUMAN,ARNT_HUMAN,REQU_HUMAN,RING2_HUMAN,NRF1_HUMAN,ZEB2_HUMAN,MTG16_HUMAN,E4F1_HUMAN,ENL_HUMAN,NCOA1_HUMAN,ZN316_HUMAN,ZBTB2_HUMAN	K562 (myelogenous leukemia)	0.0	2.180848097889627	-2.094	1.324
chr17	32819329	G	C	GATA2_HUMAN,TAL1_HUMAN,CEBPB_HUMAN,NFE2_HUMAN,HDAC2_HUMAN,KDM1A_HUMAN,MNT_HUMAN,ZNF24_HUMAN,NCOR1_HUMAN,HDAC3_HUMAN,EMSY_HUMAN,EP400_HUMAN,SMCA4_HUMAN,HTF4_HUMAN,IKZF1_HUMAN,FOXK2_HUMAN,MTA2_HUMAN,ARNT_HUMAN,REQU_HUMAN,FOXM1_HUMAN,ZEB2_HUMAN,ATF7_HUMAN,NCOA1_HUMAN,ARI1B_HUMAN,ZN316_HUMAN,C2D1A_HUMAN,HDAC1_HUMAN,TIF1A_HUMAN	K562 (myelogenous leukemia)	1.3027294418264912	0.0	1.185	-1.084
chr17	32819372	C	T	TAL1_HUMAN,NFE2_HUMAN,HDAC2_HUMAN,KDM1A_HUMAN,MNT_HUMAN,ZNF24_HUMAN,NCOR1_HUMAN,SMCA4_HUMAN,HTF4_HUMAN,IKZF1_HUMAN,FOXK2_HUMAN,ARNT_HUMAN,REQU_HUMAN,GABP1_HUMAN,ATF7_HUMAN,NCOA1_HUMAN,ARI1B_HUMAN,ZN316_HUMAN,C2D1A_HUMAN,HDAC1_HUMAN,TIF1A_HUMAN	GM12878 (female B-cells),K562 (myelogenous leukemia)	5.5993170846120375	0.0	1.618	-0.904
chr17	32819385	A	G	TAL1_HUMAN,HDAC2_HUMAN,KDM1A_HUMAN,NCOR1_HUMAN,SMCA4_HUMAN,HTF4_HUMAN,IKZF1_HUMAN,ARNT_HUMAN,REQU_HUMAN,GABP1_HUMAN,ZEB2_HUMAN,ATF7_HUMAN,NCOA1_HUMAN,ARI1B_HUMAN,ZN316_HUMAN,C2D1A_HUMAN,HDAC1_HUMAN,TIF1A_HUMAN	K562 (myelogenous leukemia)	3.819584836468529	0.0	1.474	-0.623
chr17	38752259	C	G	NCOA1_HUMAN,HDAC1_HUMAN	K562 (myelogenous leukemia)	0.061336662589244945	1.4214036103257066	-0.226	1.204
chr17	50208902	G	C	NFIC_HUMAN,GATA1_HUMAN,TAL1_HUMAN,EGR1_HUMAN,REST_HUMAN,HDAC2_HUMAN,MNT_HUMAN,ZNF24_HUMAN,PKNX1_HUMAN,NCOR1_HUMAN,SMCA4_HUMAN,PBX2_HUMAN,HTF4_HUMAN,ARNT_HUMAN,REQU_HUMAN,ZN639_HUMAN,PRD10_HUMAN,ZEB2_HUMAN,ENL_HUMAN,MEIS2_HUMAN,NCOA1_HUMAN,SOX6_HUMAN,ARI1B_HUMAN,ZN316_HUMAN,ZBTB5_HUMAN,ZN184_HUMAN,TIF1A_HUMAN	CD34+ hematopoietic stem cells-derived proerythroblasts,K562 (myelogenous leukemia)	0.0	1.5354860140409574		0.344
chr17	59619412	G	A	RFOX2_HUMAN,ZNF24_HUMAN,NFRKB_HUMAN,ARNT_HUMAN,NCOA1_HUMAN	HEK293T (embryonic kidney),HepG2 (hepatoblastoma),K562 (myelogenous leukemia)	0.2509101929071597	1.3672852555615578	-0.131	1.496
chr17	63774012	G	T	EGR1_HUMAN,GMEB1_HUMAN,TAF9B_HUMAN,NRF1_HUMAN,NCOA1_HUMAN,ZN407_HUMAN	K562 (myelogenous leukemia)	0.0	1.5027550239012066	-0.105	1.238
chr17	75667233	C	A	RFOX2_HUMAN,GATA1_HUMAN,GABPA_HUMAN,CREB1_HUMAN,NR2C1_HUMAN,ATF3_HUMAN,EMSY_HUMAN,USF2_HUMAN,SRF_HUMAN,CREM_HUMAN,NCOA1_HUMAN	A549 (lung carcinoma),VCaP (prostate carcinoma),MCF7 (Invasive ductal breast carcinoma),CD34+ hematopoietic stem cells-derived proerythroblasts,GM12878 (female B-cells),H1 (embryonic stem cells),K562 (myelogenous leukemia),SK-N-SH (neuroblastoma),liver	1.5346947499561057	0.038212518134379855	1.3419999999999999	-0.358
chr17	75667292	A	T	CTCF_HUMAN,TYY1_HUMAN,GABPA_HUMAN,ELF1_HUMAN,NR2C1_HUMAN,EMSY_HUMAN,FOXK2_HUMAN,NCOA1_HUMAN,COE1_HUMAN	GM12878 (female B-cells),HCT-116 (colon carcinoma),K562 (myelogenous leukemia),SK-N-SH (neuroblastoma)	1.4923427623063337	0.21041750936036996	0.498	0.33299999999999996
chr17	76446568	G	A	SMCA4_HUMAN,COT1_HUMAN,EHMT2_HUMAN,PRD10_HUMAN,NCOA1_HUMAN,ZN316_HUMAN	K562 (myelogenous leukemia)	0.0	1.4843786237956054	-1.197	1.215
chr17	80689550	G	T	NFIC_HUMAN,TAL1_HUMAN,HDAC2_HUMAN,KDM1A_HUMAN,NCOR1_HUMAN,FOXK2_HUMAN,REQU_HUMAN,NRF1_HUMAN,ZEB2_HUMAN,MTG16_HUMAN,NCOA1_HUMAN,ARI1B_HUMAN,HDAC1_HUMAN	K562 (myelogenous leukemia)	2.9146625029204647	0.0	1.7690000000000001	
chr18	618124	T	C	DDX20_HUMAN,ZBT40_HUMAN,NONO_HUMAN,KAISO_HUMAN,NR4A1_HUMAN,P66B_HUMAN,MNT_HUMAN,ZN592_HUMAN,MYBB_HUMAN,RFX1_HUMAN,MGAP_HUMAN,NCOA2_HUMAN,ATF3_HUMAN,ILF3_HUMAN,TAF9B_HUMAN,CHAP1_HUMAN,EP400_HUMAN,ZN318_HUMAN,SMCA4_HUMAN,ZSC29_HUMAN,FOXK2_HUMAN,MTA2_HUMAN,NFAC3_HUMAN,RAD51_HUMAN,LMBL2_HUMAN,ZN639_HUMAN,EHMT2_HUMAN,RING2_HUMAN,ZEB2_HUMAN,ERR1_HUMAN,ZFP91_HUMAN,DACH1_HUMAN,PF21A_HUMAN,ATF7_HUMAN,MTA1_HUMAN,MTA3_HUMAN,NCOA1_HUMAN,CR3L1_HUMAN,ZBTB2_HUMAN,ZN184_HUMAN,BRD9_HUMAN,HDAC1_HUMAN,ASH1L_HUMAN,TR150_HUMAN	K562 (myelogenous leukemia)	4.035174698155797	0.0	1.639	
chr18	13726683	G	C	ESR1_HUMAN,CTCF_HUMAN,GABPA_HUMAN,MNT_HUMAN,ELF1_HUMAN,NR2C1_HUMAN,ATF3_HUMAN,E2F1_HUMAN,TAF9B_HUMAN,EMSY_HUMAN,ATF2_HUMAN,FOXK2_HUMAN,Z354B_HUMAN,GABP1_HUMAN,STAT1_HUMAN,ERR1_HUMAN,MTG8R_HUMAN,MTA1_HUMAN,NCOA1_HUMAN,ZN407_HUMAN	CD14+ monocytes,K562 (myelogenous leukemia),breast tumor tissue,foreskin keratinocyte	1.556002812594223	0.0	1.3459999999999999	-2.68
chr18	35136478	G	A	EP300_HUMAN,TAL1_HUMAN,ILF3_HUMAN,MEF2D_HUMAN,MTA2_HUMAN,NCOA1_HUMAN,ARI1B_HUMAN,HDAC1_HUMAN,TIF1A_HUMAN	K562 (myelogenous leukemia)	0.0	1.7343848502167996		1.329
chr19	1490704	G	A	NCOA1_HUMAN,PBX3_HUMAN	GM12878 (female B-cells),K562 (myelogenous leukemia),SK-N-SH (neuroblastoma)	0.03037171722803836	1.4316213452227744	-0.37	1.32
chr19	4328377	C	A	GATA1_HUMAN,SP1_HUMAN,MNT_HUMAN,HTF4_HUMAN,E2F8_HUMAN,NCOA1_HUMAN	CD34+ hematopoietic stem cells-derived proerythroblasts,K562 (myelogenous leukemia)	0.0	2.5068197977819784	-1.124	1.167
chr19	4556149	G	A	EGR1_HUMAN,SP1_HUMAN,ATF1_HUMAN,HDAC2_HUMAN,KDM1A_HUMAN,MNT_HUMAN,PKNX1_HUMAN,CTBP1_HUMAN,IKZF1_HUMAN,RING2_HUMAN,NRF1_HUMAN,PRD10_HUMAN,MEIS2_HUMAN,NCOA1_HUMAN,ARI1B_HUMAN,HDAC1_HUMAN	K562 (myelogenous leukemia)	8.611431064293377	0.0	1.462	
chr19	9075711	G	A	TAL1_HUMAN,NCOA1_HUMAN	K562 (myelogenous leukemia)	0.0	1.554358643929523	0.192	0.937
chr19	15828729	A	G	ESR1_HUMAN,NCOR1_HUMAN,IKZF1_HUMAN,NCOA1_HUMAN	MCF7 (Invasive ductal breast carcinoma),K562 (myelogenous leukemia)	0.0	11.803300641891525	0.017	1.3530000000000002
chr19	15828882	C	T	NFIC_HUMAN,CEBPB_HUMAN,CUX1_HUMAN,MNT_HUMAN,NCOR1_HUMAN,E2F1_HUMAN,SMCA4_HUMAN,IKZF1_HUMAN,MTA2_HUMAN,REQU_HUMAN,MTG16_HUMAN,E4F1_HUMAN,NCOA1_HUMAN,STAT3_HUMAN	MCF7 (Invasive ductal breast carcinoma),HCC70 (ductal breast carcinoma),K562 (myelogenous leukemia)	1.9231374426554835	0.0	1.599	
chr19	16316060	C	T	TAL1_HUMAN,CEBPB_HUMAN,KDM1A_HUMAN,NR2C1_HUMAN,ATF3_HUMAN,ZN318_HUMAN,PBX2_HUMAN,COT1_HUMAN,MTA2_HUMAN,ATF4_HUMAN,ERR1_HUMAN,MTG16_HUMAN,ENL_HUMAN,MEIS2_HUMAN,NCOA1_HUMAN,SOX6_HUMAN,TIF1A_HUMAN	K562 (myelogenous leukemia),macrophages	1.4130276989656267	0.3914850637814608	0.484	0.41
chr19	16316078	C	T	GATA1_HUMAN,TAL1_HUMAN,REST_HUMAN,KDM1A_HUMAN,ZNF24_HUMAN,PKNX1_HUMAN,NR2C1_HUMAN,ATF3_HUMAN,ZN318_HUMAN,PBX2_HUMAN,IKZF1_HUMAN,MTA2_HUMAN,MTG16_HUMAN,ATF7_HUMAN,ENL_HUMAN,MEIS2_HUMAN,NCOA1_HUMAN,TIF1A_HUMAN	CD34+ hematopoietic stem cells-derived proerythroblasts,HEK293 (embryonic kidney),K562 (myelogenous leukemia)	0.0	2.972690813781824	-0.7929999999999999	1.0290000000000001
chr19	19034384	G	A	EGR1_HUMAN,KDM1A_HUMAN,GMEB1_HUMAN,SMCA4_HUMAN,FOXK2_HUMAN,NCOA1_HUMAN	MCF7 (Invasive ductal breast carcinoma),K562 (myelogenous leukemia)	1.3289493127944607	0.17398213485068847	1.075	-0.168
chr19	40750226	G	T	TAF9B_HUMAN,NCOA1_HUMAN	MCF7 (Invasive ductal breast carcinoma),GM12878 (female B-cells),HEK293 (embryonic kidney),K562 (myelogenous leukemia),liver	1.331448417101948	0.0	1.604	-2.1790000000000003
chr19	41220262	A	C	NFIC_HUMAN,EGR1_HUMAN,KDM1A_HUMAN,SMCA4_HUMAN,HTF4_HUMAN,IKZF1_HUMAN,REQU_HUMAN,NCOA1_HUMAN,HDAC1_HUMAN,TIF1A_HUMAN	K562 (myelogenous leukemia)	7.820227644948984	0.0	2.205	
chr19	48962396	C	T	NCOA1_HUMAN	HEK293 (embryonic kidney),HepG2 (hepatoblastoma),K562 (myelogenous leukemia)	0.0	2.4079741918081146	-1.304	1.3230000000000002
chr19	49593602	G	C	NCOA1_HUMAN,HDAC1_HUMAN	K562 (myelogenous leukemia)	1.4749878177694171	0.0	1.109	-0.825
chr19	49817730	C	T	MNT_HUMAN,IKZF1_HUMAN,FOXK2_HUMAN,REQU_HUMAN,NCOA1_HUMAN	K562 (myelogenous leukemia)	1.5323536642532587	0.0	1.1909999999999998	-0.201
chr19	50269877	C	T	NFIC_HUMAN,GATA1_HUMAN,TAL1_HUMAN,EGR1_HUMAN,KDM1A_HUMAN,NCOR1_HUMAN,NCOA2_HUMAN,SMCA4_HUMAN,HTF4_HUMAN,MTA2_HUMAN,ARNT_HUMAN,REQU_HUMAN,FOXM1_HUMAN,MTG16_HUMAN,MTG8R_HUMAN,NCOA1_HUMAN,ARI1B_HUMAN,HDAC1_HUMAN,TIF1A_HUMAN	K562 (myelogenous leukemia)	2.848573214965827	0.0	0.518	
chr2	30290994	G	A	EP300_HUMAN,NFIC_HUMAN,GATA1_HUMAN,TAL1_HUMAN,NONO_HUMAN,COT2_HUMAN,ZNF24_HUMAN,NCOR1_HUMAN,NCOA2_HUMAN,ATF3_HUMAN,HTF4_HUMAN,IKZF1_HUMAN,FOXK2_HUMAN,REQU_HUMAN,FOXM1_HUMAN,MTG8R_HUMAN,ENL_HUMAN,SMRC2_HUMAN,MEIS2_HUMAN,NCOA1_HUMAN,ARI1B_HUMAN,ZN282_HUMAN,TIF1A_HUMAN,TEAD4_HUMAN	CD34+ hematopoietic stem cells-derived proerythroblasts,K562 (myelogenous leukemia)	0.0	1.3275703939568753	-1.228	1.281
chr2	44361802	G	A	EP300_HUMAN,HDAC2_HUMAN,ZNF24_HUMAN,NCOR1_HUMAN,FOXK2_HUMAN,NCOA1_HUMAN	HEK293T (embryonic kidney),GM12878 (female B-cells),K562 (myelogenous leukemia),SUM185PE (ductal breast carcinoma)	1.480429872862725	0.0	0.49700000000000005	0.252
chr2	73234355	C	A	T2FA_HUMAN,T2AG_HUMAN,ZFX_HUMAN,GABPA_HUMAN,CREB1_HUMAN,MNT_HUMAN,ZNF24_HUMAN,NR2C1_HUMAN,FOXK2_HUMAN,ZN639_HUMAN,ZBT11_HUMAN,GABP1_HUMAN,STAT1_HUMAN,NCOA1_HUMAN,SPT5H_HUMAN,BRD9_HUMAN,HDAC1_HUMAN,TIF1A_HUMAN,AFF1_HUMAN,KMT2A_HUMAN	CD14+ monocytes,GM12878 (female B-cells),HCT-116 (colon carcinoma),HepG2 (hepatoblastoma),K562 (myelogenous leukemia),fetal bone marrow-derived mononuclear cells	0.0	2.621556487092538		1.868
chr2	179787732	G	A	GATA2_HUMAN,GATA1_HUMAN,TAL1_HUMAN,HDAC2_HUMAN,KDM1A_HUMAN,P66B_HUMAN,SMCE1_HUMAN,NBN_HUMAN,NCOR1_HUMAN,MYBB_HUMAN,RFX1_HUMAN,CHAP1_HUMAN,SMCA4_HUMAN,HTF4_HUMAN,IKZF1_HUMAN,MTA2_HUMAN,NFAC3_HUMAN,ARNT_HUMAN,REQU_HUMAN,FOXM1_HUMAN,EHMT2_HUMAN,RING2_HUMAN,PRD10_HUMAN,MEIS2_HUMAN,NCOA1_HUMAN,C2D1A_HUMAN,HDAC1_HUMAN,TIF1A_HUMAN,TEAD4_HUMAN	K562 (myelogenous leukemia)	2.8309025129682315	0.0	1.577	-1.445
chr20	35192624	A	G	NFIC_HUMAN,TAL1_HUMAN,HDAC2_HUMAN,NCOR1_HUMAN,RFX1_HUMAN,HTF4_HUMAN,IKZF1_HUMAN,MTA2_HUMAN,MTG16_HUMAN,MTG8R_HUMAN,NCOA1_HUMAN,ARI1B_HUMAN,HDAC1_HUMAN,TIF1A_HUMAN,AFF1_HUMAN	K562 (myelogenous leukemia)	3.4475809040427707	0.0	0.314	
chr20	45935391	G	C	NFIC_HUMAN,TAL1_HUMAN,RUNX1_HUMAN,EGR1_HUMAN,HDAC2_HUMAN,KDM1A_HUMAN,MNT_HUMAN,ZNF24_HUMAN,NCOR1_HUMAN,RFX1_HUMAN,NCOA2_HUMAN,ATF3_HUMAN,HDAC3_HUMAN,SMCA4_HUMAN,HTF4_HUMAN,IKZF1_HUMAN,MTA2_HUMAN,MTG16_HUMAN,MTG8R_HUMAN,ENL_HUMAN,NCOA1_HUMAN,ARI1B_HUMAN,HDAC1_HUMAN,BCOR_HUMAN,TIF1A_HUMAN,TEAD4_HUMAN	GM12878 (female B-cells),K562 (myelogenous leukemia),tibial nerve	5.349287247759414	0.0	1.915	
chr20	50292743	C	T	ESR1_HUMAN,GCR_HUMAN,CREB1_HUMAN,ZN639_HUMAN,STAT1_HUMAN,CREM_HUMAN,NCOA1_HUMAN,ZN316_HUMAN	MCF7 (Invasive ductal breast carcinoma),CD14+ monocytes,K562 (myelogenous leukemia),breast tumor tissue	1.5956700628924785	0.0	1.244	-0.688
chr20	56412160	G	C	MNT_HUMAN,ZNF24_HUMAN,ATF3_HUMAN,SMCA4_HUMAN,ARNT_HUMAN,ZEB2_HUMAN,ENL_HUMAN,NCOA1_HUMAN,HDAC1_HUMAN,SPI1_HUMAN	CD14+ monocytes,monocyte-derived macrophages,K562 (myelogenous leukemia)	0.0	1.4469924159185805	-0.6679999999999999	1.18
chr20	60589896	A	G	REST_HUMAN,EHMT2_HUMAN,NCOA1_HUMAN	MCF7 (Invasive ductal breast carcinoma),K562 (myelogenous leukemia)	6.491447680646776	0.29045634462865577	0.7440000000000001	1.128
chr20	63658235	C	A	VEZF1_HUMAN,EGR1_HUMAN,MNT_HUMAN,ARNT_HUMAN,ZBT11_HUMAN,GABP1_HUMAN,NCOA1_HUMAN,HDAC1_HUMAN,AFF1_HUMAN	K562 (myelogenous leukemia)	0.0	1.5332832669080811	-1.297	1.5390000000000001
chr21	35106432	G	A	GATA2_HUMAN,TAL1_HUMAN,FOXA1_HUMAN,NCOR1_HUMAN,RFX1_HUMAN,HTF4_HUMAN,MTA2_HUMAN,REQU_HUMAN,GABP1_HUMAN,MITF_HUMAN,MEIS2_HUMAN,NCOA1_HUMAN,SOX6_HUMAN,ARI1B_HUMAN,ZN184_HUMAN,TIF1A_HUMAN	K562 (myelogenous leukemia)	0.0	1.318173532386687	-1.0390000000000001	1.204
chr21	35548136	A	G	EP300_HUMAN,NFIC_HUMAN,TAL1_HUMAN,REST_HUMAN,KDM1A_HUMAN,SMCE1_HUMAN,NR2C1_HUMAN,NCOR1_HUMAN,ATF3_HUMAN,SMCA4_HUMAN,HTF4_HUMAN,IKZF1_HUMAN,COT1_HUMAN,MTA2_HUMAN,REQU_HUMAN,LMBL2_HUMAN,NCOA1_HUMAN,ARI1B_HUMAN,TIF1A_HUMAN	K562 (myelogenous leukemia)	0.0	2.2408524808445476	-2.079	1.489
chr21	45555934	C	T	NFIC_HUMAN,CEBPB_HUMAN,CTCF_HUMAN,HDAC2_HUMAN,KDM1A_HUMAN,MNT_HUMAN,ELF1_HUMAN,PKNX1_HUMAN,CTBP1_HUMAN,NR2C1_HUMAN,NCOR1_HUMAN,GMEB1_HUMAN,HDAC3_HUMAN,EP400_HUMAN,SMCA4_HUMAN,ATF2_HUMAN,COT1_HUMAN,ZN639_HUMAN,GABP1_HUMAN,RING2_HUMAN,NRF1_HUMAN,MXI1_HUMAN,PRD10_HUMAN,ERR1_HUMAN,E4F1_HUMAN,MEIS2_HUMAN,NCOA1_HUMAN,SOX6_HUMAN,ZN316_HUMAN,ZBTB2_HUMAN,SPT5H_HUMAN,HDAC1_HUMAN	cranial neural crest cells,K562 (myelogenous leukemia),RWPE1 (prostate epithelial cells),bipolar neuron,ovary,stomach,tibial nerve,neural cell	2.807250261638725	0.0	1.608	-1.8519999999999999
chr22	16534904	T	A	CEBPB_HUMAN,EGR1_HUMAN,ZNF24_HUMAN,CEBPG_HUMAN,NCOR1_HUMAN,RFX1_HUMAN,ATF4_HUMAN,DACH1_HUMAN,NUFP1_HUMAN,NCOA1_HUMAN	K562 (myelogenous leukemia)	1.8634331573463139	0.0	1.577	0.46299999999999997
chr22	19479363	T	C	RUNX1_HUMAN,KLF1_HUMAN,KDM1A_HUMAN,ARNT_HUMAN,REQU_HUMAN,NRF1_HUMAN,ZN143_HUMAN,NCOA1_HUMAN,ZN316_HUMAN,ZN407_HUMAN	MCF7 (Invasive ductal breast carcinoma),HEK293 (embryonic kidney),K562 (myelogenous leukemia)	1.345996646878135	0.009283168232245417	1.1640000000000001	-0.304
chr4	1410671	C	A	ZBT7A_HUMAN,EGR1_HUMAN,REST_HUMAN,SMCA4_HUMAN,NCOA1_HUMAN,HDAC1_HUMAN	MCF7 (Invasive ductal breast carcinoma),K562 (myelogenous leukemia)	0.0	2.7182818671315765	0.408	1.261
chr4	40055669	C	T	SKI_HUMAN,VEZF1_HUMAN,HDAC2_HUMAN,KDM1A_HUMAN,MNT_HUMAN,NCOR1_HUMAN,RFX1_HUMAN,ATF3_HUMAN,SMCA4_HUMAN,IKZF1_HUMAN,COT1_HUMAN,ARNT_HUMAN,REQU_HUMAN,LMBL2_HUMAN,STAT1_HUMAN,MITF_HUMAN,MTG16_HUMAN,NCOA1_HUMAN,SOX6_HUMAN,ARI1B_HUMAN,ZBTB5_HUMAN,HDAC1_HUMAN,BCOR_HUMAN,AFF1_HUMAN	CD14+ monocytes,HL-60 (acute myeloid leukemia),K562 (myelogenous leukemia)	2.579142063912914	0.0	1.646	
chr4	40269292	C	G	TAL1_HUMAN,NR2C1_HUMAN,IKZF1_HUMAN,MTG16_HUMAN,NCOA1_HUMAN,HDAC1_HUMAN	CD34+ hematopoietic stem cells-derived proerythroblasts,K562 (myelogenous leukemia)	2.9182115781522038	0.12583862768945386	0.825	-0.016
chr4	48126833	T	G	TIF1B_HUMAN,NFIC_HUMAN,GATA1_HUMAN,TAL1_HUMAN,HDAC2_HUMAN,KDM1A_HUMAN,SMCE1_HUMAN,MNT_HUMAN,NCOR1_HUMAN,MGAP_HUMAN,CHAP1_HUMAN,SMCA4_HUMAN,HTF4_HUMAN,MTA2_HUMAN,ARNT_HUMAN,REQU_HUMAN,LMBL2_HUMAN,RING2_HUMAN,MTG16_HUMAN,MTG8R_HUMAN,MEIS2_HUMAN,NCOA1_HUMAN,SOX6_HUMAN,ARI1B_HUMAN,C2D1A_HUMAN,HDAC1_HUMAN,TIF1A_HUMAN	K562 (myelogenous leukemia)	1.784622773982084	0.0	1.755	
chr4	68864548	A	G	CEBPB_HUMAN,EGR1_HUMAN,HDAC2_HUMAN,KDM1A_HUMAN,NCOA2_HUMAN,HDAC3_HUMAN,CHAP1_HUMAN,SMCA4_HUMAN,COT1_HUMAN,NFAC3_HUMAN,ARNT_HUMAN,SKIL_HUMAN,REQU_HUMAN,RING2_HUMAN,MTG8R_HUMAN,ATF7_HUMAN,HES1_HUMAN,SMRC2_HUMAN,NCOA1_HUMAN,C2D1A_HUMAN,BCOR_HUMAN,TIF1A_HUMAN,AFF1_HUMAN	K562 (myelogenous leukemia)	0.0	9.1642615315165		2.397
chr4	68864659	G	A	HDAC2_HUMAN,KDM1A_HUMAN,NCOA2_HUMAN,ATF3_HUMAN,CHAP1_HUMAN,SMCA4_HUMAN,REQU_HUMAN,ATF4_HUMAN,RING2_HUMAN,ATF7_HUMAN,SMRC2_HUMAN,MTA1_HUMAN,MEIS2_HUMAN,NCOA1_HUMAN,ZN184_HUMAN,C2D1A_HUMAN,HDAC1_HUMAN,TIF1A_HUMAN,AFF1_HUMAN	K562 (myelogenous leukemia)	0.0	1.6688110225403334		1.676
chr4	71858001	C	T	PYGO2_HUMAN,DDX20_HUMAN,NFIC_HUMAN,GATA1_HUMAN,TAL1_HUMAN,GATA3_HUMAN,ZN148_HUMAN,EGR1_HUMAN,NFE2_HUMAN,HDAC2_HUMAN,KDM1A_HUMAN,SMCE1_HUMAN,MNT_HUMAN,ZNF24_HUMAN,NR2C1_HUMAN,NCOR1_HUMAN,NCOA2_HUMAN,HDAC3_HUMAN,CHAP1_HUMAN,SMCA4_HUMAN,HTF4_HUMAN,IKZF1_HUMAN,MTA2_HUMAN,NFAC3_HUMAN,ARNT_HUMAN,SKIL_HUMAN,REQU_HUMAN,LEF1_HUMAN,TEAD2_HUMAN,RING2_HUMAN,MITF_HUMAN,PRD10_HUMAN,ZFP91_HUMAN,MTG16_HUMAN,DACH1_HUMAN,ENL_HUMAN,MTA1_HUMAN,NCOA1_HUMAN,SOX6_HUMAN,ZN316_HUMAN,HDAC1_HUMAN,TIF1A_HUMAN,AFF1_HUMAN	H9 (embryonic stem cells),K562 (myelogenous leukemia)	0.0	1.365488125888085	-1.91	1.5019999999999998
chr4	153773631	G	A	TAL1_HUMAN,KDM1A_HUMAN,NCOR1_HUMAN,SMCA4_HUMAN,HTF4_HUMAN,RING2_HUMAN,NCOA1_HUMAN,HDAC1_HUMAN	K562 (myelogenous leukemia)	1.4187530282829568	0.0	1.173	-0.155
chr4	154456389	C	T	DDX20_HUMAN,GATA1_HUMAN,TAL1_HUMAN,REST_HUMAN,ATF1_HUMAN,HDAC2_HUMAN,KDM1A_HUMAN,SMCE1_HUMAN,MNT_HUMAN,ZNF24_HUMAN,NCOR1_HUMAN,ZN592_HUMAN,MYBB_HUMAN,RFX1_HUMAN,NCOA2_HUMAN,ATF3_HUMAN,ILF3_HUMAN,HDAC3_HUMAN,SMCA4_HUMAN,HTF4_HUMAN,IKZF1_HUMAN,FOXK2_HUMAN,MTA2_HUMAN,NFAC3_HUMAN,ARNT_HUMAN,SKIL_HUMAN,REQU_HUMAN,FOXM1_HUMAN,ZN639_HUMAN,P66A_HUMAN,GABP1_HUMAN,RING2_HUMAN,CREM_HUMAN,ZEB2_HUMAN,MTG16_HUMAN,ATF7_HUMAN,E2F8_HUMAN,E4F1_HUMAN,ENL_HUMAN,MTA1_HUMAN,MEIS2_HUMAN,NCOA1_HUMAN,SOX6_HUMAN,ZN316_HUMAN,ZBTB2_HUMAN,ZN184_HUMAN,PHB2_HUMAN,MCM7_HUMAN,C2D1A_HUMAN,HDAC1_HUMAN,TIF1A_HUMAN,AFF1_HUMAN,TEAD4_HUMAN	K562 (myelogenous leukemia)	0.0	2.341571331518466	-2.6860000000000004	1.733
chr4	159151283	A	G	TAL1_HUMAN,EGR1_HUMAN,NCOR1_HUMAN,ZEB2_HUMAN,MTG16_HUMAN,NCOA1_HUMAN,C2D1A_HUMAN	primary endothelial colony-forming cells,K562 (myelogenous leukemia)	0.0	4.821360199622244	1.054	1.776
chr5	1186006	G	A	NFIC_HUMAN,TAL1_HUMAN,BCL6_HUMAN,HDAC2_HUMAN,KDM1A_HUMAN,SMCE1_HUMAN,MNT_HUMAN,ZNF24_HUMAN,NCOR1_HUMAN,NCOA2_HUMAN,ATF3_HUMAN,TAF9B_HUMAN,HDAC3_HUMAN,SMCA4_HUMAN,HTF4_HUMAN,MTA2_HUMAN,ARNT_HUMAN,REQU_HUMAN,FOXM1_HUMAN,RXRB_HUMAN,RING2_HUMAN,MTG16_HUMAN,NCOA1_HUMAN,SOX6_HUMAN,ZBTB2_HUMAN,ZN184_HUMAN,PHB2_HUMAN,C2D1A_HUMAN,HDAC1_HUMAN,TIF1A_HUMAN,TEAD4_HUMAN	HepG2 (hepatoblastoma),K562 (myelogenous leukemia),liver	11.92616340004395	0.0	1.515	
chr5	34553694	T	G	NFIC_HUMAN,TAL1_HUMAN,EGR1_HUMAN,HDAC2_HUMAN,KDM1A_HUMAN,MNT_HUMAN,ZNF24_HUMAN,CTBP1_HUMAN,NCOR1_HUMAN,NCOA2_HUMAN,GMEB1_HUMAN,HDAC3_HUMAN,SMCA4_HUMAN,HTF4_HUMAN,MTA2_HUMAN,ARNT_HUMAN,REQU_HUMAN,P66A_HUMAN,RING2_HUMAN,ZEB2_HUMAN,MTG16_HUMAN,MTG8R_HUMAN,MEIS2_HUMAN,NCOA1_HUMAN,ZN316_HUMAN,C2D1A_HUMAN,HDAC1_HUMAN,TIF1A_HUMAN	K562 (myelogenous leukemia)	0.0	3.1973899943597397		0.8029999999999999
chr5	69093887	A	G	GABPA_HUMAN,ELF1_HUMAN,NCOR1_HUMAN,FOXK2_HUMAN,LMBL2_HUMAN,STAT1_HUMAN,NRF1_HUMAN,NCOA1_HUMAN,HDAC1_HUMAN	HEK293T (embryonic kidney),VCaP (prostate carcinoma),MCF7 (Invasive ductal breast carcinoma),CD14+ monocytes,GM12878 (female B-cells),HepG2 (hepatoblastoma),K562 (myelogenous leukemia),foreskin keratinocyte	1.318522287934557	0.10877743214879913	0.653	-0.09699999999999999
chr5	98954809	A	G	TAL1_HUMAN,KDM1A_HUMAN,ZNF24_HUMAN,NCOR1_HUMAN,ZEB2_HUMAN,MTG16_HUMAN,NCOA1_HUMAN,HDAC1_HUMAN,TIF1A_HUMAN	K562 (myelogenous leukemia)	2.265195918950632	0.0	0.8740000000000001	-0.359
chr5	112861252	A	C	NFIC_HUMAN,CTCF_HUMAN,ZBT40_HUMAN,GABPA_HUMAN,KDM5A_HUMAN,ELF1_HUMAN,NR2C1_HUMAN,CHD2_HUMAN,HTF4_HUMAN,FOXK2_HUMAN,ZBT11_HUMAN,GABP1_HUMAN,PHF20_HUMAN,ENL_HUMAN,MEIS2_HUMAN,NCOA1_HUMAN,TIF1A_HUMAN	GM12878 (female B-cells),HepG2 (hepatoblastoma),K562 (myelogenous leukemia),SK-N-SH (neuroblastoma)	5.412254536163851	0.0	2.166	
chr5	132972357	A	T	EGR1_HUMAN,SP1_HUMAN,ATF3_HUMAN,NCOA1_HUMAN,STAT3_HUMAN,STA5A_HUMAN	K562 (myelogenous leukemia),MCF10A (breast epithelial cells)	3.090158011005221	0.0	1.795	
chr5	140711225	A	G	JUN_HUMAN,ZBT40_HUMAN,EGR1_HUMAN,CREB1_HUMAN,ATF3_HUMAN,PBX2_HUMAN,HTF4_HUMAN,FOXK2_HUMAN,COT1_HUMAN,NF2L2_HUMAN,STAT1_HUMAN,CREM_HUMAN,MAFK_HUMAN,ATF7_HUMAN,NCOA1_HUMAN,TBP_HUMAN	A549 (lung carcinoma),CD14+ monocytes,HUVEC (umbilical vein endothelial cells),IMR90 (lung fibroblasts),K562 (myelogenous leukemia),liver,HAEC (human aortic endothelial cells)	4.091549319378378	0.0	1.265	-0.239
chr5	148682522	T	C	NFIC_HUMAN,TAL1_HUMAN,HDAC2_HUMAN,KDM1A_HUMAN,MNT_HUMAN,NCOR1_HUMAN,NCOA2_HUMAN,SMCA4_HUMAN,HTF4_HUMAN,MTA2_HUMAN,ARNT_HUMAN,REQU_HUMAN,ZEB2_HUMAN,MTG16_HUMAN,NCOA1_HUMAN,SOX6_HUMAN,ARI1B_HUMAN,ZN316_HUMAN,HDAC1_HUMAN,TIF1A_HUMAN	K562 (myelogenous leukemia)	2.5643573158142496	0.0	1.675	
chr5	175871871	A	G	REST_HUMAN,MNT_HUMAN,STAT1_HUMAN,BC11B_HUMAN,NCOA1_HUMAN	CD14+ monocytes,HepG2 (hepatoblastoma),K562 (myelogenous leukemia),thymus-derived CD34- cells	5.611449805098171	0.0	1.072	0.138
chr5	180553711	A	G	TAL1_HUMAN,KDM1A_HUMAN,NCOR1_HUMAN,SMCA4_HUMAN,HTF4_HUMAN,FOXK2_HUMAN,NCOA1_HUMAN,ARI1B_HUMAN,HDAC1_HUMAN,AFF1_HUMAN	K562 (myelogenous leukemia)	0.09633240621830143	2.5527385355649472	0.051	0.7290000000000001
chr5	180781990	C	T	TAL1_HUMAN,IKZF1_HUMAN,FOXK2_HUMAN,NCOA1_HUMAN	CD34+ hematopoietic stem cells-derived proerythroblasts,K562 (myelogenous leukemia)	1.748772756101181	0.0	1.1079999999999999	0.217
chr6	3024158	T	C	HDAC2_HUMAN,MNT_HUMAN,MTG16_HUMAN,NCOA1_HUMAN,HDAC1_HUMAN	GM12878 (female B-cells),K562 (myelogenous leukemia)	0.0	1.4158112069248288		1.564
chr6	14950916	A	G	EP300_HUMAN,NFIC_HUMAN,TAL1_HUMAN,HDAC2_HUMAN,PKNX1_HUMAN,NCOR1_HUMAN,MGAP_HUMAN,THA_HUMAN,ATF3_HUMAN,SMCA4_HUMAN,PBX2_HUMAN,MTA2_HUMAN,REQU_HUMAN,ZEB2_HUMAN,MTG16_HUMAN,MTG8R_HUMAN,MEIS2_HUMAN,NCOA1_HUMAN,SOX6_HUMAN,ARI1B_HUMAN,HDAC1_HUMAN	K562 (myelogenous leukemia)	0.0	1.805268915136896		1.479
chr6	24667095	C	T	CTCF_HUMAN,ZBT40_HUMAN,EGR1_HUMAN,KDM1A_HUMAN,MNT_HUMAN,CTBP1_HUMAN,EMSY_HUMAN,SMCA4_HUMAN,FOXK2_HUMAN,ZBT11_HUMAN,GABP1_HUMAN,NCOA1_HUMAN,HDAC1_HUMAN	22RV1 (prostate carcinoma),MCF7 (Invasive ductal breast carcinoma),HCT-116 (colon carcinoma),K562 (myelogenous leukemia),MCF10A (breast epithelial cells),esophagus squamous epithelium	0.0	10.245508680982578	0.08900000000000001	0.655
chr6	26285639	C	T	T2AG_HUMAN,AP2A_HUMAN,VEZF1_HUMAN,CREB1_HUMAN,KDM1A_HUMAN,ZNF24_HUMAN,NFXL1_HUMAN,NCOR1_HUMAN,E2F1_HUMAN,IKZF1_HUMAN,FOXK2_HUMAN,HINFP_HUMAN,ZEB2_HUMAN,E4F1_HUMAN,NCOA1_HUMAN,ERG_HUMAN	LNCaP (prostate carcinoma),cranial neural crest cells,GM12878 (female B-cells),K562 (myelogenous leukemia),SK-N-SH (neuroblastoma),liver,DU-528 (childhood T acute lymphoblastic leukemia),MDA231-LM2-4175 (breast adenocarcinoma)	0.0	1.4016780127995252		1.6019999999999999
chr6	30813374	T	G	NFIC_HUMAN,MNT_HUMAN,ZNF24_HUMAN,ZN592_HUMAN,SMCA4_HUMAN,STAT1_HUMAN,NCOA1_HUMAN	CD14+ monocytes,monocyte-derived macrophages,K562 (myelogenous leukemia)	1.3572243566944067	0.0	2.0780000000000003	
chr6	31198069	C	T	CEBPB_HUMAN,HDAC2_HUMAN,MNT_HUMAN,NCOR1_HUMAN,FOXK2_HUMAN,NRF1_HUMAN,NCOA1_HUMAN,RUNX3_HUMAN	K562 (myelogenous leukemia),macrophages	1.7984380832965234	0.0	1.3980000000000001	
chr6	31399709	C	T	ARNT_HUMAN,NRF1_HUMAN,ZEB2_HUMAN,NCOA1_HUMAN	MCF7 (Invasive ductal breast carcinoma),K562 (myelogenous leukemia)	0.08957119035352638	1.3858916837954103	-0.615	1.47
chr6	31541655	G	A	KDM1A_HUMAN,ENL_HUMAN,NCOA1_HUMAN,TIF1A_HUMAN	GM12878 (female B-cells),HepG2 (hepatoblastoma),K562 (myelogenous leukemia)	0.0	1.5831251136676066		1.625
chr6	37667583	A	G	HDAC2_HUMAN,NR2C1_HUMAN,HTF4_HUMAN,IKZF1_HUMAN,FOXK2_HUMAN,ARNT_HUMAN,NCOA1_HUMAN,ARI1B_HUMAN,HDAC1_HUMAN	K562 (myelogenous leukemia)	2.231560963766503	0.0	1.058	
chr6	43627552	C	T	KDM1A_HUMAN,NCOR1_HUMAN,NR2C2_HUMAN,NCOA1_HUMAN,ZN316_HUMAN,HDAC1_HUMAN,TIF1A_HUMAN	K562 (myelogenous leukemia)	1.6205665442847654	0.0	1.5	
chr6	43635731	C	T	RFOX2_HUMAN,REST_HUMAN,ZN592_HUMAN,MGAP_HUMAN,SMCA4_HUMAN,ARNT_HUMAN,EHMT2_HUMAN,NRF1_HUMAN,ERR1_HUMAN,ENL_HUMAN,NCOA1_HUMAN,SPT5H_HUMAN	K562 (myelogenous leukemia)	1.3755743766181312	0.0	1.35	
chr6	44064594	C	A	ATF1_HUMAN,SMCA5_HUMAN,MNT_HUMAN,ELF1_HUMAN,ATF3_HUMAN,TAF9B_HUMAN,EMSY_HUMAN,HTF4_HUMAN,FOXK2_HUMAN,HDGF_HUMAN,STAT1_HUMAN,CREM_HUMAN,NCOA1_HUMAN,TIF1A_HUMAN,AFF1_HUMAN	CD14+ monocytes,GM12878 (female B-cells),HepG2 (hepatoblastoma),K562 (myelogenous leukemia)	1.3213958135201955	0.0	1.996	
chr6	72561176	C	T	TAL1_HUMAN,GCR_HUMAN,EGR1_HUMAN,MNT_HUMAN,PKNX1_HUMAN,NCOR1_HUMAN,TAF9B_HUMAN,ZN318_HUMAN,MEF2D_HUMAN,PBX2_HUMAN,ARNT_HUMAN,NRF1_HUMAN,ATF7_HUMAN,MEIS2_HUMAN,NCOA1_HUMAN,TIF1A_HUMAN	K562 (myelogenous leukemia)	0.0	1.7043070756281526	-0.41700000000000004	0.7829999999999999
chr6	90458627	G	A	EGR1_HUMAN,ATF1_HUMAN,FOSL1_HUMAN,MNT_HUMAN,NCOR1_HUMAN,ATF3_HUMAN,TAF9B_HUMAN,MEF2D_HUMAN,IKZF1_HUMAN,FOXK2_HUMAN,COT1_HUMAN,NRF1_HUMAN,TBX21_HUMAN,TF65_HUMAN,NCOA1_HUMAN	K562 (myelogenous leukemia),Th1-cells	1.8777633409212808	0.0	1.295	-0.87
chr6	139974221	A	G	NFIC_HUMAN,TAL1_HUMAN,CEBPB_HUMAN,JUN_HUMAN,JUND_HUMAN,FOSL1_HUMAN,HDAC2_HUMAN,KDM1A_HUMAN,SMCE1_HUMAN,MNT_HUMAN,ZNF24_HUMAN,NCOR1_HUMAN,NCOA2_HUMAN,ATF3_HUMAN,E2F1_HUMAN,TAF9B_HUMAN,CHAP1_HUMAN,SMCA4_HUMAN,MEF2D_HUMAN,PBX2_HUMAN,HTF4_HUMAN,FOXK2_HUMAN,REQU_HUMAN,FOXM1_HUMAN,RING2_HUMAN,MITF_HUMAN,ZEB2_HUMAN,MTG16_HUMAN,MTG8R_HUMAN,ATF7_HUMAN,SMRC2_HUMAN,MEIS2_HUMAN,NCOA1_HUMAN,SOX6_HUMAN,ARI1B_HUMAN,ZN316_HUMAN,ZBTB2_HUMAN,C2D1A_HUMAN,HDAC1_HUMAN,TIF1A_HUMAN	coronary artery smooth muscle,primary endothelial colony-forming cells,K562 (myelogenous leukemia)	0.0	2.861209186531035	-1.401	1.27
chr6	146881362	A	C	GATA3_HUMAN,MAFG_HUMAN,PKNX1_HUMAN,NR2C1_HUMAN,RFX1_HUMAN,SMCA4_HUMAN,IKZF1_HUMAN,FOXK2_HUMAN,MTA2_HUMAN,REQU_HUMAN,NCOA1_HUMAN,ARI1B_HUMAN,AFF1_HUMAN	MCF7 (Invasive ductal breast carcinoma),K562 (myelogenous leukemia)	5.28184279675151	0.0	1.91	-2.274
chr6	150270060	G	T	NFIC_HUMAN,TAL1_HUMAN,EGR1_HUMAN,KDM1A_HUMAN,NCOR1_HUMAN,NCOA2_HUMAN,ATF3_HUMAN,TAF9B_HUMAN,SMCA4_HUMAN,HTF4_HUMAN,IKZF1_HUMAN,MTA2_HUMAN,ARNT_HUMAN,REQU_HUMAN,ZN639_HUMAN,ZEB2_HUMAN,NCOA1_HUMAN,ARI1B_HUMAN,ZN316_HUMAN,TIF1A_HUMAN	K562 (myelogenous leukemia)	0.0	2.738557800377291	-1.229	1.083
chr7	18178360	C	T	NFIC_HUMAN,FOXA1_HUMAN,HDAC2_HUMAN,PKNX1_HUMAN,NR2C1_HUMAN,NCOR1_HUMAN,HTF4_HUMAN,IKZF1_HUMAN,ARNT_HUMAN,MTG16_HUMAN,MTG8R_HUMAN,NCOA1_HUMAN,HDAC1_HUMAN,TIF1A_HUMAN	K562 (myelogenous leukemia),ZR-75-1 (invasive ductal carcinoma)	0.0	1.5966560016366782		1.66
chr7	76143095	A	G	ZBT40_HUMAN,HDAC2_HUMAN,ELF1_HUMAN,ELF4_HUMAN,NR2C1_HUMAN,NCOR1_HUMAN,MTG16_HUMAN,E4F1_HUMAN,ETV1_HUMAN,NCOA1_HUMAN,ARI1B_HUMAN,HDAC1_HUMAN	K562 (myelogenous leukemia)	0.0	8.825250319801304		2.342
chr7	103254327	C	T	GATA1_HUMAN,TAL1_HUMAN,HDAC2_HUMAN,NCOR1_HUMAN,ZN592_HUMAN,MGAP_HUMAN,GMEB1_HUMAN,ATF3_HUMAN,CHAP1_HUMAN,SMCA4_HUMAN,HTF4_HUMAN,COT1_HUMAN,MTA2_HUMAN,ARNT_HUMAN,RAD51_HUMAN,REQU_HUMAN,FOXM1_HUMAN,RING2_HUMAN,ZEB2_HUMAN,DACH1_HUMAN,E4F1_HUMAN,MEIS2_HUMAN,NCOA1_HUMAN,SOX6_HUMAN,ARI1B_HUMAN,HDAC1_HUMAN,BCOR_HUMAN	CD34+ bone marrow cell-derived erythroid progenitors,K562 (myelogenous leukemia)	2.2246777734912695	0.0	0.991	-0.9159999999999999
chr7	106285307	C	T	ATF3_HUMAN,NCOA1_HUMAN	K562 (myelogenous leukemia),SK-N-SH (neuroblastoma),Tet21N (neuroblastoma)	1.5543717234978707	0.0	0.735	-0.171
chr7	106285885	C	A	NCOA1_HUMAN,HDAC1_HUMAN	K562 (myelogenous leukemia)	1.539979283829638	0.0	1.227	0.239
chr7	106462764	C	T	MNT_HUMAN,NCOA1_HUMAN	A549 (lung carcinoma),HEK293 (embryonic kidney),K562 (myelogenous leukemia),tibial artery,foreskin keratinocyte	1.3652872492917827	0.0	0.765	-0.248
chr7	121038828	C	T	PYGO2_HUMAN,DDX20_HUMAN,NFIC_HUMAN,GATA1_HUMAN,TAL1_HUMAN,NONO_HUMAN,KAISO_HUMAN,FOSL1_HUMAN,KDM1A_HUMAN,MNT_HUMAN,NCOR1_HUMAN,NCOA2_HUMAN,EWS_HUMAN,SMCA4_HUMAN,PBX2_HUMAN,HTF4_HUMAN,IKZF1_HUMAN,MTA2_HUMAN,ARNT_HUMAN,REQU_HUMAN,ZN639_HUMAN,ZBT11_HUMAN,KLF16_HUMAN,RING2_HUMAN,ERR1_HUMAN,MTG16_HUMAN,ENL_HUMAN,ETV1_HUMAN,MEIS2_HUMAN,NCOA1_HUMAN,ZN316_HUMAN,BRD9_HUMAN,PHB2_HUMAN,MCM7_HUMAN,HDAC1_HUMAN,AFF1_HUMAN	K562 (myelogenous leukemia)	0.0	2.493434715936645	-1.296	1.442
chr7	130070296	T	C	CREB1_HUMAN,PKNX1_HUMAN,NC2A_HUMAN,E4F1_HUMAN,NCOA1_HUMAN	MCF7 (Invasive ductal breast carcinoma),GM12878 (female B-cells),HepG2 (hepatoblastoma),K562 (myelogenous leukemia)	0.0	1.4482605679560054	-0.035	0.7929999999999999
chr7	151027324	A	C	T2FA_HUMAN,TAL1_HUMAN,EGR1_HUMAN,REST_HUMAN,HDAC2_HUMAN,KDM1A_HUMAN,MNT_HUMAN,ZNF24_HUMAN,NFRKB_HUMAN,ZN740_HUMAN,PKNX1_HUMAN,NR2C1_HUMAN,NCOR1_HUMAN,ZN592_HUMAN,RFX1_HUMAN,MGAP_HUMAN,NCOA2_HUMAN,GMEB1_HUMAN,ATF3_HUMAN,HDAC3_HUMAN,EP400_HUMAN,SMCA4_HUMAN,IKZF1_HUMAN,FOXK2_HUMAN,MTA2_HUMAN,NFAC3_HUMAN,ARNT_HUMAN,REQU_HUMAN,LEF1_HUMAN,LMBL2_HUMAN,HDGF_HUMAN,P66A_HUMAN,GABP1_HUMAN,NRF1_HUMAN,ERR1_HUMAN,DACH1_HUMAN,ATF7_HUMAN,E4F1_HUMAN,ENL_HUMAN,HES1_HUMAN,TF65_HUMAN,MTA3_HUMAN,MEIS2_HUMAN,NCOA1_HUMAN,ARI1B_HUMAN,ZN316_HUMAN,ZBTB2_HUMAN,ZN184_HUMAN,BRD9_HUMAN,HDAC1_HUMAN,AFF1_HUMAN	K562 (myelogenous leukemia)	1.5346222221893742	0.0	1.59	-1.879
chr7	155206025	G	A	TADBP_HUMAN,FOXA1_HUMAN,TYY1_HUMAN,EGR1_HUMAN,ZNF24_HUMAN,CTBP1_HUMAN,NR2C1_HUMAN,MGAP_HUMAN,NCOA2_HUMAN,E2F1_HUMAN,HDAC3_HUMAN,SMCA4_HUMAN,IKZF1_HUMAN,ZSC29_HUMAN,FOXK2_HUMAN,ARNT_HUMAN,LEF1_HUMAN,LMBL2_HUMAN,ZBT11_HUMAN,NRF1_HUMAN,PRDM4_HUMAN,WT1_HUMAN,ZN302_HUMAN,ZNF76_HUMAN,ZSCA4_HUMAN,ZN274_HUMAN,ZNF18_HUMAN,AEBP2_HUMAN,ZBT21_HUMAN,ZEB2_HUMAN,ZN768_HUMAN,ZFP91_HUMAN,RB_HUMAN,ATF7_HUMAN,NCOA1_HUMAN,CDC5L_HUMAN,ZBTB5_HUMAN,MCM3_HUMAN,BCOR_HUMAN,TIF1A_HUMAN,AFF1_HUMAN,TR150_HUMAN,ZN398_HUMAN,ZN571_HUMAN	HEK293T (embryonic kidney),HEK293 (embryonic kidney),K562 (myelogenous leukemia)	1.9688381344709447	0.0	1.236	-0.7859999999999999
chr7	155206321	C	T	T2FA_HUMAN,TYY1_HUMAN,EGR1_HUMAN,HDAC2_HUMAN,KDM1A_HUMAN,SMCA5_HUMAN,MNT_HUMAN,ZNF24_HUMAN,NFRKB_HUMAN,NR2C1_HUMAN,NCOR1_HUMAN,NCOA2_HUMAN,GMEB1_HUMAN,SMCA4_HUMAN,HTF4_HUMAN,IKZF1_HUMAN,FOXK2_HUMAN,MTA2_HUMAN,ARNT_HUMAN,REQU_HUMAN,HDGF_HUMAN,ZN639_HUMAN,ZN600_HUMAN,FEZF1_HUMAN,TZAP_HUMAN,ZNF2_HUMAN,MYNN_HUMAN,ZBT17_HUMAN,SP2_HUMAN,ZNF76_HUMAN,ZSCA4_HUMAN,GLIS2_HUMAN,ZBT21_HUMAN,ZN843_HUMAN,ZBT10_HUMAN,PHF20_HUMAN,E4F1_HUMAN,ENL_HUMAN,MTA1_HUMAN,MEIS2_HUMAN,NCOA1_HUMAN,ARI1B_HUMAN,ZN316_HUMAN,ZBTB5_HUMAN,ZN184_HUMAN,SPT5H_HUMAN,HDAC1_HUMAN,BCOR_HUMAN,TIF1A_HUMAN,AFF1_HUMAN,RHG35_HUMAN,HIC1_HUMAN	HEK293 (embryonic kidney),K562 (myelogenous leukemia)	1.4170278734345496	0.0	1.3419999999999999	-1.551
chr7	155207629	T	C	KDM1A_HUMAN,EHMT2_HUMAN,ZN600_HUMAN,EGR2_HUMAN,NCOA1_HUMAN	HEK293 (embryonic kidney),K562 (myelogenous leukemia)	1.8685697834773538	0.12793124498439504	1.3259999999999998	-0.09
chr7	155207634	G	A	NFIC_HUMAN,REST_HUMAN,KDM1A_HUMAN,EHMT2_HUMAN,ZN600_HUMAN,EGR2_HUMAN,NCOA1_HUMAN,HDAC1_HUMAN	HEK293 (embryonic kidney),K562 (myelogenous leukemia)	1.6311066725296381	0.0	1.399	-1.6030000000000002
chr7	155207676	A	G	NFIC_HUMAN,MGAP_HUMAN,IKZF1_HUMAN,MTA2_HUMAN,RING2_HUMAN,EGR2_HUMAN,ZFHX2_HUMAN,NCOA1_HUMAN,HDAC1_HUMAN,TR150_HUMAN	HEK293 (embryonic kidney),K562 (myelogenous leukemia)	2.2297159715766055	0.0	1.611	-2.04
chr8	8777940	C	T	NFIC_HUMAN,GATA1_HUMAN,TAL1_HUMAN,HDAC2_HUMAN,KDM1A_HUMAN,SMCE1_HUMAN,ZNF24_HUMAN,NR2C1_HUMAN,NCOR1_HUMAN,ZN592_HUMAN,HDAC3_HUMAN,CHAP1_HUMAN,SMCA4_HUMAN,HTF4_HUMAN,IKZF1_HUMAN,MTA2_HUMAN,REQU_HUMAN,FOXM1_HUMAN,ZEB2_HUMAN,MTG16_HUMAN,MTG8R_HUMAN,NCOA1_HUMAN,ARI1B_HUMAN,HDAC1_HUMAN,TIF1A_HUMAN,AFF1_HUMAN,TEAD4_HUMAN	K562 (myelogenous leukemia),RPMI-8402 (T acute lymphoblastic leukemia)	9.571303273251365	0.0	0.6729999999999999	
chr8	9012154	G	A	NFE2_HUMAN,HDAC2_HUMAN,KDM1A_HUMAN,ZNF24_HUMAN,NBN_HUMAN,NR2C1_HUMAN,NCOR1_HUMAN,MYBB_HUMAN,SMCA4_HUMAN,BHE40_HUMAN,IKZF1_HUMAN,IKZF2_HUMAN,BACH1_HUMAN,COT1_HUMAN,MTA2_HUMAN,NFAC3_HUMAN,ARNT_HUMAN,RAD51_HUMAN,SKIL_HUMAN,MEF2B_HUMAN,NR2F6_HUMAN,ERR1_HUMAN,ATF7_HUMAN,TBX21_HUMAN,RELB_HUMAN,ENL_HUMAN,NCOA1_HUMAN,HDAC1_HUMAN,AFF1_HUMAN,RUNX3_HUMAN	GM12878 (female B-cells),K562 (myelogenous leukemia)	1.3929063683160245	0.0	1.295	-0.359
chr8	18084285	A	C	ESR1_HUMAN,RFX1_HUMAN,COT1_HUMAN,LEF1_HUMAN,NCOA1_HUMAN,SPT5H_HUMAN,HDAC1_HUMAN	K562 (myelogenous leukemia),breast tumor tissue	2.6000373834598762	0.0	1.662	-2.388
chr8	41827757	C	T	EGR1_HUMAN,KDM1A_HUMAN,SMCA5_HUMAN,SMCE1_HUMAN,MNT_HUMAN,ZNF24_HUMAN,NCOR1_HUMAN,NCOA2_HUMAN,SMCA4_HUMAN,FOXK2_HUMAN,MTA2_HUMAN,REQU_HUMAN,BCLF1_HUMAN,ENL_HUMAN,NCOA1_HUMAN,ARI1B_HUMAN,ZN316_HUMAN,ZN184_HUMAN,SPT5H_HUMAN,HDAC1_HUMAN,TIF1A_HUMAN,TR150_HUMAN	K562 (myelogenous leukemia)	7.680337092081477	0.0	1.1740000000000002	
chr8	123922318	T	C	NFIC_HUMAN,GATA1_HUMAN,TAL1_HUMAN,CEBPB_HUMAN,VEZF1_HUMAN,ID3_HUMAN,KAISO_HUMAN,GABPA_HUMAN,EGR1_HUMAN,NFE2_HUMAN,ATF1_HUMAN,FOSL1_HUMAN,MAFG_HUMAN,HDAC2_HUMAN,KDM1A_HUMAN,SMCE1_HUMAN,MNT_HUMAN,ZNF24_HUMAN,CLOCK_HUMAN,PKNX1_HUMAN,ELF4_HUMAN,CEBPG_HUMAN,NR2C1_HUMAN,NCOR1_HUMAN,ZN592_HUMAN,GMEB1_HUMAN,ATF3_HUMAN,TAF9B_HUMAN,HDAC3_HUMAN,EMSY_HUMAN,EP400_HUMAN,ZN318_HUMAN,SMCA4_HUMAN,PBX2_HUMAN,HTF4_HUMAN,BHE40_HUMAN,IKZF1_HUMAN,FOXK2_HUMAN,MTA2_HUMAN,NFAC3_HUMAN,ARNT_HUMAN,REQU_HUMAN,LEF1_HUMAN,FOXM1_HUMAN,LMBL2_HUMAN,ATF4_HUMAN,KLF16_HUMAN,RING2_HUMAN,MITF_HUMAN,MYNN_HUMAN,DACH1_HUMAN,ATF7_HUMAN,E4F1_HUMAN,ENL_HUMAN,MTA3_HUMAN,ETV1_HUMAN,MEIS2_HUMAN,NCOA1_HUMAN,SOX6_HUMAN,ARI1B_HUMAN,ZN316_HUMAN,C2D1A_HUMAN,HDAC1_HUMAN,BCOR_HUMAN,TIF1A_HUMAN,AFF1_HUMAN,SNAI2_HUMAN,TEAD4_HUMAN,NR1H3_HUMAN	A549 (lung carcinoma),MCF7 (Invasive ductal breast carcinoma),CD34+ hematopoietic stem cells-derived proerythroblasts,keratinocytes,HT29 (colon adenocarcinoma),pancreas	11.92616340004395	0.0	0.718	
chr8	133540229	C	T	GATA1_HUMAN,TAL1_HUMAN,ZBT7A_HUMAN,BC11A_HUMAN,HDAC2_HUMAN,KDM1A_HUMAN,SMCE1_HUMAN,MNT_HUMAN,ZNF24_HUMAN,NR2C1_HUMAN,NCOR1_HUMAN,ZN592_HUMAN,SMCA4_HUMAN,HTF4_HUMAN,IKZF1_HUMAN,FOXK2_HUMAN,MTA2_HUMAN,REQU_HUMAN,FOXM1_HUMAN,NR2F6_HUMAN,GABP1_HUMAN,RING2_HUMAN,MTG16_HUMAN,NCOA1_HUMAN,SOX6_HUMAN,HDAC1_HUMAN,BCOR_HUMAN,TIF1A_HUMAN	CD34+ hematopoietic stem cells-derived proerythroblasts,K562 (myelogenous leukemia),Human Umbilical Cord Blood-Derived Erythroid Progenitor Cells-2 (HUDEP-2)	4.441600884023839	0.0	1.44	0.022000000000000002
chr8	133540388	C	T	EP300_HUMAN,NFIC_HUMAN,GATA1_HUMAN,TAL1_HUMAN,BC11A_HUMAN,VEZF1_HUMAN,REST_HUMAN,HDAC2_HUMAN,KDM1A_HUMAN,SMCE1_HUMAN,MNT_HUMAN,ZNF24_HUMAN,CTBP1_HUMAN,NR2C1_HUMAN,NCOR1_HUMAN,ZN592_HUMAN,ATF3_HUMAN,HDAC3_HUMAN,SMCA4_HUMAN,HTF4_HUMAN,IKZF1_HUMAN,FOXK2_HUMAN,MTA2_HUMAN,NFAC3_HUMAN,ARNT_HUMAN,RAD51_HUMAN,REQU_HUMAN,FOXM1_HUMAN,GABP1_HUMAN,RING2_HUMAN,MTG16_HUMAN,MTG8R_HUMAN,ENL_HUMAN,MTA3_HUMAN,ETV1_HUMAN,MEIS2_HUMAN,NCOA1_HUMAN,SOX6_HUMAN,HDAC1_HUMAN	K562 (myelogenous leukemia),iPSC-derived cardiomyocytes,Human Umbilical Cord Blood-Derived Erythroid Progenitor Cells-2 (HUDEP-2)	1.5740995016557564	0.0	1.1320000000000001	0.038
chr9	131125431	A	G	TAL1_HUMAN,CTCF_HUMAN,ATF1_HUMAN,MNT_HUMAN,CLOCK_HUMAN,NCOR1_HUMAN,MGAP_HUMAN,BRCA1_HUMAN,EP400_HUMAN,IKZF1_HUMAN,ARNT_HUMAN,REQU_HUMAN,ZN639_HUMAN,GABP1_HUMAN,STAT1_HUMAN,PHF8_HUMAN,NRF1_HUMAN,NCOA1_HUMAN,CDC5L_HUMAN,C2D1A_HUMAN,TIF1A_HUMAN,AFF1_HUMAN,KDM5B_HUMAN	LNCaP (prostate carcinoma),VCaP (prostate carcinoma),MCF7 (Invasive ductal breast carcinoma),CD14+ monocytes,GM12878 (female B-cells),K562 (myelogenous leukemia),SUM159PT (pleiomorphic breast carcinoma)	1.4453631299309857	0.0	1.6740000000000002	
