Chromosome	Position	Ref	Alt	ASB in transcription factors	ASB in cell types	OTX2_HUMAN_FDR_Ref	OTX2_HUMAN_FDR_Alt	OTX2_HUMAN_Effect_Size_Ref	OTX2_HUMAN_Effect_Size_Alt
chr1	5267768	T	C	OTX2_HUMAN	HUES64 (embryonic stem cells)	1.70925430784197	0.0	1.157	-1.079
chr1	9374910	C	T	OTX2_HUMAN	D341 Med (medulloblastoma)	3.7338153464362462	0.0	0.8690000000000001	-0.231
chr1	11908338	T	C	T2EB_HUMAN,RXRA_HUMAN,CEBPB_HUMAN,GCR_HUMAN,VEZF1_HUMAN,ILF3_HUMAN,CBX1_HUMAN,FOXK2_HUMAN,ZBED1_HUMAN,HMBX1_HUMAN,NDF1_HUMAN,SMAD5_HUMAN,OTX2_HUMAN,STAT3_HUMAN,SPI1_HUMAN,COE3_HUMAN	BEAS-2B (bronchial epithelium),GM12878 (female B-cells),HCC70 (ductal breast carcinoma),HepG2 (hepatoblastoma),HT29 (colon adenocarcinoma),K562 (myelogenous leukemia),SK-N-SH (neuroblastoma),liver,D341 Med (medulloblastoma),upper lobe of left lung	2.3279514399270926	0.0	1.604	-2.1790000000000003
chr1	16896253	G	C	T2FA_HUMAN,RAD21_HUMAN,RXRA_HUMAN,CEBPB_HUMAN,CTCF_HUMAN,ZBT7A_HUMAN,TYY1_HUMAN,HNF4A_HUMAN,MAX_HUMAN,COT2_HUMAN,KAISO_HUMAN,GABPA_HUMAN,JUND_HUMAN,EGR1_HUMAN,SP1_HUMAN,REST_HUMAN,TAF1_HUMAN,ATF1_HUMAN,ZNF24_HUMAN,ELF1_HUMAN,TRI22_HUMAN,ELF4_HUMAN,NR2C1_HUMAN,NCOR1_HUMAN,RFX1_HUMAN,TAF9B_HUMAN,ATF2_HUMAN,IKZF1_HUMAN,IKZF2_HUMAN,MTA2_HUMAN,NFAC3_HUMAN,SRF_HUMAN,ARNT_HUMAN,FOXM1_HUMAN,RING2_HUMAN,PRD10_HUMAN,ZEB2_HUMAN,ERR1_HUMAN,MTG16_HUMAN,RB_HUMAN,ATF7_HUMAN,TBX21_HUMAN,SPT5H_HUMAN,C2D1A_HUMAN,HDAC1_HUMAN,AFF1_HUMAN,ZN366_HUMAN,ZN189_HUMAN,OTX2_HUMAN,STA5A_HUMAN,KDM5B_HUMAN,PML_HUMAN,USF1_HUMAN	Flp-In-293 (embryonic kidney),HEK293T (embryonic kidney),786-O (renal carcinoma),T47D (invasive ductal carcinoma),GM12878 (female B-cells),NCI-H441 (squamous cell lung carcinoma ),HCT-116 (colon carcinoma),HEK293 (embryonic kidney),HepG2 (hepatoblastoma),HT29 (colon adenocarcinoma),HUES64 (embryonic stem cells),K562 (myelogenous leukemia),SK-N-SH (neuroblastoma),pre-B acute lymphoblastic leukemia,liver,226LDM (normal breast luminal cells),adrenal gland	5.358311344280098	0.0	2.2	
chr1	16896254	C	G	T2FA_HUMAN,TADBP_HUMAN,TAL1_HUMAN,SKI_HUMAN,EGR1_HUMAN,ATF1_HUMAN,ZNF24_HUMAN,ELF1_HUMAN,TRI22_HUMAN,ELF4_HUMAN,NR2C1_HUMAN,NCOR1_HUMAN,RFX1_HUMAN,TAF9B_HUMAN,ATF2_HUMAN,IKZF2_HUMAN,BACH1_HUMAN,MTA2_HUMAN,NFAC3_HUMAN,SRF_HUMAN,ARNT_HUMAN,DNM3B_HUMAN,PPARG_HUMAN,RING2_HUMAN,PRD10_HUMAN,ZEB2_HUMAN,ERR1_HUMAN,MTG16_HUMAN,RB_HUMAN,ATF7_HUMAN,TBX21_HUMAN,MTA3_HUMAN,SPT5H_HUMAN,C2D1A_HUMAN,HDAC1_HUMAN,AFF1_HUMAN,OTX2_HUMAN,STA5A_HUMAN,NR1H3_HUMAN,MAF_HUMAN,KDM5B_HUMAN,PML_HUMAN	epidermal stem cells,GM12878 (female B-cells),HepG2 (hepatoblastoma),HT29 (colon adenocarcinoma),Jurkat (T-cells),K562 (myelogenous leukemia),Th1-cells,Th2-cells	5.358311344280098	0.0	2.182	
chr1	28310182	C	T	OTX2_HUMAN	D283 Med (medulloblastoma)	0.01560701344982471	2.309361346823798	-0.009000000000000001	0.674
chr1	28833590	A	G	OTX2_HUMAN	D341 Med (medulloblastoma)	0.10463991181404825	2.235751173952725	0.276	0.687
chr1	30844813	C	T	OTX2_HUMAN	HUES64 (embryonic stem cells)	4.087796753734683	0.0	1.7	-1.732
chr1	32716810	A	G	ESR1_HUMAN,OTX2_HUMAN	MCF7 (Invasive ductal breast carcinoma),GM12878 (female B-cells),HUES64 (embryonic stem cells),breast tumor tissue	0.0	1.548277866917967	-1.781	1.3840000000000001
chr1	32737098	C	T	OTX2_HUMAN	HUES64 (embryonic stem cells)	2.5084610059071863	0.0	1.347	
chr1	34188786	A	C	OTX2_HUMAN	HUES64 (embryonic stem cells)	1.5478691182176105	0.0	1.034	
chr1	41327686	G	A	OTX2_HUMAN	D283 Med (medulloblastoma)	2.188856530794723	0.0	1.11	
chr1	41864914	C	A	OTX2_HUMAN	D283 Med (medulloblastoma)	0.04021053852155464	2.5073223366069946	0.303	1.0490000000000002
chr1	42796110	T	G	OTX2_HUMAN	D283 Med (medulloblastoma),D341 Med (medulloblastoma)	4.905624034716689	0.0	0.758	-0.374
chr1	47491597	G	A	OTX2_HUMAN	HUES64 (embryonic stem cells)	1.5478691182176105	0.0	1.034	
chr1	63775258	T	C	ZFX_HUMAN,OTX2_HUMAN	HEK293T (embryonic kidney),HEK293 (embryonic kidney),HUES64 (embryonic stem cells)	1.531775309691942	0.0	1.04	-0.068
chr1	76146148	C	T	OTX2_HUMAN	D341 Med (medulloblastoma)	1.5038617030899246	0.0	0.7340000000000001	-0.585
chr1	76146317	A	G	OTX2_HUMAN	D341 Med (medulloblastoma)	3.548590122565906	0.0	1.1640000000000001	-1.183
chr1	78669849	G	A	OTX2_HUMAN	D341 Med (medulloblastoma)	1.4245171116641666	0.0	0.586	0.218
chr1	78669887	A	G	OTX2_HUMAN	D341 Med (medulloblastoma)	1.3554852869613114	0.10292383050606507	0.523	0.08199999999999999
chr1	85393693	T	C	OTX2_HUMAN	HUES64 (embryonic stem cells)	0.0	1.4194979420604819		1.048
chr1	85767655	T	A	OTX2_HUMAN	D283 Med (medulloblastoma)	1.7896751803680166	0.0	0.608	0.086
chr1	103085921	G	C	OTX2_HUMAN	D283 Med (medulloblastoma)	1.492038333712961	0.0	1.062	
chr1	103085922	T	C	OTX2_HUMAN	D283 Med (medulloblastoma)	2.1563640637290864	0.0	0.97	
chr1	115193051	T	C	OTX2_HUMAN	D341 Med (medulloblastoma)	0.0	2.7328453502614183	-0.215	0.987
chr1	115238858	C	T	OTX2_HUMAN	D341 Med (medulloblastoma)	2.5202324850507103	0.024545803414688764	0.7859999999999999	0.075
chr1	115238962	C	T	OTX2_HUMAN	D341 Med (medulloblastoma)	3.0743614576748564	0.021843646666605532	0.833	0.077
chr1	150312090	A	G	OTX2_HUMAN	D283 Med (medulloblastoma),D341 Med (medulloblastoma)	3.424164331088387	0.02293518447369079	0.774	-0.284
chr1	150420354	A	G	OTX2_HUMAN	D283 Med (medulloblastoma)	0.0019279691400239285	1.4501825144351586	-0.6459999999999999	1.041
chr1	154856207	A	C	OTX2_HUMAN	HEK293 (embryonic kidney),D341 Med (medulloblastoma)	0.03653395192039702	1.341489071493035	-0.193	0.657
chr1	156439793	G	A	OTX2_HUMAN	HUES64 (embryonic stem cells)	1.946441381262053	0.0	1.215	-1.2329999999999999
chr1	161502368	A	G	OTX2_HUMAN	HEK293 (embryonic kidney),D341 Med (medulloblastoma)	0.07029633465858887	2.4572868191109087	-0.23800000000000002	0.759
chr1	162080034	G	A	OTX2_HUMAN	D341 Med (medulloblastoma)	3.3865515732006366	0.033441810451559105	0.9520000000000001	0.608
chr1	162080087	T	G	OTX2_HUMAN	D341 Med (medulloblastoma)	1.9498872620559986	0.2779327670966273	0.5720000000000001	0.2
chr1	162161282	G	A	NDF1_HUMAN,OTX2_HUMAN	D283 Med (medulloblastoma)	0.0	1.306946596167755	-1.129	1.4409999999999998
chr1	164774942	C	T	OTX2_HUMAN	HEK293 (embryonic kidney),D283 Med (medulloblastoma),D341 Med (medulloblastoma)	0.08748591197498921	4.065755056562784	-0.121	1.013
chr1	164802356	G	A	OTX2_HUMAN	D283 Med (medulloblastoma)	1.3600713859231552	0.054907925880445206	0.8190000000000001	-0.28600000000000003
chr1	165942167	C	G	OTX2_HUMAN	D283 Med (medulloblastoma)	1.8218461749063903	0.0	0.9990000000000001	
chr1	167527070	A	T	OTX2_HUMAN	K562 (myelogenous leukemia)	0.0	1.3868447321520636	-1.197	1.244
chr1	169742436	T	C	OTX2_HUMAN	D283 Med (medulloblastoma)	1.6911786385797896	0.013342797399717944	1.072	-0.124
chr1	169762532	G	A	OTX2_HUMAN	D283 Med (medulloblastoma)	1.382802320257662	0.10442811441565536	0.9229999999999999	-0.266
chr1	169999011	C	A	OTX2_HUMAN	D283 Med (medulloblastoma),D341 Med (medulloblastoma)	0.04480770842721771	3.9874434872739064	-0.073	0.92
chr1	173136899	C	G	OTX2_HUMAN	D283 Med (medulloblastoma)	0.007507394589677124	1.9626202204587933	-0.42100000000000004	0.9740000000000001
chr1	176805264	T	G	OTX2_HUMAN	D283 Med (medulloblastoma)	2.893537563238874	0.0	1.226	-0.8909999999999999
chr1	181471246	G	A	OTX2_HUMAN	D283 Med (medulloblastoma)	1.3727474222016913	0.15346278204982744	0.899	0.34700000000000003
chr1	181471254	A	G	OTX2_HUMAN	D283 Med (medulloblastoma)	1.637193563299666	0.14562479245552606	1.046	0.493
chr1	183835719	C	T	OTX2_HUMAN	D341 Med (medulloblastoma)	0.0	5.629678788544391	-0.5710000000000001	1.127
chr1	184775578	A	T	OTX2_HUMAN	K562 (myelogenous leukemia),D341 Med (medulloblastoma)	1.8287976540899804	0.06697900268638846	0.763	-0.019
chr1	185442174	G	A	OTX2_HUMAN	D341 Med (medulloblastoma)	0.032955783624386996	1.8918118900472969	-0.33399999999999996	0.816
chr1	186033958	A	T	NDF1_HUMAN,NFIB_HUMAN,OTX2_HUMAN	D283 Med (medulloblastoma)	0.0	1.798294048866146	-0.491	1.064
chr1	186479453	T	C	OTX2_HUMAN	D341 Med (medulloblastoma)	0.1078415115656754	2.6454928350007654	-0.19399999999999998	0.9520000000000001
chr1	187184002	A	T	NDF1_HUMAN,OTX2_HUMAN	D283 Med (medulloblastoma)	0.0	1.835665321479405	-0.266	0.981
chr1	187871370	C	T	EP300_HUMAN,NDF1_HUMAN,OTX2_HUMAN	SK-N-SH (neuroblastoma),D341 Med (medulloblastoma)	2.8342282005794064	0.0	1.258	-0.8959999999999999
chr1	187871422	C	T	NDF1_HUMAN,OTX2_HUMAN	D283 Med (medulloblastoma),D341 Med (medulloblastoma)	0.0	1.8644643004450578	-0.298	0.99
chr1	187970862	G	A	OTX2_HUMAN	D341 Med (medulloblastoma)	0.00030621987894748315	2.8078477359790237	-0.275	0.875
chr1	192013918	G	A	OTX2_HUMAN	D341 Med (medulloblastoma)	3.218191963268076	0.0	0.937	-0.506
chr1	195637611	C	T	OTX2_HUMAN	D341 Med (medulloblastoma)	1.5838381174828509	0.029685672652066838	0.617	-0.24600000000000002
chr1	198147909	T	G	OTX2_HUMAN	D283 Med (medulloblastoma)	0.01121389885345433	1.625352735895548	-0.384	0.909
chr1	200342740	C	G	OTX2_HUMAN	D283 Med (medulloblastoma)	1.669287038089851	0.020899267235479687	0.9059999999999999	-0.049
chr1	201136776	G	A	OTX2_HUMAN	D341 Med (medulloblastoma)	1.8833513145108256	0.3225018239199496	0.7070000000000001	0.08900000000000001
chr1	201268678	C	T	OTX2_HUMAN	D341 Med (medulloblastoma)	2.825507899035747	0.0	0.82	-0.257
chr1	201268679	A	G	OTX2_HUMAN	D341 Med (medulloblastoma)	3.6460153545171776	0.0	0.841	-0.308
chr1	203096601	G	A	OTX2_HUMAN	D341 Med (medulloblastoma)	1.9125158676094483	0.037026543781574786	0.747	-0.248
chr1	203390373	A	G	OTX2_HUMAN	D283 Med (medulloblastoma)	1.8672114461439573	0.0	1.181	-0.508
chr1	205257160	T	C	OTX2_HUMAN	D341 Med (medulloblastoma)	2.389958505637314	0.018042425740692505	0.845	-0.06
chr1	208756387	A	G	OTX2_HUMAN	D283 Med (medulloblastoma)	1.612354313490985	0.008142819072038609	0.9259999999999999	0.221
chr1	208908140	T	C	OTX2_HUMAN	D283 Med (medulloblastoma)	1.8037083322343628	0.0	1.051	-0.098
chr1	210124252	A	T	OTX2_HUMAN	D341 Med (medulloblastoma)	0.01121389885345433	2.7519629072361917	-0.131	0.907
chr1	210646504	G	A	OTX2_HUMAN	D341 Med (medulloblastoma)	0.05581453788115959	2.8302041664278654	-0.255	0.941
chr1	211494409	C	T	OTX2_HUMAN	D341 Med (medulloblastoma)	0.02393888054676494	2.405501429626788	-0.272	0.8959999999999999
chr1	216923138	G	A	OTX2_HUMAN	D283 Med (medulloblastoma)	1.7683081431475673	0.031081845181321184	1.0270000000000001	-0.218
chr1	221284112	T	C	OTX2_HUMAN	D283 Med (medulloblastoma)	0.10842708741045719	2.3426599985017864	-0.242	0.799
chr1	221319260	G	T	OTX2_HUMAN	D283 Med (medulloblastoma)	0.008332227589647597	2.096408768212722	-0.369	1.081
chr1	226041488	T	C	OTX2_HUMAN	D341 Med (medulloblastoma)	1.3752765621019762	0.22617564383558353	0.48200000000000004	0.005
chr1	226520697	G	A	NANOG_HUMAN,OTX2_HUMAN	HEK293T (embryonic kidney),HUES64 (embryonic stem cells)	0.0	2.0398135491944513	0.015	0.917
chr1	227277545	A	G	OTX2_HUMAN	D283 Med (medulloblastoma)	0.04867115270384876	1.7264683265792593	-0.077	1.051
chr1	229027891	C	T	OTX2_HUMAN	HUES64 (embryonic stem cells),liver	1.5125941509965528	0.0	0.977	-0.222
chr1	232174042	G	A	OTX2_HUMAN	D283 Med (medulloblastoma)	2.1316027345239976	0.0	1.0959999999999999	-1.166
chr1	232252981	G	C	OTX2_HUMAN	HUES64 (embryonic stem cells)	0.0	1.3820052303269748	-0.9590000000000001	1.13
chr1	232562314	A	G	OTX2_HUMAN	D283 Med (medulloblastoma)	1.3394480605911867	0.020441945254356383	0.917	-0.16699999999999998
chr1	233998982	T	G	OTX2_HUMAN	D341 Med (medulloblastoma)	4.788882645307892	0.0	1.128	-0.44299999999999995
chr1	233999076	G	A	OTX2_HUMAN	D341 Med (medulloblastoma)	2.217203778030271	0.015786010403243667	0.904	-0.376
chr1	235906701	G	T	NDF1_HUMAN,OTX2_HUMAN	D283 Med (medulloblastoma)	2.074605770540999	0.0	1.0959999999999999	-0.792
chr1	236472846	T	C	OTX2_HUMAN	D341 Med (medulloblastoma)	1.507690556537146	0.35588447866480705	0.688	0.239
chr1	238178200	A	T	OTX2_HUMAN	HUES64 (embryonic stem cells)	0.0	1.8347530434754264	-1.112	1.273
chr1	238672592	C	T	OTX2_HUMAN	D341 Med (medulloblastoma)	1.3935009504293634	0.25454253855388076	0.611	0.012
chr1	239995677	A	G	OTX2_HUMAN	D283 Med (medulloblastoma),D341 Med (medulloblastoma)	6.069753000032872	0.0	1.097	-0.198
chr1	239995866	A	G	OTX2_HUMAN	D283 Med (medulloblastoma),D341 Med (medulloblastoma)	5.235946234173014	0.0	1.129	-0.45899999999999996
chr1	241666784	A	G	NDF1_HUMAN,OTX2_HUMAN	D283 Med (medulloblastoma),D341 Med (medulloblastoma)	1.463361920723808	0.0	1.235	-0.965
chr1	244955877	A	G	OTX2_HUMAN	D341 Med (medulloblastoma)	0.06710415129230601	2.7519629072361917	0.41600000000000004	0.821
chr1	245062690	T	C	OTX2_HUMAN	D341 Med (medulloblastoma)	0.0018708416045463668	2.938762201549339	-0.546	0.843
chr10	6244623	T	A	OTX2_HUMAN	D283 Med (medulloblastoma)	1.6085548951891555	0.0	0.71	-0.046
chr10	6565096	T	C	OTX2_HUMAN	D341 Med (medulloblastoma)	1.4163266983280218	0.008512390467266519	0.491	-0.10300000000000001
chr10	10120616	A	G	OTX2_HUMAN	D283 Med (medulloblastoma)	0.0	1.6105639723996452	-0.361	0.682
chr10	10120970	T	C	OTX2_HUMAN	D341 Med (medulloblastoma)	1.6323096530491465	0.0454061715724261	0.624	0.39899999999999997
chr10	13051111	G	A	OTX2_HUMAN	D283 Med (medulloblastoma),D341 Med (medulloblastoma)	3.7338153464362462	0.010436307800673013	0.8190000000000001	-0.34600000000000003
chr10	20237194	A	G	OTX2_HUMAN	D283 Med (medulloblastoma)	1.7372101687392454	0.0	0.7509999999999999	-0.304
chr10	25766702	G	A	OTX2_HUMAN	HUES64 (embryonic stem cells)	5.632544370420392	0.0	1.91	-2.274
chr10	27228028	A	T	OTX2_HUMAN	D341 Med (medulloblastoma)	3.6470008951543758	0.0	0.764	-0.16399999999999998
chr10	36469156	A	G	OTX2_HUMAN	D283 Med (medulloblastoma)	2.260115952227524	0.0	1.16	0.19699999999999998
chr10	44233859	T	C	OTX2_HUMAN	D341 Med (medulloblastoma)	1.5054392310465745	0.0	0.6609999999999999	-0.42200000000000004
chr10	51699913	T	C	ESR1_HUMAN,OTX2_HUMAN	fetal bone marrow-derived mononuclear cells,breast tumor tissue	1.7601057760123886	0.0	1.328	-1.227
chr10	51910461	T	G	OTX2_HUMAN	HUES64 (embryonic stem cells)	5.74893117369711	0.0	1.9180000000000001	
chr10	55979508	C	G	OTX2_HUMAN	HUES64 (embryonic stem cells)	0.0	1.7134900048768242	-1.242	1.19
chr10	58027864	G	A	OTX2_HUMAN	D283 Med (medulloblastoma)	4.098401075075189	0.0	1.004	-0.8759999999999999
chr10	68901300	G	T	AP2A_HUMAN,OTX2_HUMAN,HIF1A_HUMAN	T47D (invasive ductal carcinoma),HUES64 (embryonic stem cells)	1.587010287591833	0.0	1.325	-0.958
chr10	72298086	C	T	CTCF_HUMAN,JUN_HUMAN,OTX2_HUMAN	A549 (lung carcinoma),HUES64 (embryonic stem cells),tibial nerve	0.0	1.7767987169925594	0.285	1.3119999999999998
chr10	77388075	C	A	OTX2_HUMAN	D283 Med (medulloblastoma)	1.3554852869613114	0.0	0.782	-0.54
chr10	78359954	G	A	OTX2_HUMAN	D341 Med (medulloblastoma)	0.0	1.4900245616464343	-0.857	0.7859999999999999
chr10	82068937	A	C	OTX2_HUMAN	D283 Med (medulloblastoma)	0.0	1.9269800909772885	-1.365	1.135
chr10	84567221	C	T	OTX2_HUMAN	D341 Med (medulloblastoma)	1.7666796544412402	0.0	0.675	-0.355
chr10	93280812	G	A	OTX2_HUMAN	HUES64 (embryonic stem cells)	1.7930183199711016	0.0	1.163	-0.344
chr10	93280838	C	T	OTX2_HUMAN	HUES64 (embryonic stem cells)	0.0	2.8561050187983135	-1.348	1.51
chr10	93281012	G	A	OTX2_HUMAN	HUES64 (embryonic stem cells)	0.0	3.327170322550666	-1.4969999999999999	1.6019999999999999
chr10	94623767	A	G	OTX2_HUMAN	HUES64 (embryonic stem cells)	0.0	1.8550916175178938	-1.285	1.232
chr10	107034017	G	A	OTX2_HUMAN	D283 Med (medulloblastoma)	1.7365597128824848	0.0	0.8	-0.537
chr10	107034030	T	C	OTX2_HUMAN	D283 Med (medulloblastoma)	2.081752118901297	0.0	0.981	-0.9390000000000001
chr10	108615193	C	G	OTX2_HUMAN	D341 Med (medulloblastoma)	1.4253009078571721	0.0	0.7290000000000001	-0.276
chr10	110672322	T	G	OTX2_HUMAN	HUES64 (embryonic stem cells)	1.6786269563890264	0.0	1.085	
chr10	113558609	A	G	OTX2_HUMAN	HUES64 (embryonic stem cells)	1.5478691182176105	0.0	1.034	
chr10	116171166	A	C	EZH2_HUMAN,OTX2_HUMAN	HUES64 (embryonic stem cells),bipolar neuron	1.6218701505267372	0.0	1.055	-1.099
chr10	124451476	C	T	OTX2_HUMAN	HUES64 (embryonic stem cells)	3.873209137961427	0.0	1.6440000000000001	
chr10	126743381	T	C	OTX2_HUMAN	D283 Med (medulloblastoma),D341 Med (medulloblastoma)	0.04677477746385371	2.158071910979881	0.201	0.657
chr11	11555377	A	G	OTX2_HUMAN	D341 Med (medulloblastoma)	1.8956952987371072	0.0	0.606	-0.45399999999999996
chr11	11947194	G	A	OTX2_HUMAN	D341 Med (medulloblastoma)	2.6307388835113414	0.0	0.762	-0.106
chr11	11947206	T	G	OTX2_HUMAN	D341 Med (medulloblastoma)	3.7338153464362462	0.0	0.978	-0.177
chr11	14013151	G	T	OTX2_HUMAN	D341 Med (medulloblastoma)	1.6282807813288223	0.03365015816982843	0.682	0.046
chr11	14013268	C	T	OTX2_HUMAN	D341 Med (medulloblastoma)	1.969405113805097	0.0	0.684	-0.149
chr11	14132523	A	T	OTX2_HUMAN	D341 Med (medulloblastoma)	0.002673349973590577	1.6901651316200401	0.047	0.688
chr11	32363400	A	G	OTX2_HUMAN	D341 Med (medulloblastoma)	0.001746322436524987	2.0372124918887593	0.14400000000000002	0.713
chr11	32874279	T	C	OTX2_HUMAN	HUES64 (embryonic stem cells)	2.233309478438486	0.0	1.195	-1.368
chr11	41720922	C	T	OTX2_HUMAN	HUES64 (embryonic stem cells)	0.0	3.0711263847841366		1.505
chr11	44798282	G	A	OTX2_HUMAN	HUES64 (embryonic stem cells)	0.0	5.629678788544391		1.91
chr11	44824572	C	T	OTX2_HUMAN	HUES64 (embryonic stem cells)	2.081752118901297	0.0	1.225	
chr11	62123822	C	G	ZBT40_HUMAN,ELF4_HUMAN,NRF1_HUMAN,BC11B_HUMAN,OTX2_HUMAN,KMT2A_HUMAN	HEK293T (embryonic kidney),A549 (lung carcinoma),GM12878 (female B-cells),HeLa S3 (cervical adenocarcinoma),HUES64 (embryonic stem cells),K562 (myelogenous leukemia),fetal bone marrow-derived mononuclear cells,thymus-derived CD34+ cells	0.0	1.529188121260849	-0.519	0.431
chr11	78118132	T	C	OTX2_HUMAN	D341 Med (medulloblastoma)	1.338435644739	0.041063764980345564	0.564	0.09300000000000001
chr11	79025689	G	T	OTX2_HUMAN	HUES64 (embryonic stem cells)	4.5634639107774575	0.0	1.785	-2.148
chr11	98534566	C	G	OTX2_HUMAN	D341 Med (medulloblastoma)	0.0	2.8561050187983135	-0.239	0.695
chr11	98607592	G	T	OTX2_HUMAN	D341 Med (medulloblastoma)	1.5854377965077773	0.010436307800673013	0.488	-0.174
chr11	98630833	A	G	OTX2_HUMAN	D341 Med (medulloblastoma)	2.384308392386803	0.051485471698713876	0.747	-0.015
chr11	98631048	T	G	OTX2_HUMAN	D341 Med (medulloblastoma)	1.8715158214465668	0.0	0.679	-0.303
chr11	102571185	A	G	OTX2_HUMAN	D341 Med (medulloblastoma)	2.721574023771395	0.010436307800673013	1.093	-0.358
chr11	109338752	T	C	OTX2_HUMAN	D341 Med (medulloblastoma)	1.3060496631757306	0.002621269049044245	0.56	0.07
chr11	112822739	C	G	OTX2_HUMAN	HUES64 (embryonic stem cells)	2.850480294868636	0.0	1.484	-1.298
chr11	124843366	T	C	OTX2_HUMAN	HUES64 (embryonic stem cells)	1.70925430784197	0.0	1.157	-1.079
chr11	124898165	A	G	OTX2_HUMAN	D341 Med (medulloblastoma)	2.8116131337609582	0.0	0.7490000000000001	-0.264
chr11	128815422	C	T	OTX2_HUMAN	HUES64 (embryonic stem cells)	2.5084610059071863	0.0	1.347	
chr11	133742522	A	G	OTX2_HUMAN	D341 Med (medulloblastoma)	3.6139748505799374	0.0	1.5859999999999999	
chr11	134856221	A	T	OTX2_HUMAN	D341 Med (medulloblastoma)	1.598216647626627	0.0	1.114	-1.036
chr12	5068557	C	T	NDF1_HUMAN,OTX2_HUMAN	D283 Med (medulloblastoma)	2.278200325872574	0.015295671784033179	1.2429999999999999	-0.318
chr12	7860483	T	C	OTX2_HUMAN	HUES64 (embryonic stem cells)	1.5977749619771882	0.0	1.1320000000000001	-0.987
chr12	14257700	C	T	ESR1_HUMAN,AP2A_HUMAN,TF65_HUMAN,OTX2_HUMAN	cranial neural crest cells,HUES64 (embryonic stem cells),monocyte-derived macrophages,breast tumor tissue	3.5350475259790928	0.0	1.851	
chr12	14797513	G	A	OTX2_HUMAN	D341 Med (medulloblastoma)	2.262612003526237	0.014000161611627714	0.8029999999999999	-0.198
chr12	14968759	C	T	OTX2_HUMAN	D341 Med (medulloblastoma)	0.1999744665891917	1.962048431069559	0.102	0.873
chr12	21430308	T	C	OTX2_HUMAN	D341 Med (medulloblastoma)	2.8140906319649583	0.0	1.0	-0.435
chr12	25397147	C	T	OTX2_HUMAN	HUES64 (embryonic stem cells)	0.0	1.894261013565581	-1.067	1.2890000000000001
chr12	28568952	G	A	OTX2_HUMAN	D283 Med (medulloblastoma)	1.6968163479916394	0.0	1.128	-1.143
chr12	29239070	G	C	NDF1_HUMAN,OTX2_HUMAN	D283 Med (medulloblastoma)	1.8820330800828757	0.0	1.042	-1.0290000000000001
chr12	29239149	G	T	OTX2_HUMAN	D283 Med (medulloblastoma)	2.03553507233968	0.00464964323772888	0.978	-0.53
chr12	30269152	A	T	OTX2_HUMAN	D341 Med (medulloblastoma)	0.1659676559904772	1.8912486726329392	-0.162	0.778
chr12	32400746	G	A	OTX2_HUMAN	HUES64 (embryonic stem cells)	2.5084610059071863	0.0	1.347	
chr12	32454429	C	T	OTX2_HUMAN	HUES64 (embryonic stem cells)	2.081752118901297	0.0	1.256	-1.275
chr12	32502151	C	T	OTX2_HUMAN	HUES64 (embryonic stem cells)	3.9352579874422076	0.0	1.6740000000000002	-1.704
chr12	50687157	T	C	OTX2_HUMAN	D283 Med (medulloblastoma)	2.349303519876361	0.0	1.3330000000000002	-1.35
chr12	56104457	G	A	AP2A_HUMAN,STAT1_HUMAN,TF65_HUMAN,OTX2_HUMAN	U2OS (osteosarcoma),CD14+ monocytes,cranial neural crest cells,HUES64 (embryonic stem cells),HAEC (human aortic endothelial cells),breast tumor tissue	2.7848908058618242	0.0	1.745	
chr12	59070434	A	T	OTX2_HUMAN	D341 Med (medulloblastoma)	0.2966754422435216	1.5164478579849772	-0.11199999999999999	0.7070000000000001
chr12	62653898	C	T	OTX2_HUMAN	HUES64 (embryonic stem cells)	3.8562036576387073	0.0	1.6680000000000001	-1.608
chr12	68140740	A	G	OTX2_HUMAN	D341 Med (medulloblastoma)	0.026143646505043586	1.8550916175178938	-0.489	0.93
chr12	68227532	T	C	OTX2_HUMAN	D283 Med (medulloblastoma)	2.484783378438053	0.0	0.7859999999999999	-0.066
chr12	71201343	A	T	OTX2_HUMAN	HUES64 (embryonic stem cells)	0.0	5.700443629694279	-2.033	1.8769999999999998
chr12	71308406	T	A	OTX2_HUMAN	D341 Med (medulloblastoma)	7.339941147970921	0.0	1.344	-0.501
chr12	71308430	G	C	OTX2_HUMAN	D341 Med (medulloblastoma)	6.262297972439284	0.0	1.2790000000000001	-0.45
chr12	71315577	C	T	OTX2_HUMAN	D341 Med (medulloblastoma)	0.06710415129230601	1.6277456414215696	-0.212	0.7240000000000001
chr12	73256478	T	C	OTX2_HUMAN	D283 Med (medulloblastoma)	1.884826622442661	0.0	0.86	-0.373
chr12	75878195	G	A	ZFHX2_HUMAN,OTX2_HUMAN	HEK293 (embryonic kidney),HepG2 (hepatoblastoma),D341 Med (medulloblastoma)	1.6611693997530868	0.0	1.59	-2.097
chr12	78802792	T	C	OTX2_HUMAN	D341 Med (medulloblastoma)	0.0022827309367511573	3.5408558174069595	-0.10099999999999999	0.763
chr12	79381468	G	T	OTX2_HUMAN	HUES64 (embryonic stem cells)	0.0	1.4194979420604819		1.048
chr12	84700510	A	C	OTX2_HUMAN	D341 Med (medulloblastoma)	1.5589620929014474	0.0	0.7659999999999999	-0.133
chr12	89544813	G	A	OTX2_HUMAN	HUES64 (embryonic stem cells)	1.8956952987371072	0.0257839116779596	0.818	-0.079
chr12	92208965	G	T	OTX2_HUMAN	D341 Med (medulloblastoma)	1.6939584062774418	0.04338703502048502	0.7759999999999999	-0.10099999999999999
chr12	93742233	G	C	HDAC1_HUMAN,OTX2_HUMAN	K562 (myelogenous leukemia)	0.0	1.6838048456798407	-0.841	1.253
chr12	97785015	C	A	OTX2_HUMAN	HUES64 (embryonic stem cells)	0.0	1.9849222111763585		1.239
chr12	105310530	T	C	OTX2_HUMAN	D341 Med (medulloblastoma)	1.3901797726814074	0.0	1.1179999999999999	
chr12	106136383	C	T	OTX2_HUMAN	GM12878 (female B-cells),HEK293 (embryonic kidney),HUES64 (embryonic stem cells),K562 (myelogenous leukemia),PC3 (prostate carcinoma),Peyer's patch	2.260115952227524	0.0	1.3430000000000002	-1.156
chr12	107324217	T	G	OTX2_HUMAN	D283 Med (medulloblastoma)	1.7984480186705587	0.007843870538478664	0.775	0.193
chr12	112409726	C	T	STAT1_HUMAN,OTX2_HUMAN	CD14+ monocytes,HUES64 (embryonic stem cells),monocyte-derived macrophages	2.2431403393442673	0.0	1.219	-2.735
chr12	119399445	C	T	OTX2_HUMAN	D341 Med (medulloblastoma)	1.8790278635129711	0.3108809671934291	0.636	0.135
chr12	124463689	G	A	OTX2_HUMAN	D341 Med (medulloblastoma)	2.5430819294377383	0.0	0.885	-0.031
chr12	128673822	A	C	OTX2_HUMAN	D283 Med (medulloblastoma)	1.4929631815752578	0.0	0.7929999999999999	-0.24600000000000002
chr13	39490394	T	C	OTX2_HUMAN	HUES64 (embryonic stem cells)	0.0	1.604703875514881	-1.19	1.145
chr13	53065010	G	A	OTX2_HUMAN	D341 Med (medulloblastoma)	0.004978846000674519	2.919029563394335	0.047	0.802
chr13	53191215	G	C	OTX2_HUMAN	HEK293 (embryonic kidney),HUES64 (embryonic stem cells)	0.0	2.695664528649592	-1.274	1.4669999999999999
chr13	54614145	G	T	OTX2_HUMAN	D341 Med (medulloblastoma)	4.450474300874299	0.0	0.833	0.129
chr13	68673502	T	C	OTX2_HUMAN	D341 Med (medulloblastoma)	0.035464073182456916	1.6323036582039914	0.369	0.7979999999999999
chr13	70611847	C	T	OTX2_HUMAN	D341 Med (medulloblastoma)	3.5784226031670348	0.0015916989043627925	1.032	-0.155
chr13	79529094	C	T	PKNX1_HUMAN,CTBP1_HUMAN,OTX2_HUMAN	HEK293T (embryonic kidney),D283 Med (medulloblastoma),D341 Med (medulloblastoma)	0.0	7.082364452065356		0.667
chr13	79529143	T	C	PKNX1_HUMAN,NDF1_HUMAN,OTX2_HUMAN,PBX3_HUMAN	HEK293T (embryonic kidney),D283 Med (medulloblastoma),D341 Med (medulloblastoma)	0.0	2.0484398657461074		0.48100000000000004
chr13	90065706	G	A	OTX2_HUMAN	D283 Med (medulloblastoma)	2.282242966374956	0.0	1.08	-0.755
chr13	93209468	C	G	OTX2_HUMAN	D283 Med (medulloblastoma)	1.4887023563220572	0.0	0.94	-0.215
chr13	94416203	G	A	OTX2_HUMAN	D341 Med (medulloblastoma)	0.0	3.8086258536400606	-0.12	0.861
chr13	95344148	C	T	OTX2_HUMAN	D283 Med (medulloblastoma)	0.00030621987894748315	1.341489071493035	-1.079	1.3159999999999998
chr13	95347485	A	G	OTX2_HUMAN	D341 Med (medulloblastoma)	2.6110039938257117	0.025723954966379713	0.738	-0.315
chr13	96130830	C	T	OTX2_HUMAN	D283 Med (medulloblastoma)	1.669287038089851	0.03601870988919375	1.036	-0.537
chr13	98272719	G	A	OTX2_HUMAN	HUES64 (embryonic stem cells)	1.3999585861203248	0.06471731929803749	0.757	0.28800000000000003
chr13	102707548	G	T	OTX2_HUMAN	D283 Med (medulloblastoma)	0.0	2.4572868191109087	-0.5920000000000001	1.1320000000000001
chr14	30363163	G	A	OTX2_HUMAN	D283 Med (medulloblastoma)	2.5474093147300456	0.0	0.87	-0.348
chr14	30363188	G	A	OTX2_HUMAN	D283 Med (medulloblastoma)	1.9216633136984216	0.0	0.7190000000000001	-0.239
chr14	38791965	G	A	OTX2_HUMAN	HUES64 (embryonic stem cells)	0.0	6.331130416253513		2.016
chr14	38792188	A	C	OTX2_HUMAN	HUES64 (embryonic stem cells)	0.0	1.8414425545718596		1.195
chr14	41760905	T	C	OTX2_HUMAN	D283 Med (medulloblastoma)	2.453177748686338	0.0	0.961	-0.31
chr14	53355729	C	A	OTX2_HUMAN	HUES64 (embryonic stem cells)	3.4436542031438035	0.0	1.719	0.19899999999999998
chr14	58882834	C	T	OTX2_HUMAN	D283 Med (medulloblastoma)	0.031160038145831567	1.669707969060183	0.193	0.892
chr14	71363152	G	A	OTX2_HUMAN	D341 Med (medulloblastoma)	4.0626649979207725	0.0	0.8909999999999999	-0.679
chr14	73831280	G	A	OTX2_HUMAN	D283 Med (medulloblastoma)	1.5478691182176105	0.0	0.642	-0.284
chr14	75453170	G	T	OTX2_HUMAN	HUES64 (embryonic stem cells)	1.9391920100543072	0.0	1.18	
chr14	76666922	G	A	OTX2_HUMAN	HUES64 (embryonic stem cells)	2.218778168223602	0.0	1.295	-1.317
chr14	77344715	C	T	OTX2_HUMAN	D283 Med (medulloblastoma)	0.0	1.5005749671022484	-0.512	0.7909999999999999
chr14	79091716	C	T	OTX2_HUMAN	HUES64 (embryonic stem cells)	0.0	1.5649615005803252		1.099
chr15	38749554	T	C	OTX2_HUMAN	D283 Med (medulloblastoma)	2.149108766500804	0.0	0.785	-0.204
chr15	45783116	C	T	OTX2_HUMAN	D341 Med (medulloblastoma)	4.915751681148763	0.0	0.9590000000000001	-0.59
chr15	46470635	C	G	OTX2_HUMAN	D283 Med (medulloblastoma)	0.0	3.423589318812996	-0.121	1.151
chr15	47392311	A	G	OTX2_HUMAN	D283 Med (medulloblastoma)	2.0654370462858864	0.0	0.7	-0.397
chr15	47392333	G	A	OTX2_HUMAN	D283 Med (medulloblastoma)	2.459850776725632	0.0	0.903	-0.667
chr15	47392435	C	G	OTX2_HUMAN	D341 Med (medulloblastoma)	2.057444056568368	0.13383263942394807	0.6629999999999999	0.187
chr15	47778596	C	A	OTX2_HUMAN	HUES64 (embryonic stem cells)	2.282242966374956	0.0	1.29	-1.455
chr15	53536998	A	T	OTX2_HUMAN	D341 Med (medulloblastoma)	1.4028393498092047	0.05366582657567924	0.722	0.43700000000000006
chr15	82995439	C	G	NDF1_HUMAN,OTX2_HUMAN	D283 Med (medulloblastoma)	0.0	1.3249520594992126	-0.203	0.605
chr15	91484340	G	C	OTX2_HUMAN	D341 Med (medulloblastoma)	2.592004103775738	0.0015916989043627925	0.568	0.026000000000000002
chr15	101069532	G	A	OTX2_HUMAN	HUES64 (embryonic stem cells)	1.365229964733838	0.0	0.981	-0.99
chr16	4948217	C	T	OTX2_HUMAN	HEK293 (embryonic kidney),HUES64 (embryonic stem cells)	0.0	3.1598438859612257	-1.611	1.551
chr16	4948218	A	G	OTX2_HUMAN	HEK293 (embryonic kidney),HepG2 (hepatoblastoma),HUES64 (embryonic stem cells),K562 (myelogenous leukemia)	2.8116131337609582	0.0	1.421	
chr16	6318219	T	A	OTX2_HUMAN	HUES64 (embryonic stem cells)	2.5084610059071863	0.0	1.347	
chr16	9408424	A	G	OTX2_HUMAN	D341 Med (medulloblastoma)	0.0	2.5311621954605115	-0.146	0.695
chr16	13594941	G	C	OTX2_HUMAN	HUES64 (embryonic stem cells)	2.9267815610116092	0.0	1.456	
chr16	15989515	C	T	OTX2_HUMAN	HUES64 (embryonic stem cells),K562 (myelogenous leukemia)	1.8287976540899804	0.0	1.198	-1.121
chr16	54331542	T	C	OTX2_HUMAN	HUES64 (embryonic stem cells)	0.0	2.0241020575949284	-1.8230000000000002	1.415
chr16	60311078	C	T	OTX2_HUMAN	D341 Med (medulloblastoma)	0.0	2.2309990312356	-0.39299999999999996	0.778
chr16	63981791	T	C	OTX2_HUMAN	HUES64 (embryonic stem cells)	2.7698459911743427	0.0	1.524	
chr16	69072476	G	C	GLIS1_HUMAN,OTX2_HUMAN	HUES64 (embryonic stem cells)	0.0	2.6311436240663233	-1.274	1.4669999999999999
chr16	69078249	G	A	OTX2_HUMAN	HUES64 (embryonic stem cells)	1.687805013190272	0.0	1.227	-1.17
chr16	77336743	T	C	OTX2_HUMAN	HEK293 (embryonic kidney)	1.3939164528981276	0.0	1.099	-1.044
chr16	78352610	G	C	OTX2_HUMAN	D341 Med (medulloblastoma)	1.537349180130879	0.0	0.9520000000000001	-0.963
chr17	19780251	A	T	OTX2_HUMAN	D283 Med (medulloblastoma)	2.101747524477651	0.0	1.205	-0.408
chr17	19828920	A	C	OTX2_HUMAN	D283 Med (medulloblastoma)	1.43480886603803	0.07347683925592266	0.85	0.039
chr17	21227541	T	C	OTX2_HUMAN	D283 Med (medulloblastoma)	1.687805013190272	0.0	1.0959999999999999	-0.7070000000000001
chr17	32196024	C	G	OTX2_HUMAN	D283 Med (medulloblastoma)	0.04021053852155464	1.845346179879614	-0.102	1.003
chr17	45135596	G	T	RAD21_HUMAN,SMC3_HUMAN,HTF4_HUMAN,FOXK2_HUMAN,OTX2_HUMAN	A549 (lung carcinoma),CD34+ stem cells-derived erythroblasts,GM12878 (female B-cells),HUES64 (embryonic stem cells),K562 (myelogenous leukemia),hepatocytes,neutrophils	1.601352255275514	0.0	0.8959999999999999	-0.05
chr17	45745863	T	C	OTX2_HUMAN	HUES64 (embryonic stem cells)	2.592004103775738	0.0	1.413	-1.35
chr17	46044551	C	T	OTX2_HUMAN	H1 (embryonic stem cells),fibroblast of dermis,hepatocytes	1.5545106642880848	0.16690824563742576	0.545	-0.037000000000000005
chr17	46071931	A	C	OTX2_HUMAN	D341 Med (medulloblastoma)	2.8884966431921058	0.022681905558601625	0.7709999999999999	-0.341
chr17	50502168	C	T	OTX2_HUMAN	D341 Med (medulloblastoma)	2.2184806933007954	0.0	0.922	-0.047
chr17	52138338	T	C	OTX2_HUMAN	D341 Med (medulloblastoma)	0.05766009010944221	1.305937445286205	0.02	0.693
chr17	55355126	A	G	OTX2_HUMAN	D341 Med (medulloblastoma)	0.42780884916819595	1.6323036582039914	0.207	0.7
chr17	55759339	T	C	OTX2_HUMAN	D341 Med (medulloblastoma)	0.0001696086861939719	4.790379330307689	-0.379	1.061
chr17	55759414	C	T	OTX2_HUMAN	D341 Med (medulloblastoma)	0.03254753233656233	3.2318807454744207	-0.22899999999999998	0.893
chr17	56699594	A	T	ANDR_HUMAN,JUN_HUMAN,OTX2_HUMAN	A549 (lung carcinoma),MCF7 (Invasive ductal breast carcinoma),HUES64 (embryonic stem cells),LHSAR (prostate epithelial cells),SK-N-SH (neuroblastoma)	0.0	1.8434222275906038	-2.102	1.524
chr17	59438106	G	A	OTX2_HUMAN	D283 Med (medulloblastoma),D341 Med (medulloblastoma)	0.06286277101439773	3.2861243135005225	0.069	0.855
chr17	63171776	T	A	OTX2_HUMAN	D341 Med (medulloblastoma)	0.0	3.0711263847841366	0.141	0.862
chr17	64257044	G	A	OTX2_HUMAN	D283 Med (medulloblastoma),D341 Med (medulloblastoma)	0.0	4.869919234586366	-0.10099999999999999	0.9259999999999999
chr17	66745134	T	G	OTX2_HUMAN	D283 Med (medulloblastoma)	4.430144258208111	0.05459514226590366	1.473	-0.469
chr17	67125766	C	T	OTX2_HUMAN	D283 Med (medulloblastoma),D341 Med (medulloblastoma)	6.262297972439284	0.0	0.988	-0.239
chr17	69059404	A	G	OTX2_HUMAN	MCF7 (Invasive ductal breast carcinoma),D283 Med (medulloblastoma)	1.5854377965077773	0.021843646666605532	0.909	0.035
chr17	69713404	C	T	OTX2_HUMAN	D283 Med (medulloblastoma)	1.4773235581139201	0.5040162115374701	0.802	0.46799999999999997
chr17	70141099	G	A	OTX2_HUMAN	D341 Med (medulloblastoma)	0.0026387779433403027	3.8086258536400606	-0.184	0.8859999999999999
chr17	71032906	G	T	OTX2_HUMAN	HUES64 (embryonic stem cells)	0.0	5.936928852038626	-2.234	1.964
chr17	73278341	C	A	OTX2_HUMAN	D341 Med (medulloblastoma)	1.9469575905332126	0.0	0.667	-0.115
chr18	10203151	G	A	OTX2_HUMAN	D341 Med (medulloblastoma)	3.6139748505799374	0.028149408887073145	0.998	0.462
chr18	10203244	C	T	OTX2_HUMAN	D341 Med (medulloblastoma)	2.5541562992245863	0.44894164550412835	1.105	0.504
chr18	11483974	T	G	OTX2_HUMAN	D341 Med (medulloblastoma)	2.2840689390241704	0.0032167722572023437	0.972	-0.64
chr18	11483980	A	C	OTX2_HUMAN	D341 Med (medulloblastoma)	1.8287976540899804	0.011312680982516506	0.9109999999999999	-0.685
chr18	21342592	C	A	OTX2_HUMAN	HUES64 (embryonic stem cells)	3.5518797715395074	0.0	1.5919999999999999	-1.62
chr18	36189101	A	G	OTX2_HUMAN	HUES64 (embryonic stem cells)	2.349303519876361	0.0	1.3330000000000002	-1.35
chr18	38527139	C	T	OTX2_HUMAN	D283 Med (medulloblastoma)	0.0	1.623225751298286	-0.462	0.9640000000000001
chr18	41859657	G	A	OTX2_HUMAN	D341 Med (medulloblastoma)	0.058704579561303004	1.656182631469442	-0.759	1.175
chr18	41871685	G	A	OTX2_HUMAN	D283 Med (medulloblastoma)	0.008870840172978326	1.430617950954294	-0.364	0.643
chr18	53851201	A	G	OTX2_HUMAN	HUES64 (embryonic stem cells)	1.4228963105000054	0.0	1.2329999999999999	0.552
chr18	55037330	C	T	OTX2_HUMAN	D283 Med (medulloblastoma)	1.8155104468289807	0.0	1.209	-1.062
chr18	55147902	A	C	NDF1_HUMAN,OTX2_HUMAN	D283 Med (medulloblastoma)	2.028249018835142	0.0	1.238	0.087
chr18	60262199	G	A	OTX2_HUMAN	D341 Med (medulloblastoma)	0.15795786787812735	1.5696270047426275	-0.5329999999999999	1.011
chr18	66272246	G	A	OTX2_HUMAN	HUES64 (embryonic stem cells)	0.0	5.353861338522022	-2.234	1.89
chr19	7629716	C	G	ESR1_HUMAN,OTX2_HUMAN	HUES64 (embryonic stem cells),breast tumor tissue	3.347582097834685	0.0	1.3419999999999999	
chr19	8170919	T	G	OTX2_HUMAN	D341 Med (medulloblastoma)	1.4245171116641666	0.0	0.5	-0.354
chr19	9047514	A	G	OTX2_HUMAN	D283 Med (medulloblastoma)	1.5054392310465745	0.0	0.757	-0.24600000000000002
chr19	32678097	A	C	OTX2_HUMAN	D283 Med (medulloblastoma),D341 Med (medulloblastoma)	0.0	6.111125770515749	-0.223	0.7809999999999999
chr19	37990004	C	T	OTX2_HUMAN	HUES64 (embryonic stem cells)	1.6786269563890264	0.0	1.085	
chr19	55654555	G	A	ARI1B_HUMAN,OTX2_HUMAN	HUES64 (embryonic stem cells),K562 (myelogenous leukemia)	1.354203286169444	0.0	1.551	-2.166
chr19	57625913	A	G	OTX2_HUMAN	D283 Med (medulloblastoma)	1.5249543755840966	0.0	0.821	-0.696
chr2	5726233	A	G	OTX2_HUMAN	HUES64 (embryonic stem cells)	2.218778168223602	0.0	1.295	-1.317
chr2	9087633	G	T	OTX2_HUMAN	D283 Med (medulloblastoma)	1.6911786385797896	0.0	0.682	-0.239
chr2	9669482	G	A	OTX2_HUMAN	D341 Med (medulloblastoma)	1.3925590734780307	0.015786010403243667	0.47600000000000003	-0.006999999999999999
chr2	15331895	T	C	OTX2_HUMAN	D283 Med (medulloblastoma)	2.8103102085819915	0.0	0.956	-0.664
chr2	18087185	G	A	OTX2_HUMAN	D283 Med (medulloblastoma)	2.5440294800889194	0.0	0.941	-0.446
chr2	18777616	T	C	OTX2_HUMAN	HUES64 (embryonic stem cells)	1.8287976540899804	0.0	1.198	-1.121
chr2	19026106	T	G	OTX2_HUMAN	D283 Med (medulloblastoma)	2.296741977587434	0.0	0.835	-0.743
chr2	23757024	C	G	OTX2_HUMAN	D341 Med (medulloblastoma)	1.436524645805827	0.004152823625963249	0.569	-0.027999999999999997
chr2	29050717	T	A	OTX2_HUMAN	D341 Med (medulloblastoma)	2.3130115404277087	0.0	0.75	-0.124
chr2	29050791	G	A	OTX2_HUMAN	D341 Med (medulloblastoma)	2.8273377263036257	0.0	0.863	-0.423
chr2	29050796	C	T	OTX2_HUMAN	D341 Med (medulloblastoma)	2.95570128314825	0.0	0.789	-0.21
chr2	30255587	T	G	TBX21_HUMAN,OTX2_HUMAN	Th1-cells,D341 Med (medulloblastoma)	1.3847261671264415	0.0	0.9279999999999999	-0.544
chr2	38666042	G	A	HTF4_HUMAN,FOXK2_HUMAN,OTX2_HUMAN	GM12878 (female B-cells),K562 (myelogenous leukemia)	1.382672705717116	0.0	1.315	
chr2	40101465	C	T	AP2A_HUMAN,OTX2_HUMAN	cranial neural crest cells,D341 Med (medulloblastoma)	2.642619736802127	0.0	1.538	
chr2	44170486	A	C	OTX2_HUMAN	D341 Med (medulloblastoma)	1.9781932849249473	0.0	0.961	-0.196
chr2	48447352	T	A	OTX2_HUMAN	D341 Med (medulloblastoma)	2.6983701471868895	0.0	1.209	-0.016
chr2	54321866	C	T	OTX2_HUMAN	D283 Med (medulloblastoma)	1.5545106642880848	0.0	0.777	-0.37
chr2	54586409	A	G	NDF1_HUMAN,OTX2_HUMAN	D283 Med (medulloblastoma)	1.4458121826285355	0.0	0.91	-1.045
chr2	65269595	G	A	OTX2_HUMAN	D341 Med (medulloblastoma)	3.64500144980398	0.0	1.2890000000000001	-1.237
chr2	72848093	A	G	OTX2_HUMAN	D341 Med (medulloblastoma)	0.0	2.0570624817430114	-0.436	0.772
chr2	72848165	A	C	OTX2_HUMAN	D341 Med (medulloblastoma)	0.0	2.7028369489299564	-0.732	0.7879999999999999
chr2	72848172	A	G	OTX2_HUMAN	D341 Med (medulloblastoma)	0.0	3.0949997319814986	-0.795	0.877
chr2	85256022	G	A	OTX2_HUMAN	HUES64 (embryonic stem cells)	1.8287976540899804	0.0	1.198	-1.121
chr2	85256273	T	C	OTX2_HUMAN	HUES64 (embryonic stem cells)	1.5038423747443808	0.0	1.105	-0.9109999999999999
chr2	97770715	G	A	OTX2_HUMAN	HUES64 (embryonic stem cells)	1.497213110379027	0.0	1.07	-0.9890000000000001
chr2	105627239	C	T	OTX2_HUMAN	D283 Med (medulloblastoma),D341 Med (medulloblastoma)	0.0	3.140000162227366	-0.083	0.804
chr2	113828906	G	A	OTX2_HUMAN	D341 Med (medulloblastoma)	2.312577523237641	0.028765497262291058	0.654	0.064
chr2	117726792	C	G	OTX2_HUMAN	D341 Med (medulloblastoma)	1.6320772789165647	0.0	0.769	-0.141
chr2	136126253	C	T	FOXA1_HUMAN,FOXA2_HUMAN,OTX2_HUMAN	HUES64 (embryonic stem cells)	0.0	3.1912897767823183	-1.291	1.492
chr2	136492576	C	A	OTX2_HUMAN	D341 Med (medulloblastoma)	1.7568390200178636	0.010045324322258731	0.506	0.121
chr2	145490269	C	T	OTX2_HUMAN	D283 Med (medulloblastoma)	1.8287976540899804	0.0	1.198	-1.121
chr2	149133573	C	T	OTX2_HUMAN	D341 Med (medulloblastoma)	0.0	2.4275489286861074	-0.745	0.746
chr2	154375772	G	C	RAD21_HUMAN,SMC3_HUMAN,OTX2_HUMAN	A549 (lung carcinoma),HUES64 (embryonic stem cells)	0.0	5.9910989347074315	-0.086	0.93
chr2	155905792	G	C	OTX2_HUMAN	HUES64 (embryonic stem cells)	1.6786269563890264	0.0	1.085	
chr2	167845011	A	T	MTG16_HUMAN,OTX2_HUMAN	HUES64 (embryonic stem cells),K562 (myelogenous leukemia)	0.0	1.5426230231819302	-0.847	1.042
chr2	171260842	G	A	OTX2_HUMAN	HepG2 (hepatoblastoma),HUES64 (embryonic stem cells)	1.4245171116641666	0.0	0.9790000000000001	
chr2	171279457	G	A	OTX2_HUMAN	D341 Med (medulloblastoma)	2.722921130863906	0.010992543634421252	0.664	-0.083
chr2	177293315	A	G	OTX2_HUMAN	D341 Med (medulloblastoma)	1.354969713333169	0.017078991459741715	0.535	-0.013000000000000001
chr2	178906271	A	G	OTX2_HUMAN	D341 Med (medulloblastoma)	0.013015544775970335	2.3426599985017864	0.111	0.6809999999999999
chr2	178933538	C	G	OTX2_HUMAN	D283 Med (medulloblastoma)	2.480910905438411	0.0	0.8759999999999999	-0.8340000000000001
chr2	183167114	C	G	OTX2_HUMAN	D283 Med (medulloblastoma)	1.8473003167282205	0.0	0.8240000000000001	-0.226
chr2	188303828	A	T	OTX2_HUMAN	HUES64 (embryonic stem cells)	2.101747524477651	0.0	1.301	-1.081
chr2	205011062	C	T	OTX2_HUMAN	D283 Med (medulloblastoma)	0.0	1.8847052174959875	-0.317	0.9079999999999999
chr2	209864910	T	G	OTX2_HUMAN	HUES64 (embryonic stem cells)	1.8287976540899804	0.0	1.198	-1.121
chr2	215563667	C	T	OTX2_HUMAN	D341 Med (medulloblastoma)	1.5849007403230164	0.00464964323772888	0.586	0.099
chr2	215713201	G	A	OTX2_HUMAN	D283 Med (medulloblastoma)	4.304105262643586	0.0	1.065	-0.733
chr2	226339933	T	C	ATF2_HUMAN,OTX2_HUMAN	D341 Med (medulloblastoma)	1.7210041596704144	0.0	1.524	
chr2	231180034	C	T	OTX2_HUMAN	HUES64 (embryonic stem cells)	2.2133155071009694	0.0	1.2919999999999998	-1.46
chr2	237257846	C	T	OTX2_HUMAN	D341 Med (medulloblastoma)	3.6048307751579918	0.0	0.708	-0.018000000000000002
chr20	5393712	G	T	OTX2_HUMAN	D341 Med (medulloblastoma)	2.3130115404277087	0.0	0.579	-0.205
chr20	10313948	G	C	OTX2_HUMAN	HUES64 (embryonic stem cells)	3.7338153464362462	0.0	1.615	
chr20	10637926	T	C	OTX2_HUMAN	HUES64 (embryonic stem cells)	0.0	3.917866412629221		1.659
chr20	13840024	T	C	OTX2_HUMAN	D341 Med (medulloblastoma)	0.0	4.790379330307689	-0.309	0.877
chr20	14693192	G	T	OTX2_HUMAN	HUES64 (embryonic stem cells),D283 Med (medulloblastoma)	0.0	1.682210449986996	-0.013999999999999999	0.823
chr20	15561790	C	G	OTX2_HUMAN	HUES64 (embryonic stem cells)	1.946441381262053	0.0	1.237	-1.163
chr20	34984116	A	T	OTX2_HUMAN	HUES64 (embryonic stem cells)	0.0	1.6916694506399765		1.148
chr20	45538650	T	G	OTX2_HUMAN	D283 Med (medulloblastoma)	0.0	1.8414425545718596		1.195
chr20	46029657	G	A	OTX2_HUMAN	HUES64 (embryonic stem cells)	1.5880244443786191	0.0	1.074	-0.29100000000000004
chr20	47319545	T	C	OTX2_HUMAN,SPI1_HUMAN	HUES64 (embryonic stem cells),monocyte-derived macrophages	3.464051659408591	0.0	1.59	-1.526
chr20	47319598	C	A	OTX2_HUMAN,SPI1_HUMAN	HUES64 (embryonic stem cells)	3.218191963268076	0.0	1.5330000000000001	-1.5619999999999998
chr20	47319703	A	T	OTX2_HUMAN	HUES64 (embryonic stem cells)	2.349303519876361	0.0	1.3330000000000002	-1.35
chr20	49848258	T	A	OTX2_HUMAN	HUES64 (embryonic stem cells)	0.0	3.5565802304547542		1.6
chr20	56736621	G	T	OTX2_HUMAN	HUES64 (embryonic stem cells)	0.0	2.6229709446534994		1.399
chr20	57323250	C	T	OTX2_HUMAN	HUES64 (embryonic stem cells)	2.081752118901297	0.0	1.225	
chr21	13304980	T	C	OTX2_HUMAN	VCaP (prostate carcinoma),D283 Med (medulloblastoma)	4.449866937668742	0.0	1.219	-0.675
chr21	24148526	G	T	OTX2_HUMAN	D283 Med (medulloblastoma)	0.0	1.6916694506399765	-0.155	0.899
chr21	39183785	C	G	NRF1_HUMAN,OTX2_HUMAN	HUES64 (embryonic stem cells),K562 (myelogenous leukemia)	8.263514445965772	0.0	0.8029999999999999	
chr22	23367324	T	C	OTX2_HUMAN	LNCaP (prostate carcinoma),VCaP (prostate carcinoma),HUES64 (embryonic stem cells)	1.4827045876988285	0.0	1.094	-0.8390000000000001
chr22	28276810	C	T	OTX2_HUMAN	D283 Med (medulloblastoma)	0.0	1.9884231391415303		1.1179999999999999
chr22	33756674	T	G	OTX2_HUMAN	HUES64 (embryonic stem cells)	0.0	2.6229709446534994		1.399
chr22	35149308	A	G	OTX2_HUMAN	D341 Med (medulloblastoma)	0.033830055718947226	1.669916753392426	0.222	0.6659999999999999
chr22	41787436	C	A	OTX2_HUMAN	D341 Med (medulloblastoma)	1.4887023563220572	0.0	0.452	-0.271
chr22	42780349	A	T	ZNF2_HUMAN,OTX2_HUMAN	HEK293 (embryonic kidney),HUES64 (embryonic stem cells),OCI-LY7 (diffuse large B-cell lymphoma),foreskin keratinocyte	0.0	1.9989274381378181		1.814
chr3	2350380	G	C	OTX2_HUMAN	D283 Med (medulloblastoma)	2.233309478438486	0.0	0.888	-0.53
chr3	7373546	T	C	OTX2_HUMAN	D341 Med (medulloblastoma)	1.5054392310465745	0.0	0.536	-0.34600000000000003
chr3	8259913	A	C	OTX2_HUMAN	D341 Med (medulloblastoma)	2.212150654695245	0.0	0.613	-0.13
chr3	16547522	G	A	OTX2_HUMAN	D283 Med (medulloblastoma)	2.2126799682228664	0.0	0.888	0.201
chr3	22704953	T	A	GLIS1_HUMAN,OTX2_HUMAN	HEK293 (embryonic kidney)	1.9584693117187377	0.0	1.453	-1.337
chr3	23736241	T	G	OTX2_HUMAN	D341 Med (medulloblastoma)	1.325505757244673	0.033240177479064915	0.564	0.16399999999999998
chr3	32144479	A	G	OTX2_HUMAN	D341 Med (medulloblastoma)	0.00030621987894748315	3.1980150098809053	0.20800000000000002	0.772
chr3	32144517	G	A	OTX2_HUMAN	D283 Med (medulloblastoma),D341 Med (medulloblastoma),foreskin keratinocyte	0.0	6.331130416253513	-0.18	0.937
chr3	35505193	T	C	OTX2_HUMAN	D341 Med (medulloblastoma)	1.637193563299666	0.07347683925592266	0.5710000000000001	0.152
chr3	62798104	G	C	OTX2_HUMAN	D341 Med (medulloblastoma)	1.4773235581139201	0.0	0.507	-0.162
chr3	63370308	T	C	OTX2_HUMAN	D341 Med (medulloblastoma)	1.4394779112255445	0.04390840519408021	0.575	0.24100000000000002
chr3	63964662	C	A	OTX2_HUMAN	D283 Med (medulloblastoma)	1.5378081452059225	0.0	0.877	0.158
chr3	68986199	G	T	OTX2_HUMAN	D341 Med (medulloblastoma)	0.002673349973590577	2.4187432829461413	0.046	0.67
chr3	73590436	C	T	OTX2_HUMAN	HUES64 (embryonic stem cells)	0.0	1.478307977153926	-1.121	1.2309999999999999
chr3	73791649	C	T	OTX2_HUMAN	D341 Med (medulloblastoma)	1.9498872620559986	0.0	0.772	-0.645
chr3	76070127	T	C	OTX2_HUMAN	D283 Med (medulloblastoma)	1.8672114461439573	0.0	0.897	-0.632
chr3	80406373	T	C	OTX2_HUMAN	D341 Med (medulloblastoma)	1.5395491601611826	0.0	0.9359999999999999	0.09699999999999999
chr3	84967947	G	C	OTX2_HUMAN	HUES64 (embryonic stem cells)	0.0	1.7997852006934303	-1.2329999999999999	1.34
chr3	86271630	G	T	OTX2_HUMAN	D341 Med (medulloblastoma)	1.3104248571874373	0.013342797399717944	0.578	0.228
chr3	94324937	G	A	OTX2_HUMAN	D283 Med (medulloblastoma),D341 Med (medulloblastoma)	6.358618292910167	0.0	1.045	0.174
chr3	97911582	G	T	ANDR_HUMAN,OTX2_HUMAN	LHSAR (prostate epithelial cells),D341 Med (medulloblastoma)	0.0379247070031282	1.7460155421606276	-0.257	0.787
chr3	98035303	G	A	OTX2_HUMAN	D283 Med (medulloblastoma)	1.537349180130879	0.0	0.684	-0.489
chr3	109160343	A	G	OTX2_HUMAN	D283 Med (medulloblastoma)	1.301099145492537	0.028149408887073145	0.547	-0.159
chr3	109160369	T	C	OTX2_HUMAN	D283 Med (medulloblastoma)	1.5093605448616367	0.0	0.674	-0.12
chr3	119225063	A	G	OTX2_HUMAN	D341 Med (medulloblastoma)	0.04948690812773033	2.309361346823798	-0.133	0.87
chr3	122761005	G	A	OTX2_HUMAN	HUES64 (embryonic stem cells)	1.592303388662073	0.0	1.145	-1.36
chr3	123144180	G	A	OTX2_HUMAN	HUES64 (embryonic stem cells)	0.0	1.5896050079574762	-1.165	1.268
chr3	127077658	A	T	OTX2_HUMAN	D341 Med (medulloblastoma)	1.70925430784197	0.007843870538478664	0.644	0.039
chr3	133455605	C	T	OTX2_HUMAN	D341 Med (medulloblastoma)	0.22900816477099842	1.5356733563097478	0.13699999999999998	0.655
chr3	134938055	C	T	OTX2_HUMAN	HUES64 (embryonic stem cells)	1.5721297926274265	0.0	1.04	-0.32
chr3	145086038	T	G	OTX2_HUMAN	D341 Med (medulloblastoma)	2.83274320201137	0.014760587120165466	0.9540000000000001	-0.223
chr3	150421573	A	G	OTX2_HUMAN	D283 Med (medulloblastoma)	4.227054150179331	0.0	1.091	-0.7190000000000001
chr3	162720743	G	A	OTX2_HUMAN	D283 Med (medulloblastoma)	0.01121389885345433	1.509035414941236	-0.040999999999999995	0.752
chr3	164390022	T	A	OTX2_HUMAN	D283 Med (medulloblastoma),bipolar neuron	4.227054150179331	0.0	1.5290000000000001	-0.836
chr3	164437045	A	G	ESR1_HUMAN,OTX2_HUMAN	D283 Med (medulloblastoma)	1.3279320260501237	0.0	0.9079999999999999	-0.07400000000000001
chr3	164437059	A	G	ESR1_HUMAN,NDF1_HUMAN,OTX2_HUMAN	D283 Med (medulloblastoma)	1.9692757327632304	0.0	0.9390000000000001	0.01
chr3	174232846	C	G	OTX2_HUMAN	HUES64 (embryonic stem cells)	0.0	1.7997852006934303	-1.2329999999999999	1.34
chr3	179973909	T	C	OTX2_HUMAN	D341 Med (medulloblastoma)	0.05392521108825508	2.4572868191109087	-0.04	0.636
chr3	184039487	C	T	OTX2_HUMAN	D341 Med (medulloblastoma)	0.0	2.8561050187983135	0.073	0.9840000000000001
chr3	187497130	C	A	OTX2_HUMAN	D341 Med (medulloblastoma)	0.026143646505043586	2.1679527888862156	-0.45399999999999996	0.9079999999999999
chr3	187497165	C	T	OTX2_HUMAN	D341 Med (medulloblastoma)	1.8956779974857565	0.004271311866869949	0.7509999999999999	-0.298
chr3	190164480	A	C	OTX2_HUMAN	D283 Med (medulloblastoma)	2.3130115404277087	0.0	0.877	-0.716
chr3	190164596	T	A	OTX2_HUMAN	D283 Med (medulloblastoma)	2.767375233153621	0.0	0.943	-0.768
chr3	195715309	G	C	OTX2_HUMAN	D341 Med (medulloblastoma)	1.4827045876988285	0.05609865944856324	0.64	-0.239
chr4	12296445	G	A	OTX2_HUMAN	D341 Med (medulloblastoma)	0.00030621987894748315	2.431806406244841	-0.12300000000000001	0.647
chr4	18691625	G	C	OTX2_HUMAN	HUES64 (embryonic stem cells)	0.0	1.319932195515572		1.115
chr4	19429806	A	C	NANOG_HUMAN,OTX2_HUMAN	HUES64 (embryonic stem cells)	3.3260332271242166	0.0	1.272	-0.614
chr4	21876929	C	T	OTX2_HUMAN	D341 Med (medulloblastoma)	0.014118142369516718	1.5191885840558768	0.033	0.539
chr4	23590072	A	G	OTX2_HUMAN	D283 Med (medulloblastoma)	1.82676038628118	0.019316676246815	0.72	-0.402
chr4	25132047	G	A	OTX2_HUMAN	HUES64 (embryonic stem cells)	2.349303519876361	0.0	1.442	-1.389
chr4	29002483	C	T	OTX2_HUMAN	HUES64 (embryonic stem cells)	3.849385029533453	0.0	1.7480000000000002	-2.073
chr4	29002513	T	C	OTX2_HUMAN	HUES64 (embryonic stem cells)	3.0624259191579073	0.0	1.624	-1.992
chr4	37513270	A	G	OTX2_HUMAN	D283 Med (medulloblastoma)	2.1563640637290864	0.0	1.0390000000000001	
chr4	39343341	G	C	OTX2_HUMAN	D283 Med (medulloblastoma),D341 Med (medulloblastoma)	0.0	5.936928852038626	-0.258	0.885
chr4	42899836	A	T	OTX2_HUMAN	D341 Med (medulloblastoma)	0.0	1.409638854054866	-0.38299999999999995	0.7929999999999999
chr4	44056803	G	A	OTX2_HUMAN	HUES64 (embryonic stem cells)	1.4773235581139201	0.0	1.103	
chr4	44481455	G	T	OTX2_HUMAN	D341 Med (medulloblastoma)	2.767375233153621	0.0	0.78	0.107
chr4	44864225	C	T	OTX2_HUMAN	HUES64 (embryonic stem cells)	3.6470008951543758	0.0	1.722	-2.327
chr4	52874069	C	T	OTX2_HUMAN	HUES64 (embryonic stem cells)	0.0	2.4275489286861074	-1.986	1.499
chr4	74714899	G	A	OTX2_HUMAN	D283 Med (medulloblastoma)	0.0	2.2122399579908874	-0.223	0.885
chr4	77178783	C	T	NDF1_HUMAN,OTX2_HUMAN	D341 Med (medulloblastoma)	1.975705702272542	0.0	1.06	-1.2329999999999999
chr4	79465109	T	G	OTX2_HUMAN	D283 Med (medulloblastoma)	1.653724500341895	0.0	0.772	0.087
chr4	82419452	G	A	OTX2_HUMAN	D283 Med (medulloblastoma)	2.4584415601083194	0.0	0.8690000000000001	-0.36
chr4	84530982	A	G	OTX2_HUMAN	D283 Med (medulloblastoma)	1.8706290149766303	0.0	0.988	-0.524
chr4	87478958	A	G	OTX2_HUMAN	HUES64 (embryonic stem cells)	0.0	5.176800566982547	-2.23	1.9340000000000002
chr4	90587076	C	T	OTX2_HUMAN	D283 Med (medulloblastoma)	0.0026387779433403027	1.5191885840558768	-0.392	0.617
chr4	95377424	C	T	OTX2_HUMAN	D341 Med (medulloblastoma)	0.008391482601687525	2.7519629072361917	-0.145	0.552
chr4	100101178	C	A	OTX2_HUMAN	HUES64 (embryonic stem cells)	6.358618292910167	0.0	2.103	
chr4	100101180	T	G	OTX2_HUMAN	HUES64 (embryonic stem cells)	7.339941147970921	0.0	2.201	
chr4	114495902	G	C	OTX2_HUMAN	HUES64 (embryonic stem cells)	1.687805013190272	0.0	1.227	-1.17
chr4	121877258	T	C	OTX2_HUMAN	D341 Med (medulloblastoma)	1.6158604921972979	0.02293518447369079	0.56	-0.013000000000000001
chr4	122732771	G	A	ESR1_HUMAN,OTX2_HUMAN	MCF7 (Invasive ductal breast carcinoma)	1.6287456011409376	0.0	1.036	
chr4	125493304	A	G	OTX2_HUMAN	D283 Med (medulloblastoma)	1.4773235581139201	0.0	0.784	-0.278
chr4	127319094	T	C	OTX2_HUMAN	D283 Med (medulloblastoma)	1.4228223955986414	0.0	0.973	-0.019
chr4	139575042	G	A	OTX2_HUMAN	D283 Med (medulloblastoma)	1.365229964733838	0.0	0.627	-0.39399999999999996
chr4	151431863	T	C	OTX2_HUMAN	D283 Med (medulloblastoma)	0.0	1.8253153759657872	-0.483	0.878
chr4	151785966	C	A	OTX2_HUMAN	HUES64 (embryonic stem cells)	2.740356032295026	0.0	1.5530000000000002	-1.922
chr4	151846559	A	G	OTX2_HUMAN	D283 Med (medulloblastoma)	1.9456371193047894	0.0	0.865	-0.265
chr4	151846561	G	A	OTX2_HUMAN	D283 Med (medulloblastoma)	2.019436914575086	0.0	0.912	-0.095
chr4	156347033	C	T	OTX2_HUMAN	HUES64 (embryonic stem cells)	0.0	3.9518689089581582	-2.197	1.7890000000000001
chr4	164874963	C	G	OTX2_HUMAN	HUES64 (embryonic stem cells)	0.0	2.698010434764181	-2.14	1.55
chr4	183799046	C	T	OTX2_HUMAN	HUES64 (embryonic stem cells)	2.260115952227524	0.0	1.39	
chr4	184167948	C	T	OTX2_HUMAN	HUES64 (embryonic stem cells)	3.123825242016972	0.0	1.6340000000000001	0.442
chr4	186673904	C	G	NDF1_HUMAN,OTX2_HUMAN	D283 Med (medulloblastoma)	1.9688251855473409	0.0	1.131	-0.679
chr4	187679695	G	A	OTX2_HUMAN	D283 Med (medulloblastoma)	2.95570128314825	0.0	1.122	-0.306
chr4	188108253	T	C	OTX2_HUMAN	HUES64 (embryonic stem cells)	0.0	2.4275489286861074	-1.986	1.499
chr4	189795030	G	A	OTX2_HUMAN	D283 Med (medulloblastoma)	1.5478691182176105	0.0	1.034	
chr5	10857160	T	G	TEAD3_HUMAN,OTX2_HUMAN	CD34+ hematopoietic stem cells,HepG2 (hepatoblastoma),HUES64 (embryonic stem cells),MCF10AT1 (breast premetastatic epithelial cells),foreskin keratinocyte	0.0	4.87002595459876	-2.234	1.89
chr5	14473407	A	G	OTX2_HUMAN	D341 Med (medulloblastoma)	1.3901797726814074	0.0	0.53	-0.35
chr5	20345248	A	T	OTX2_HUMAN	D283 Med (medulloblastoma)	1.7143058442893857	0.0019097293375201511	0.917	-0.474
chr5	20606812	T	A	OTX2_HUMAN	D283 Med (medulloblastoma)	2.349303519876361	0.00464964323772888	0.836	-0.252
chr5	21614314	C	T	OTX2_HUMAN	HUES64 (embryonic stem cells)	4.087796753734683	0.0	1.7	-1.732
chr5	28390523	G	A	OTX2_HUMAN	D283 Med (medulloblastoma)	3.033521791986287	0.0	0.976	-0.514
chr5	31753823	T	C	OTX2_HUMAN	HUES64 (embryonic stem cells)	1.6786269563890264	0.0	1.085	
chr5	33270577	T	C	OTX2_HUMAN	D283 Med (medulloblastoma)	2.2840689390241704	0.0	0.895	-0.5720000000000001
chr5	33270677	C	T	OTX2_HUMAN	D283 Med (medulloblastoma)	1.326950039349002	0.0	0.604	-0.44799999999999995
chr5	41020071	T	A	OTX2_HUMAN	D341 Med (medulloblastoma)	0.0	5.700443629694279	-0.028999999999999998	0.8029999999999999
chr5	41020104	T	C	OTX2_HUMAN	D341 Med (medulloblastoma)	0.0	3.811320672757582	-0.011000000000000001	0.7859999999999999
chr5	41020148	G	T	OTX2_HUMAN	D283 Med (medulloblastoma),D341 Med (medulloblastoma)	0.0	5.172277547683945	-0.218	0.851
chr5	51225941	A	C	NDF1_HUMAN,OTX2_HUMAN	D283 Med (medulloblastoma)	0.0	1.8644643004450578	-0.503	0.804
chr5	52497426	T	C	OTX2_HUMAN	D283 Med (medulloblastoma)	0.020025352137355037	1.4673369171824033	-0.302	0.736
chr5	58490283	A	G	OTX2_HUMAN	D341 Med (medulloblastoma)	0.007507394589677124	1.8499317347496766	-0.703	0.7290000000000001
chr5	68267399	T	A	OTX2_HUMAN	D283 Med (medulloblastoma),D341 Med (medulloblastoma)	0.0	3.0711263847841366	0.051	0.61
chr5	76162576	C	T	MTG16_HUMAN,OTX2_HUMAN	K562 (myelogenous leukemia)	0.0	4.388337854381297		1.923
chr5	77848242	A	G	OTX2_HUMAN	HUES64 (embryonic stem cells)	2.218778168223602	0.0	1.295	-1.317
chr5	78076425	G	A	OTX2_HUMAN	GM12878 (female B-cells),HUES64 (embryonic stem cells)	0.0	1.4959878085259648	-1.088	1.1340000000000001
chr5	83102299	G	C	OTX2_HUMAN	D341 Med (medulloblastoma)	2.188856530794723	0.0	0.545	-0.064
chr5	92749968	C	T	OTX2_HUMAN	HUES64 (embryonic stem cells)	2.081752118901297	0.0	1.256	-1.275
chr5	102341982	T	C	OTX2_HUMAN	D341 Med (medulloblastoma)	1.5478691182176105	0.016357106467007835	0.5720000000000001	0.045
chr5	103755885	A	T	OTX2_HUMAN	D283 Med (medulloblastoma)	1.8016315971991999	0.028765497262291058	1.093	-0.34600000000000003
chr5	107232565	C	T	OTX2_HUMAN	D283 Med (medulloblastoma)	2.8134756374019356	0.0	0.85	-0.273
chr5	117307324	T	C	OTX2_HUMAN	D283 Med (medulloblastoma)	2.059641163271259	0.0	0.9490000000000001	-0.68
chr5	119897087	G	C	OTX2_HUMAN	D341 Med (medulloblastoma)	0.014043659253839635	1.5562673623180052	0.111	0.581
chr5	124264021	A	C	PKNX1_HUMAN,OTX2_HUMAN	HEK293T (embryonic kidney)	1.952201251121252	0.0	1.494	
chr5	126004923	A	C	FOXA1_HUMAN,OTX2_HUMAN	VCaP (prostate carcinoma)	2.350197586898912	0.051955792053423794	0.569	0.031
chr5	126757736	C	G	OTX2_HUMAN	D341 Med (medulloblastoma)	2.349303519876361	0.0	1.308	
chr5	127668198	T	C	OTX2_HUMAN	D341 Med (medulloblastoma)	1.6786269563890264	0.21987268669924362	0.654	0.295
chr5	128155873	G	A	OTX2_HUMAN	D341 Med (medulloblastoma)	0.028142435500548183	1.6105639723996452	0.07200000000000001	0.619
chr5	132450903	G	A	OTX2_HUMAN	HUES64 (embryonic stem cells)	1.4245171116641666	0.19371571187034567	1.2670000000000001	0.09699999999999999
chr5	136141088	T	C	OTX2_HUMAN	D341 Med (medulloblastoma)	0.04343271077395695	1.341489071493035	0.23399999999999999	0.684
chr5	136528519	G	A	OTX2_HUMAN	D283 Med (medulloblastoma)	0.0	1.7134900048768242	-0.32299999999999995	0.703
chr5	146447083	C	A	CTCF_HUMAN,KAISO_HUMAN,CHD2_HUMAN,STAT1_HUMAN,OTX2_HUMAN	LNCaP (prostate carcinoma),MCF7 (Invasive ductal breast carcinoma),CD14+ monocytes,GM12864 (male B-cells),GM12865 (female B-cells),GM12878 (female B-cells),hASC (preadipocytes),HeLa Kyoto (cervical adenocarcinoma),HeLa S3 (cervical adenocarcinoma),HepG2 (hepatoblastoma),HUES64 (embryonic stem cells),HUVEC (umbilical vein endothelial cells),SK-N-SH (neuroblastoma),lower leg skin,foreskin keratinocyte	26.8595279080191	0.0	0.7879999999999999	0.379
chr5	151496406	G	A	OTX2_HUMAN	HUES64 (embryonic stem cells)	0.0	1.7134900048768242	-1.242	1.19
chr5	154243954	G	T	OTX2_HUMAN	D341 Med (medulloblastoma)	1.9189782204788197	0.03127021157106523	0.7290000000000001	0.34299999999999997
chr5	157902475	C	G	OTX2_HUMAN	D283 Med (medulloblastoma)	1.6629484504716274	0.0	0.809	-0.818
chr5	157902479	A	G	OTX2_HUMAN	D283 Med (medulloblastoma)	1.8016315971991999	0.0	0.8370000000000001	-0.818
chr5	165480966	G	A	OTX2_HUMAN	D283 Med (medulloblastoma)	1.6323096530491465	0.0116346209853063	0.7609999999999999	-0.013999999999999999
chr5	172405424	G	C	OTX2_HUMAN	D341 Med (medulloblastoma)	1.9202832450390055	0.008938370353548412	0.529	-0.013999999999999999
chr5	175448469	A	G	OTX2_HUMAN	HUES64 (embryonic stem cells)	2.081752118901297	0.0	1.225	
chr5	180538466	A	G	OTX2_HUMAN	D341 Med (medulloblastoma)	1.3237054116255982	0.0	0.56	-0.32299999999999995
chr6	1575149	C	T	OTX2_HUMAN	HUES64 (embryonic stem cells)	0.0	2.7519629072361917	-1.517	1.455
chr6	15208213	T	G	OTX2_HUMAN	HUES64 (embryonic stem cells)	1.4773235581139201	0.0	1.033	-1.045
chr6	21092601	C	T	OTX2_HUMAN	HUES64 (embryonic stem cells)	1.70925430784197	0.0	1.157	-1.079
chr6	28776528	G	A	LMBL2_HUMAN,PRD10_HUMAN,OTX2_HUMAN	HUES64 (embryonic stem cells),K562 (myelogenous leukemia)	0.0	1.362974885762125		1.4509999999999998
chr6	31834688	C	G	FOXK2_HUMAN,OTX2_HUMAN	GM12878 (female B-cells),HepG2 (hepatoblastoma),HUES64 (embryonic stem cells)	3.0145378369069995	0.0	1.681	0.606
chr6	41965744	C	T	OTX2_HUMAN	HepG2 (hepatoblastoma),HUES64 (embryonic stem cells)	2.8116131337609582	0.0	1.469	-1.3319999999999999
chr6	53411848	T	C	OTX2_HUMAN	D283 Med (medulloblastoma)	1.3048647355968537	0.0	0.5589999999999999	-0.295
chr6	62744333	A	T	OTX2_HUMAN	D283 Med (medulloblastoma)	0.008870840172978326	1.6277456414215696	-0.165	0.698
chr6	77815001	G	T	OTX2_HUMAN	D283 Med (medulloblastoma)	1.7308178006791588	0.010992543634421252	0.667	-0.248
chr6	79808532	G	T	OTX2_HUMAN	D283 Med (medulloblastoma)	2.0756875880054206	0.010992543634421252	0.7879999999999999	-0.25
chr6	115766124	G	A	OTX2_HUMAN	D283 Med (medulloblastoma)	1.7930183199711016	0.0	0.878	-0.33899999999999997
chr6	123965481	T	C	OTX2_HUMAN	D283 Med (medulloblastoma)	1.4557674798177884	0.0	0.597	-0.204
chr6	124630488	T	G	OTX2_HUMAN	D283 Med (medulloblastoma)	1.9736206090229351	0.0	0.879	-0.441
chr6	148600330	C	T	OTX2_HUMAN	HUES64 (embryonic stem cells)	3.873209137961427	0.0	1.6440000000000001	
chr7	5276859	A	G	OTX2_HUMAN	D341 Med (medulloblastoma)	3.3783431993997453	0.0	1.046	-0.815
chr7	5418791	C	G	ESR1_HUMAN,OTX2_HUMAN	HUES64 (embryonic stem cells)	1.319318422048354	0.0	0.5820000000000001	-0.018000000000000002
chr7	7911591	T	C	OTX2_HUMAN	T47D (invasive ductal carcinoma),HepG2 (hepatoblastoma),HUES64 (embryonic stem cells),SK-N-SH (neuroblastoma)	1.8037083322343628	0.0	1.1340000000000001	
chr7	12094467	A	C	OTX2_HUMAN	HUES64 (embryonic stem cells)	6.262297972439284	0.0	1.9809999999999999	
chr7	12630621	G	A	OTX2_HUMAN	D341 Med (medulloblastoma)	2.8134756374019356	0.0	0.79	0.068
chr7	23299155	C	T	FOXA1_HUMAN,JUN_HUMAN,CREB1_HUMAN,FOXK2_HUMAN,OTX2_HUMAN	A549 (lung carcinoma),VCaP (prostate carcinoma),GM12878 (female B-cells),HepG2 (hepatoblastoma),HUES64 (embryonic stem cells)	0.0	1.4959992417523071		0.7190000000000001
chr7	29589330	G	A	OTX2_HUMAN,SPI1_HUMAN	HUES64 (embryonic stem cells),epidermal keratinocytes,periferal blood macrophages,B-cells	3.9352579874422076	0.0	1.6740000000000002	-1.704
chr7	31768126	T	G	NANOG_HUMAN,OTX2_HUMAN	H9 (embryonic stem cells),HUES64 (embryonic stem cells)	2.026704444717534	0.0	0.902	-0.078
chr7	37322991	T	C	OTX2_HUMAN	HUES64 (embryonic stem cells)	1.6968163479916394	0.0	1.128	-1.143
chr7	39200086	G	A	OTX2_HUMAN	D341 Med (medulloblastoma)	1.5054392310465745	0.00464964323772888	0.512	0.083
chr7	39271612	T	C	OTX2_HUMAN	D341 Med (medulloblastoma)	0.0	2.8362403670384717	-0.125	0.745
chr7	42091791	T	C	FOXA1_HUMAN,OTX2_HUMAN	HepG2 (hepatoblastoma),HUES64 (embryonic stem cells)	1.4159486257547504	0.0	0.51	0.22699999999999998
chr7	47481252	T	C	OTX2_HUMAN	HUES64 (embryonic stem cells)	2.2114763163770887	0.0	1.311	-1.237
chr7	51647985	G	T	RAD21_HUMAN,OTX2_HUMAN	D341 Med (medulloblastoma),neural cell	1.6518200052988394	0.0	1.022	-0.821
chr7	55527251	G	C	OTX2_HUMAN	HUES64 (embryonic stem cells)	0.0	1.619705656724076	-1.131	1.177
chr7	66654902	A	C	OTX2_HUMAN	HUES64 (embryonic stem cells)	1.4245171116641666	0.0	0.9790000000000001	
chr7	67525737	G	C	OTX2_HUMAN	HUES64 (embryonic stem cells)	1.6786269563890264	0.0	1.085	
chr7	71683118	G	A	OTX2_HUMAN	HUES64 (embryonic stem cells)	3.873209137961427	0.0	1.6440000000000001	
chr7	74282997	G	A	OTX2_HUMAN	HUES64 (embryonic stem cells)	1.5478691182176105	0.0	1.034	
chr7	78578726	T	A	OTX2_HUMAN	HUES64 (embryonic stem cells)	0.0	4.348540061064782	-1.8019999999999998	1.743
chr7	79968940	G	A	OTX2_HUMAN	D341 Med (medulloblastoma)	1.4976734874452315	0.05668445272719601	0.645	0.40700000000000003
chr7	87231885	C	G	OTX2_HUMAN	D341 Med (medulloblastoma)	0.0	2.7873364708733748	-0.022000000000000002	0.6759999999999999
chr7	87231997	A	G	OTX2_HUMAN	D341 Med (medulloblastoma)	0.0	4.790379330307689	-0.14	0.907
chr7	90835015	C	T	OTX2_HUMAN	D341 Med (medulloblastoma)	0.0	2.3951593238417996	-0.138	0.732
chr7	103958224	T	C	OTX2_HUMAN	D341 Med (medulloblastoma)	1.3983023250033066	0.017235892706177494	0.491	-0.038
chr7	104704038	A	T	OTX2_HUMAN	D341 Med (medulloblastoma)	0.021084385323157012	2.0241020575949284	-0.57	1.0070000000000001
chr7	106143867	A	G	OTX2_HUMAN	D341 Med (medulloblastoma)	2.660220337134345	0.029685672652066838	0.746	0.33399999999999996
chr7	107933683	A	G	GCR_HUMAN,EGR1_HUMAN,OTX2_HUMAN	HUES64 (embryonic stem cells),embryonic kidney,K562 (myelogenous leukemia)	0.033097379742050424	1.448580505012019	-0.15	1.206
chr7	113653063	G	C	OTX2_HUMAN	D341 Med (medulloblastoma)	2.850480294868636	0.0	0.818	-0.20199999999999999
chr7	124072027	G	A	OTX2_HUMAN	D341 Med (medulloblastoma)	2.0970814759151843	0.09218963980597547	0.7509999999999999	0.519
chr7	129830231	G	A	NCOR1_HUMAN,HDAC1_HUMAN,OTX2_HUMAN	HUES64 (embryonic stem cells),K562 (myelogenous leukemia)	1.603738475029846	0.0	0.912	-0.716
chr7	137142690	C	T	OTX2_HUMAN	HUES64 (embryonic stem cells)	0.0	1.368199855451253	-1.036	1.09
chr7	137728803	A	C	OTX2_HUMAN	D341 Med (medulloblastoma)	1.3752765621019762	0.0	0.7090000000000001	-0.598
chr7	142147712	G	A	OTX2_HUMAN	D341 Med (medulloblastoma)	1.5854377965077773	0.0	0.561	-0.32799999999999996
chr7	144670240	A	G	OTX2_HUMAN	D341 Med (medulloblastoma),foreskin keratinocyte	2.349303519876361	0.0	0.7290000000000001	-0.177
chr7	147486051	A	G	OTX2_HUMAN	D341 Med (medulloblastoma)	2.480910905438411	0.0	0.764	0.038
chr7	154425148	G	C	OTX2_HUMAN	D341 Med (medulloblastoma)	2.019436914575086	0.003940752378705859	0.5670000000000001	-0.11900000000000001
chr8	5143247	G	A	OTX2_HUMAN	D283 Med (medulloblastoma)	0.0	1.894261013565581	-1.093	0.9259999999999999
chr8	5178960	T	A	OTX2_HUMAN	D283 Med (medulloblastoma)	0.0	1.7595388587505925	-0.004	0.7240000000000001
chr8	8914234	T	A	OTX2_HUMAN	HUES64 (embryonic stem cells)	1.6968163479916394	0.0	1.128	-1.143
chr8	20458404	T	C	OTX2_HUMAN	HUES64 (embryonic stem cells)	2.7621599266698262	0.0	1.405	-1.5730000000000002
chr8	20458466	C	G	OTX2_HUMAN	HUES64 (embryonic stem cells)	2.459850776725632	0.0	1.38	-1.3090000000000002
chr8	24739967	C	G	OTX2_HUMAN	D283 Med (medulloblastoma)	1.5027855206436787	0.0	0.816	-0.46
chr8	58118339	T	A	OTX2_HUMAN	HUES64 (embryonic stem cells)	1.8037083322343628	0.0	1.1340000000000001	
chr8	71219191	G	A	FOXA1_HUMAN,FOXA2_HUMAN,OTX2_HUMAN	HUES64 (embryonic stem cells)	3.0918503203243315	0.0	1.421	
chr8	75029765	A	C	OTX2_HUMAN	D283 Med (medulloblastoma)	2.850480294868636	0.0	1.235	-0.573
chr8	75029780	A	G	OTX2_HUMAN	D283 Med (medulloblastoma)	3.6139748505799374	0.0	1.3219999999999998	-0.818
chr8	77821806	G	A	NDF1_HUMAN,OTX2_HUMAN	D283 Med (medulloblastoma)	0.0	1.8462310863040838	-0.757	1.31
chr8	78021675	T	G	OTX2_HUMAN	D283 Med (medulloblastoma)	0.0	3.575092564175915	-1.121	1.442
chr8	82001021	T	G	OTX2_HUMAN	D283 Med (medulloblastoma)	0.03677945937368359	2.4429233219298228	-0.738	1.274
chr8	83736947	G	A	OTX2_HUMAN	D283 Med (medulloblastoma)	2.2772304412091033	0.0	1.168	-1.113
chr8	87581059	C	T	FOXA1_HUMAN,OTX2_HUMAN	MCF7 (Invasive ductal breast carcinoma),ZR-75-1 (invasive ductal carcinoma)	0.0	1.7556064097469006	-0.324	0.7190000000000001
chr8	88126346	C	T	OTX2_HUMAN	D283 Med (medulloblastoma)	1.4790707900553972	0.10829996589790164	1.227	-0.502
chr8	88915480	G	T	OTX2_HUMAN	D283 Med (medulloblastoma)	0.06710415129230601	1.682210449986996	-0.7490000000000001	1.042
chr8	93638796	A	C	OTX2_HUMAN	D283 Med (medulloblastoma)	0.0	1.5562673623180052	-2.128	1.032
chr8	96392111	T	C	OTX2_HUMAN	D283 Med (medulloblastoma)	0.0	3.2861243135005225		1.401
chr8	100667702	A	G	CEBPG_HUMAN,NFIL3_HUMAN,CEBPA_HUMAN,OTX2_HUMAN,TEAD4_HUMAN	H1 (embryonic stem cells),HepG2 (hepatoblastoma),HUES64 (embryonic stem cells),neural cell	2.645493518304987	0.0	1.4280000000000002	-1.5930000000000002
chr8	101281076	T	C	OTX2_HUMAN	D283 Med (medulloblastoma)	1.7176571275001793	0.0	1.065	-0.8059999999999999
chr8	106700135	A	C	NDF1_HUMAN,OTX2_HUMAN	D283 Med (medulloblastoma)	0.0	1.8462310863040838	-1.163	1.273
chr8	106704269	G	A	OTX2_HUMAN	D283 Med (medulloblastoma)	0.09927707651004565	2.863611317189364	-0.667	1.32
chr8	108011992	G	T	OTX2_HUMAN	D283 Med (medulloblastoma)	1.4887023563220572	0.0	0.986	-0.818
chr8	111698675	A	G	OTX2_HUMAN	D283 Med (medulloblastoma)	3.033521791986287	0.0	1.426	-2.512
chr8	112330734	C	T	OTX2_HUMAN	D283 Med (medulloblastoma)	2.1316027345239976	0.0	1.271	
chr8	117711921	C	T	OTX2_HUMAN	D283 Med (medulloblastoma)	0.0	1.4194979420604819	-0.40399999999999997	1.1320000000000001
chr8	118048882	C	T	PKNX1_HUMAN,OTX2_HUMAN	HEK293 (embryonic kidney),D283 Med (medulloblastoma)	1.4485614552547832	0.0	1.472	
chr8	120985701	C	T	FOXA1_HUMAN,OTX2_HUMAN	LNCaP (prostate carcinoma),VCaP (prostate carcinoma),D283 Med (medulloblastoma)	1.5582387339369532	0.0	0.687	-0.015
chr8	121257308	A	G	OTX2_HUMAN	D283 Med (medulloblastoma)	2.0434455989291713	0.016711151580729267	1.0290000000000001	-0.504
chr8	121862527	G	A	OTX2_HUMAN	D283 Med (medulloblastoma)	1.8473003167282205	0.0	1.105	-0.162
chr8	123594939	A	G	OTX2_HUMAN	D283 Med (medulloblastoma)	0.18684803205933864	1.54887977459666	-0.431	1.089
chr8	125386977	C	G	OTX2_HUMAN	HUES64 (embryonic stem cells)	1.8037083322343628	0.0	1.1340000000000001	
chr8	127074831	T	A	OTX2_HUMAN	HUES64 (embryonic stem cells)	0.0	2.7519629072361917	-1.517	1.455
chr8	127349682	T	G	OTX2_HUMAN	D283 Med (medulloblastoma)	0.0	1.6916694506399765		1.518
chr8	127352660	G	C	NDF1_HUMAN,OTX2_HUMAN	D283 Med (medulloblastoma)	0.0	2.750373816454611		1.4480000000000002
chr8	127583633	C	T	OTX2_HUMAN	D283 Med (medulloblastoma)	3.7338153464362462	0.024779184589443882	1.47	-0.758
chr8	127810463	A	G	OTX2_HUMAN	MCF7 (Invasive ductal breast carcinoma),HUES64 (embryonic stem cells)	0.0	1.9849222111763585		1.239
chr8	128855106	G	A	OTX2_HUMAN	HUES64 (embryonic stem cells)	2.0434455989291713	0.0	1.266	-1.011
chr8	129515831	C	A	GATA3_HUMAN,ANDR_HUMAN,OTX2_HUMAN	HUES64 (embryonic stem cells),LHSAR (prostate epithelial cells),SK-N-SH (neuroblastoma)	0.0	2.8828460933759645	-0.39	1.48
chr8	130640692	A	G	EP300_HUMAN,GATA3_HUMAN,AP2A_HUMAN,HTF4_HUMAN,OTX2_HUMAN,PBX3_HUMAN	cranial neural crest cells,SK-N-SH (neuroblastoma),D283 Med (medulloblastoma)	0.0	2.9851661435337262	-0.509	1.345
chr9	2682038	G	C	OTX2_HUMAN	D341 Med (medulloblastoma)	1.4253009078571721	0.10375508725708409	0.57	0.203
chr9	14453443	T	A	OTX2_HUMAN	D341 Med (medulloblastoma)	2.1946987624158942	0.0	0.5760000000000001	-0.07200000000000001
chr9	20024552	C	T	GATA4_HUMAN,OTX2_HUMAN	HUES64 (embryonic stem cells),D341 Med (medulloblastoma)	0.0	3.127662268773642	0.048	1.358
chr9	24716788	G	T	OTX2_HUMAN	D283 Med (medulloblastoma)	0.0	1.8550916175178938	-0.496	0.741
chr9	28031960	T	C	OTX2_HUMAN	D341 Med (medulloblastoma)	1.3925590734780307	0.009683224006733666	0.48200000000000004	-0.081
chr9	34050309	C	A	OTX2_HUMAN	D283 Med (medulloblastoma)	0.0	1.9924329393937974	-1.327	1.273
chr9	76396354	C	T	OTX2_HUMAN	D341 Med (medulloblastoma)	2.0756875880054206	0.0	0.66	0.012
chr9	77098130	G	C	OTX2_HUMAN	D341 Med (medulloblastoma)	2.128839163138516	0.0	0.552	-0.012
chr9	77098206	C	T	OTX2_HUMAN	D341 Med (medulloblastoma)	1.6757258158736732	0.008142819072038609	0.5489999999999999	0.059000000000000004
chr9	80557862	A	G	OTX2_HUMAN	D341 Med (medulloblastoma)	1.8473003167282205	0.0	0.5429999999999999	-0.14
chr9	83441437	T	C	OTX2_HUMAN	D283 Med (medulloblastoma),D341 Med (medulloblastoma)	2.676069878136919	0.0	0.5660000000000001	-0.08900000000000001
chr9	83441523	A	G	OTX2_HUMAN	MCF7 (Invasive ductal breast carcinoma),D341 Med (medulloblastoma)	4.015856341363349	0.0	0.773	0.297
chr9	88803827	T	C	OTX2_HUMAN	D283 Med (medulloblastoma)	1.4189105033190827	0.010992543634421252	0.853	0.152
chr9	92517306	A	G	OTX2_HUMAN	HUES64 (embryonic stem cells)	0.0	2.5765531913713224		1.505
chr9	97869016	T	A	OTX2_HUMAN	HUES64 (embryonic stem cells)	0.0	3.0949997319814986		1.626
chr9	101006114	T	C	OTX2_HUMAN	D341 Med (medulloblastoma)	1.4245171116641666	0.0	0.887	
chr9	101758718	A	G	OTX2_HUMAN	D341 Med (medulloblastoma)	1.325505757244673	0.02872158408417261	0.738	0.16399999999999998
chr9	105047404	A	C	OTX2_HUMAN	D283 Med (medulloblastoma)	0.1912382123706829	1.6916694506399765	0.237	1.13
chr9	117156322	A	G	OTX2_HUMAN	D341 Med (medulloblastoma)	1.6933075768200854	0.0	0.49700000000000005	-0.018000000000000002
chr9	117769419	T	C	OTX2_HUMAN	D283 Med (medulloblastoma)	0.0	1.6277456414215696	-0.462	0.67
chr9	121058035	G	A	OTX2_HUMAN	D283 Med (medulloblastoma)	3.7338153464362462	0.0	1.3019999999999998	-1.317
