Chromosome	Position	Ref	Alt	ASB in transcription factors	ASB in cell types	PRDM4_HUMAN_FDR_Ref	PRDM4_HUMAN_FDR_Alt	PRDM4_HUMAN_Effect_Size_Ref	PRDM4_HUMAN_Effect_Size_Alt
chr1	3419636	C	T	PRDM4_HUMAN	HEK293 (embryonic kidney)	0.0	4.992844645691578		2.218
chr1	16146498	C	T	PRDM1_HUMAN,HTF4_HUMAN,PRDM4_HUMAN,MAZ_HUMAN,ZN398_HUMAN,HIC1_HUMAN	HEK293 (embryonic kidney),K562 (myelogenous leukemia)	1.5170361718245144	0.0	1.595	-2.262
chr1	16614712	T	C	ESR1_HUMAN,CTCF_HUMAN,PRDM1_HUMAN,TYY1_HUMAN,SP1_HUMAN,ZEB1_HUMAN,ZN350_HUMAN,MNT_HUMAN,TRI22_HUMAN,IKZF2_HUMAN,FOXK2_HUMAN,ZN639_HUMAN,ZN792_HUMAN,ZN692_HUMAN,PRDM4_HUMAN,INSM2_HUMAN,ZN624_HUMAN,BC11B_HUMAN,ZN701_HUMAN,TYY2_HUMAN,PRD10_HUMAN,ZN341_HUMAN,TSH1_HUMAN,ZSC21_HUMAN,PRDM6_HUMAN,ZXDB_HUMAN,ZSA5A_HUMAN,MYNN_HUMAN,ZBT17_HUMAN,ZN623_HUMAN,KLF7_HUMAN,ZEB2_HUMAN,ZN157_HUMAN,ZN770_HUMAN,REPI1_HUMAN,ZBT10_HUMAN,ZN555_HUMAN,ZN207_HUMAN,TBX3_HUMAN,ZIK1_HUMAN,ZN521_HUMAN,ZN398_HUMAN,ZN112_HUMAN,ZN121_HUMAN,PRDM2_HUMAN,ZN248_HUMAN,ZFP37_HUMAN,ZN776_HUMAN,SCRT2_HUMAN,ZN366_HUMAN,ZN473_HUMAN,PRDM9_HUMAN,ASCL1_HUMAN	HEK293T (embryonic kidney),GM12878 (female B-cells),HEK293 (embryonic kidney),HepG2 (hepatoblastoma),G523NS (glioblastoma)	0.0	1.628658928859713		1.3869999999999998
chr1	16615533	G	A	GATA1_HUMAN,ZBT7A_HUMAN,ZFX_HUMAN,TYY1_HUMAN,ZEB1_HUMAN,FOXA2_HUMAN,MNT_HUMAN,ZNF24_HUMAN,NBN_HUMAN,OZF_HUMAN,FOXK2_HUMAN,MEF2B_HUMAN,ZN622_HUMAN,ZN639_HUMAN,SP3_HUMAN,ZSC16_HUMAN,Z585B_HUMAN,PRDM4_HUMAN,ZN600_HUMAN,SP7_HUMAN,ZFHX2_HUMAN,ZSC21_HUMAN,ZNF2_HUMAN,ZBT17_HUMAN,ZBT20_HUMAN,ZN449_HUMAN,ZN770_HUMAN,REPI1_HUMAN,ZNF34_HUMAN,ZN555_HUMAN,ZN398_HUMAN,ZN362_HUMAN,ZN394_HUMAN,ZN189_HUMAN	HEK293T (embryonic kidney),CD34+ bone marrow cell-derived erythroid progenitors,GM12878 (female B-cells),HEK293 (embryonic kidney),HepG2 (hepatoblastoma)	0.0	5.3619392562692125		1.9
chr1	16641078	G	A	CTCF_HUMAN,ZFX_HUMAN,ZBT26_HUMAN,PRDM4_HUMAN,ZN362_HUMAN	HEK293T (embryonic kidney),HEK293 (embryonic kidney)	2.034425993512805	0.0	1.069	-0.9490000000000001
chr1	16727384	T	C	CTCF_HUMAN,ZBT7A_HUMAN,BC11A_HUMAN,ZN148_HUMAN,ZEB1_HUMAN,PKNX1_HUMAN,ZBT8A_HUMAN,ZBT26_HUMAN,KLF16_HUMAN,ZN692_HUMAN,GLIS1_HUMAN,ZSC16_HUMAN,PRDM4_HUMAN,ZN600_HUMAN,ZN629_HUMAN,FEZF1_HUMAN,BC11B_HUMAN,ZN524_HUMAN,ZFHX2_HUMAN,ZSA5C_HUMAN,WT1_HUMAN,ZF69B_HUMAN,ZNF2_HUMAN,ZN664_HUMAN,ZBT20_HUMAN,SP2_HUMAN,ZN335_HUMAN,ZNF18_HUMAN,GLIS2_HUMAN,ZN132_HUMAN,KLF8_HUMAN,ZEB2_HUMAN,ZN626_HUMAN,ZBT12_HUMAN,ZN449_HUMAN,ZN770_HUMAN,ZN426_HUMAN,ZNF34_HUMAN,ZN555_HUMAN,ZN398_HUMAN,HIC1_HUMAN,ZN776_HUMAN,SCRT2_HUMAN,ZN366_HUMAN	HEK293T (embryonic kidney),HEK293 (embryonic kidney)	0.0	3.116609670892271	-0.904	1.49
chr1	26828783	G	A	GLIS1_HUMAN,PRDM4_HUMAN,SPI1_HUMAN	HEK293 (embryonic kidney),monocyte-derived macrophages,K562 (myelogenous leukemia),periferal blood macrophages	3.1720746513869433	0.0	1.734	-2.708
chr1	63746582	T	C	FOXA1_HUMAN,PRDM4_HUMAN,FEZF1_HUMAN,SP7_HUMAN,ZSA5C_HUMAN	HEK293T (embryonic kidney),HEK293 (embryonic kidney)	0.03530991981999424	1.3138126298195998	-0.36200000000000004	0.8009999999999999
chr1	76053016	A	T	PRDM4_HUMAN	HEK293 (embryonic kidney)	0.0	1.437645491419172	-2.1790000000000003	1.6469999999999998
chr1	76053170	T	C	PRDM4_HUMAN	HEK293 (embryonic kidney)	0.0	2.1956222201082545		1.844
chr1	110647392	G	A	ZN692_HUMAN,GLI2_HUMAN,PRDM4_HUMAN,INSM2_HUMAN,FEZF1_HUMAN,SP7_HUMAN,PRDM6_HUMAN,ZBT17_HUMAN,OSR2_HUMAN,ZBT21_HUMAN,ZEB2_HUMAN,ZN843_HUMAN,ZN488_HUMAN,BCL6B_HUMAN,ZN362_HUMAN,ZN366_HUMAN,ZN394_HUMAN,ZN189_HUMAN	HEK293 (embryonic kidney)	3.6697617821866784	0.0	1.986	
chr1	160194025	C	G	PRDM4_HUMAN	HEK293 (embryonic kidney),K562 (myelogenous leukemia),pancreas	1.498594611500335	0.0	1.51	-1.3980000000000001
chr1	160194026	T	G	PRDM4_HUMAN	HEK293 (embryonic kidney),K562 (myelogenous leukemia),pancreas	1.426754955068207	0.0	1.482	-1.364
chr1	167464183	A	G	PRDM4_HUMAN	HEK293 (embryonic kidney),K562 (myelogenous leukemia)	0.0	1.9156815372428198	-2.4419999999999997	1.6780000000000002
chr1	172643701	A	G	GATA1_HUMAN,GLIS1_HUMAN,PRDM4_HUMAN	CD34+ hematopoietic stem cells-derived proerythroblasts,HEK293 (embryonic kidney),K562 (myelogenous leukemia)	3.996137641167354	0.0	1.5519999999999998	-2.219
chr1	234505719	G	C	PRDM4_HUMAN	HEK293 (embryonic kidney)	0.0	1.5611651665515454		1.59
chr1	234544911	C	T	PRDM4_HUMAN,ZSCA4_HUMAN,ZNF34_HUMAN,ZN398_HUMAN,ZN366_HUMAN	HEK293T (embryonic kidney),HEK293 (embryonic kidney)	2.2650210636234696	0.0	1.6880000000000002	-2.6630000000000003
chr1	237152803	A	G	PKNX1_HUMAN,PRDM4_HUMAN,PRDM6_HUMAN	HEK293 (embryonic kidney)	2.65991941600785	0.0	1.665	-1.5430000000000001
chr10	38526890	G	T	EP300_HUMAN,ANDR_HUMAN,MNT_HUMAN,ELF1_HUMAN,CLOCK_HUMAN,NBN_HUMAN,IKZF1_HUMAN,STAT1_HUMAN,ZKSC1_HUMAN,PRDM4_HUMAN,NCOA3_HUMAN,NFIB_HUMAN,MCM5_HUMAN	LNCaP (prostate carcinoma),MCF7 (Invasive ductal breast carcinoma),CD14+ monocytes,HEK293 (embryonic kidney),HepG2 (hepatoblastoma),K562 (myelogenous leukemia),omental fat pad,upper lobe of left lung	5.314243579268044	0.0	1.6280000000000001	-0.743
chr10	38526893	T	G	EP300_HUMAN,NFIC_HUMAN,CTCF_HUMAN,ZFX_HUMAN,SUZ12_HUMAN,SMCE1_HUMAN,YBOX1_HUMAN,HTF4_HUMAN,FOXK2_HUMAN,PRDM4_HUMAN,NCOA3_HUMAN,NFIB_HUMAN,MCM2_HUMAN,HDAC1_HUMAN,SPI1_HUMAN	A549 (lung carcinoma),LNCaP (prostate carcinoma),MCF7 (Invasive ductal breast carcinoma),GM12878 (female B-cells),HEK293 (embryonic kidney),HepG2 (hepatoblastoma),K562 (myelogenous leukemia),ovary,sigmoid colon	5.075585670313908	0.0	0.848	-0.027000000000000003
chr10	38527290	A	G	EP300_HUMAN,ESR1_HUMAN,SUMO2_HUMAN,CTCF_HUMAN,GCR_HUMAN,ZFX_HUMAN,SP1_HUMAN,SUZ12_HUMAN,PAX8_HUMAN,SIX4_HUMAN,ZN574_HUMAN,NBN_HUMAN,NFRKB_HUMAN,PKNX1_HUMAN,CTBP1_HUMAN,ZN592_HUMAN,RCOR1_HUMAN,BHE40_HUMAN,ZN687_HUMAN,REQU_HUMAN,SRBP1_HUMAN,ZKSC1_HUMAN,PRDM4_HUMAN,ERR1_HUMAN,NCOA3_HUMAN,NFIB_HUMAN,Z512B_HUMAN,ZBTB5_HUMAN	22RV1 (prostate carcinoma),HEK293T (embryonic kidney),A549 (lung carcinoma),LNCaP (prostate carcinoma),MCF7 (Invasive ductal breast carcinoma),coronary artery smooth muscle,GM12878 (female B-cells),HEK293 (embryonic kidney),HepG2 (hepatoblastoma),K562 (myelogenous leukemia)	0.0	3.1183462293590227	-0.32	0.862
chr10	38527602	A	T	EP300_HUMAN,TADBP_HUMAN,CAVN1_HUMAN,CTCF_HUMAN,GATA3_HUMAN,FOXA1_HUMAN,SIN3A_HUMAN,ZFX_HUMAN,NONO_HUMAN,KAISO_HUMAN,SP1_HUMAN,FOXA2_HUMAN,CREB1_HUMAN,SUZ12_HUMAN,KDM1A_HUMAN,ZN217_HUMAN,P66B_HUMAN,MNT_HUMAN,ZNF24_HUMAN,YBOX1_HUMAN,NFXL1_HUMAN,ELF1_HUMAN,CLOCK_HUMAN,ZN507_HUMAN,NBN_HUMAN,NFRKB_HUMAN,ZN384_HUMAN,TTP_HUMAN,NR2C1_HUMAN,NCOR1_HUMAN,ZN592_HUMAN,RFX1_HUMAN,NCOA2_HUMAN,TAF9B_HUMAN,HTF4_HUMAN,IKZF1_HUMAN,IKZF2_HUMAN,ZN687_HUMAN,FOXK2_HUMAN,MTA2_HUMAN,BCLF1_HUMAN,BMI1_HUMAN,MEF2B_HUMAN,TEAD2_HUMAN,FOXP1_HUMAN,RING2_HUMAN,SRBP1_HUMAN,ZKSC1_HUMAN,NDF1_HUMAN,PRDM4_HUMAN,ERR1_HUMAN,ATF7_HUMAN,E4F1_HUMAN,ZN207_HUMAN,NCOA3_HUMAN,HES1_HUMAN,NFIB_HUMAN,ZNF8_HUMAN,ZN444_HUMAN,T22D4_HUMAN,ZBT7B_HUMAN,CHD1_HUMAN,ARI1B_HUMAN,ZN316_HUMAN,ZBTB5_HUMAN,MCM3_HUMAN,MCM7_HUMAN,HDAC1_HUMAN,TR150_HUMAN,ATM_HUMAN,PLRG1_HUMAN,KDM5C_HUMAN	22RV1 (prostate carcinoma),HEK293T (embryonic kidney),A549 (lung carcinoma),LNCaP (prostate carcinoma),MCF7 (Invasive ductal breast carcinoma),Caki-1 (renal carcinoma),GM12878 (female B-cells),HCT-116 (colon carcinoma),HEK293 (embryonic kidney),HepG2 (hepatoblastoma),K562 (myelogenous leukemia),spleen,suprapubic skin,subcutaneous adipose tissue,stomach,upper lobe of left lung	0.0	6.988629402214581	-1.1079999999999999	1.47
chr10	38528688	G	C	EP300_HUMAN,T2FA_HUMAN,EZH2_HUMAN,TADBP_HUMAN,ESR1_HUMAN,NFIC_HUMAN,CTCF_HUMAN,GATA3_HUMAN,ANDR_HUMAN,GCR_HUMAN,ZBT40_HUMAN,SP1_HUMAN,CUX1_HUMAN,REST_HUMAN,FOXA2_HUMAN,CREB1_HUMAN,HDAC2_HUMAN,KDM1A_HUMAN,PAX8_HUMAN,ZN217_HUMAN,SMCA5_HUMAN,P66B_HUMAN,SMCE1_HUMAN,MNT_HUMAN,ZNF24_HUMAN,YBOX1_HUMAN,NFXL1_HUMAN,ELF1_HUMAN,ZN507_HUMAN,NBN_HUMAN,NFRKB_HUMAN,TRI22_HUMAN,PKNX1_HUMAN,CTBP1_HUMAN,CEBPG_HUMAN,HSF1_HUMAN,NR2C1_HUMAN,MYBB_HUMAN,RFX1_HUMAN,RCOR1_HUMAN,ATF2_HUMAN,IKZF1_HUMAN,IKZF2_HUMAN,FOXK2_HUMAN,MTA2_HUMAN,ARNT_HUMAN,RAD51_HUMAN,BCLF1_HUMAN,BMI1_HUMAN,MEF2B_HUMAN,LMBL2_HUMAN,HDGF_HUMAN,STAT1_HUMAN,RING2_HUMAN,ZN512_HUMAN,SRBP1_HUMAN,MAFK_HUMAN,ZC11A_HUMAN,ZKSC1_HUMAN,PRDM4_HUMAN,MAZ_HUMAN,ZN426_HUMAN,ERR1_HUMAN,DACH1_HUMAN,ATF7_HUMAN,IRF5_HUMAN,E4F1_HUMAN,ZN207_HUMAN,ENL_HUMAN,NCOA3_HUMAN,NFIB_HUMAN,ZBT7B_HUMAN,CHD1_HUMAN,SOX6_HUMAN,ARI1B_HUMAN,ZBTB5_HUMAN,ZN282_HUMAN,MCM2_HUMAN,HDAC1_HUMAN,MCM5_HUMAN,TR150_HUMAN,PLRG1_HUMAN,KDM5C_HUMAN	22RV1 (prostate carcinoma),HEK293T (embryonic kidney),A549 (lung carcinoma),LNCaP (prostate carcinoma),T47D (invasive ductal carcinoma),MCF7 (Invasive ductal breast carcinoma),Caki-1 (renal carcinoma),CD14+ monocytes,GM12878 (female B-cells),HEK293 (embryonic kidney),HeLa S3 (cervical adenocarcinoma),HepG2 (hepatoblastoma),K562 (myelogenous leukemia),MDA-MB-231 (breast adenocarcinoma),spleen,RWPE1 (prostate epithelial cells),pancreas,suprapubic skin,subcutaneous adipose tissue,testis,omental fat pad,gastroesophageal sphincter,epithelial cell of prostate,esophagus muscularis mucosa,sigmoid colon,upper lobe of left lung,bone marrow-derived nuclear cells (adult)	0.0	14.859096729675624	-0.18600000000000003	1.3130000000000002
chr10	41884509	A	T	NFIC_HUMAN,CTCF_HUMAN,NBN_HUMAN,PKNX1_HUMAN,CTBP1_HUMAN,NR2C1_HUMAN,FOXK2_HUMAN,MTA2_HUMAN,RING2_HUMAN,SRBP1_HUMAN,PRDM4_HUMAN,E4F1_HUMAN,ATM_HUMAN	HEK293T (embryonic kidney),LNCaP (prostate carcinoma),MCF7 (Invasive ductal breast carcinoma),GM12878 (female B-cells),HEK293 (embryonic kidney),HepG2 (hepatoblastoma),K562 (myelogenous leukemia),sigmoid colon	0.0	3.108473467903674	-1.631	1.662
chr11	94132401	G	A	PRDM4_HUMAN	HEK293 (embryonic kidney)	0.0	2.919477476778706		0.769
chr11	94132403	G	T	PRDM4_HUMAN	HEK293 (embryonic kidney)	0.0	2.5456057971517336		0.72
chr11	94238982	T	C	CTCF_HUMAN,PRDM4_HUMAN,ZN768_HUMAN,ZN248_HUMAN	HEK293 (embryonic kidney),K562 (myelogenous leukemia)	1.478781911014824	0.0	0.6920000000000001	0.171
chr11	94960715	A	G	PRDM4_HUMAN,FEZF1_HUMAN,SP7_HUMAN,PRDM6_HUMAN	HEK293 (embryonic kidney)	0.0	2.178593921275026	-1.6740000000000002	1.518
chr12	1519379	G	C	ESR1_HUMAN,FOXA1_HUMAN,PRDM4_HUMAN,FEZF1_HUMAN,ZN335_HUMAN	HEK293 (embryonic kidney),breast tumor tissue	4.729460104609415	0.0	1.5919999999999999	-0.282
chr12	41984142	G	A	ZBT8A_HUMAN,PRDM4_HUMAN,FEZF1_HUMAN,SP7_HUMAN,PRDM6_HUMAN,OSR2_HUMAN,GFI1B_HUMAN	HEK293 (embryonic kidney)	1.4142663004489384	0.0	1.51	-1.3980000000000001
chr12	49879052	A	G	PRDM4_HUMAN	HEK293 (embryonic kidney)	1.3144752597644915	0.0	1.3840000000000001	
chr12	54039213	A	G	ZN423_HUMAN,PRDM4_HUMAN,ZN394_HUMAN	HEK293T (embryonic kidney),HEK293 (embryonic kidney)	1.362142456525691	0.0	1.626	-2.42
chr12	54039227	G	C	PRDM4_HUMAN	HEK293T (embryonic kidney),HEK293 (embryonic kidney)	1.3907810223881458	0.0	1.629	
chr12	71455496	T	C	PRDM4_HUMAN	HEK293 (embryonic kidney)	0.0	1.437645491419172		1.58
chr12	104886872	T	C	FOXA1_HUMAN,ZIC2_HUMAN,PRDM4_HUMAN,FEZF1_HUMAN,SP7_HUMAN,OSR2_HUMAN,ZN398_HUMAN,ZN362_HUMAN,ZN366_HUMAN,ZN189_HUMAN	VCaP (prostate carcinoma),HEK293 (embryonic kidney)	3.7087813689536677	0.0	1.577	-1.445
chr12	119602859	G	A	ZN580_HUMAN,GLIS1_HUMAN,PRDM4_HUMAN,FEZF1_HUMAN,PRDM6_HUMAN,OSR2_HUMAN,MZF1_HUMAN	HEK293 (embryonic kidney)	0.0	1.402098825626255	-1.494	1.636
chr13	45373153	C	A	PRDM4_HUMAN	cranial neural crest cells,HEK293 (embryonic kidney)	0.0	1.437645491419172		1.4340000000000002
chr13	66414454	G	T	PRDM4_HUMAN,OSR2_HUMAN	HEK293 (embryonic kidney)	1.426754955068207	0.0	1.482	-1.364
chr13	67191521	G	A	PRDM4_HUMAN	HEK293 (embryonic kidney)	1.910829481703499	0.0	1.6159999999999999	-1.5030000000000001
chr13	67191524	T	A	PRDM4_HUMAN	HEK293 (embryonic kidney)	0.0	2.0289414426255523	-1.584	1.6369999999999998
chr13	71790252	T	C	PRDM4_HUMAN,OSR2_HUMAN	HEK293 (embryonic kidney)	1.498594611500335	0.0	1.646	
chr13	79393998	G	A	MAX_HUMAN,PRDM4_HUMAN,USF1_HUMAN	HEK293T (embryonic kidney),LNCaP (prostate carcinoma),HEK293 (embryonic kidney),HepG2 (hepatoblastoma),NB4 (acute promyelocytic leukemia )	2.1227040378574356	0.0	1.256	-0.061
chr13	98151322	G	A	GCR_HUMAN,PRDM4_HUMAN,PRDM6_HUMAN	HEK293 (embryonic kidney),embryonic kidney	3.2937291679529084	0.0	1.744	
chr13	112346351	G	A	PRDM4_HUMAN,OSR2_HUMAN	HEK293 (embryonic kidney)	0.0	1.7280754657447503		1.527
chr14	31027006	T	C	TYY1_HUMAN,CLOCK_HUMAN,PRDM4_HUMAN	HEK293T (embryonic kidney),GM12878 (female B-cells),HEK293 (embryonic kidney),HepG2 (hepatoblastoma)	1.5780432544725962	0.0	1.354	
chr14	90698395	C	T	PRDM4_HUMAN,PRDM6_HUMAN	HEK293 (embryonic kidney)	2.0071360131039624	0.0	1.7209999999999999	
chr15	80093979	A	C	ATF2_HUMAN,PRDM4_HUMAN,FEZF1_HUMAN,OSR2_HUMAN,ZBT12_HUMAN,ZN843_HUMAN,BCL6B_HUMAN	HEK293 (embryonic kidney)	2.064337323930236	0.0	1.51	-1.3980000000000001
chr15	80773165	G	A	GCR_HUMAN,PRDM4_HUMAN	embryonic kidney	3.509185929000989	0.0	1.213	-1.0190000000000001
chr16	2663816	A	G	PRDM4_HUMAN,ZN600_HUMAN,FEZF1_HUMAN,SP7_HUMAN,PRDM6_HUMAN,SP2_HUMAN	HEK293 (embryonic kidney),K562 (myelogenous leukemia)	2.319618853850431	0.0	1.801	
chr16	2896054	G	A	ZIC2_HUMAN,GLIS1_HUMAN,PRDM4_HUMAN	HEK293 (embryonic kidney)	1.8620074916791975	0.0	1.4569999999999999	
chr16	46390834	G	A	PTTG1_HUMAN,DDX20_HUMAN,ESR1_HUMAN,CEBPB_HUMAN,CTCF_HUMAN,GCR_HUMAN,ZFX_HUMAN,PRDM1_HUMAN,ZN148_HUMAN,JUND_HUMAN,REST_HUMAN,SUZ12_HUMAN,SMCA5_HUMAN,SMCE1_HUMAN,MNT_HUMAN,ZNF24_HUMAN,NFXL1_HUMAN,ZN574_HUMAN,CLOCK_HUMAN,NBN_HUMAN,NFRKB_HUMAN,NCOA2_HUMAN,E2F1_HUMAN,SIN3B_HUMAN,IKZF1_HUMAN,NFAC3_HUMAN,ARNT_HUMAN,SKIL_HUMAN,BCLF1_HUMAN,FOXM1_HUMAN,HDGF_HUMAN,ZBT11_HUMAN,ZN792_HUMAN,FOXP1_HUMAN,RING2_HUMAN,MITF_HUMAN,ZN416_HUMAN,PRDM4_HUMAN,ZBT49_HUMAN,SP7_HUMAN,OVOL3_HUMAN,ZN202_HUMAN,ZN239_HUMAN,ZN664_HUMAN,GLI4_HUMAN,RBAK_HUMAN,GFI1B_HUMAN,ZN169_HUMAN,ZEB2_HUMAN,ZN331_HUMAN,ZN555_HUMAN,ERR1_HUMAN,E2F8_HUMAN,NCOA3_HUMAN,TF65_HUMAN,ZBT7B_HUMAN,NCOA1_HUMAN,ZN316_HUMAN,ZN407_HUMAN,MCM2_HUMAN,C2D1A_HUMAN,BCOR_HUMAN,MCM5_HUMAN,ZSC26_HUMAN,PRDM2_HUMAN,STA5A_HUMAN,DUX4_HUMAN,KDM5C_HUMAN	22RV1 (prostate carcinoma),HEK293T (embryonic kidney),MCF7 (Invasive ductal breast carcinoma),LNCaP C4-2B (prostate carcinoma),Caki-1 (renal carcinoma),coronary artery smooth muscle,GM12878 (female B-cells),HEK293 (embryonic kidney),HepG2 (hepatoblastoma),induced pluripotent stem cells,K562 (myelogenous leukemia),pancreas,HIV-1 latently-infected central memory T cells cultured from uninfected primary T cells,Peyer's patch,esophagus squamous epithelium,omental fat pad,epithelial cell of prostate,sigmoid colon,tibial nerve,RWPE2	2.1237763123205626	0.0	0.643	
chr16	46390867	C	T	FOXA1_HUMAN,ZFX_HUMAN,NONO_HUMAN,SUZ12_HUMAN,HTF4_HUMAN,IKZF2_HUMAN,FOXP1_HUMAN,ETV6_HUMAN,PRDM4_HUMAN,TYY2_HUMAN,ZN837_HUMAN,TBX21_HUMAN,TBX3_HUMAN,ETS2_HUMAN,ZN184_HUMAN,MCM3_HUMAN,ZN300_HUMAN,TLX1_HUMAN	ALL-SIL (acute lymphoblastic leukemia),MCF7 (Invasive ductal breast carcinoma),GM12878 (female B-cells),HepG2 (hepatoblastoma),K562 (myelogenous leukemia),Th1-cells,KMS-11,Reh (ATCC CRL-8286)	3.02800536257193	0.0	1.43	-0.748
chr16	77409271	T	C	PRDM4_HUMAN,FEZF1_HUMAN	HEK293 (embryonic kidney)	0.0	2.178593921275026	-2.506	1.742
chr16	77451243	A	G	PRDM4_HUMAN,NFIB_HUMAN	MCF7 (Invasive ductal breast carcinoma),HEK293 (embryonic kidney)	1.4069564464266762	0.0	1.611	-2.227
chr16	87550160	C	A	CTCF_HUMAN,PRDM4_HUMAN	LNCaP (prostate carcinoma),HEK293 (embryonic kidney)	2.8325208630193246	0.0	0.825	-0.43799999999999994
chr16	87550172	G	C	CTCF_HUMAN,PRDM4_HUMAN	HEK293 (embryonic kidney)	2.505694465292156	0.0	0.77	-0.26
chr17	8200377	A	G	ZN639_HUMAN,GLIS1_HUMAN,PRDM4_HUMAN,TZAP_HUMAN,PRD10_HUMAN,ZXDB_HUMAN,ZNF2_HUMAN,ZBT17_HUMAN,PATZ1_HUMAN,ZN121_HUMAN,ZN501_HUMAN,ZN362_HUMAN,HIC1_HUMAN,ZN366_HUMAN,ZN394_HUMAN,PRDM9_HUMAN	MCF7 (Invasive ductal breast carcinoma),HEK293 (embryonic kidney)	1.772714882665904	0.0	1.555	
chr17	12038177	A	T	PRDM4_HUMAN	HEK293 (embryonic kidney)	1.3144752597644915	0.0	1.5090000000000001	-1.215
chr17	40069159	G	C	MNT_HUMAN,ZBT26_HUMAN,SP3_HUMAN,PRDM4_HUMAN,EGR2_HUMAN,SP2_HUMAN,ZSCA4_HUMAN,ZN335_HUMAN,PATZ1_HUMAN,ZN398_HUMAN	GM12878 (female B-cells),HEK293 (embryonic kidney),K562 (myelogenous leukemia)	0.0	1.7266677831470332	-1.665	1.301
chr17	40069190	T	A	MNT_HUMAN,ZBT26_HUMAN,SP3_HUMAN,PRDM4_HUMAN,EGR2_HUMAN,ZBT20_HUMAN,SP2_HUMAN,ZSCA4_HUMAN,ZN335_HUMAN,ZN680_HUMAN,KLF8_HUMAN,PATZ1_HUMAN,ZBT21_HUMAN,ZN398_HUMAN	GM12878 (female B-cells),HEK293 (embryonic kidney),K562 (myelogenous leukemia)	0.0	1.7511134664914694	-1.567	1.222
chr17	72189218	G	A	PRDM4_HUMAN	HEK293 (embryonic kidney),HepG2 (hepatoblastoma)	0.0	2.073610332626688		1.611
chr17	81574529	T	A	GLIS1_HUMAN,PRDM4_HUMAN,SP7_HUMAN	HEK293 (embryonic kidney)	1.6146988121309087	0.0	1.485	-2.1519999999999997
chr17	82367910	C	A	PRDM4_HUMAN,HIC1_HUMAN	HEK293 (embryonic kidney)	4.84849056558871	0.0	2.022	
chr18	6729259	C	T	PRDM4_HUMAN,ZN335_HUMAN	HEK293 (embryonic kidney),neural cell	0.0	2.073610332626688		1.767
chr18	6741565	C	A	PRDM4_HUMAN	HEK293 (embryonic kidney)	1.8155471761124942	0.0	1.59	-1.466
chr18	48990004	G	A	PRDM4_HUMAN	HEK293 (embryonic kidney)	1.3144752597644915	0.0	1.3840000000000001	
chr18	50375101	C	T	PRDM4_HUMAN,ZBT20_HUMAN	CD14+ monocytes,HEK293 (embryonic kidney)	1.3745192485864854	0.0	1.453	-1.337
chr18	63091863	T	C	CTCF_HUMAN,KLF9_HUMAN,PRDM4_HUMAN	HEK293 (embryonic kidney)	3.855125379309359	0.0	1.72	
chr19	1021350	A	T	SP3_HUMAN,GLIS1_HUMAN,PRDM4_HUMAN,ZN600_HUMAN,TYY2_HUMAN,WT1_HUMAN,ZN623_HUMAN,ZNF76_HUMAN,ZN335_HUMAN,ZN577_HUMAN,ZN426_HUMAN,ZNF34_HUMAN,ZN366_HUMAN	HEK293 (embryonic kidney)	0.0	2.287595741432275		1.669
chr19	1021400	G	A	CTCF_HUMAN,ZN639_HUMAN,PRDM4_HUMAN,SP7_HUMAN,WT1_HUMAN,ZN302_HUMAN,ZNF76_HUMAN,ZSCA4_HUMAN,ZN335_HUMAN,Z518A_HUMAN,ZN843_HUMAN,ZN426_HUMAN,ZN366_HUMAN	HEK293 (embryonic kidney)	2.1243734287821274	0.0	1.32	-0.301
chr19	16069749	T	G	PRDM4_HUMAN	HEK293 (embryonic kidney)	0.0	2.230535040726367	-1.656	1.71
chr19	46133843	T	C	PRDM4_HUMAN	HEK293 (embryonic kidney)	0.0	2.0502079659002126		1.7990000000000002
chr19	50368861	A	G	RAD21_HUMAN,ESR1_HUMAN,IKZF1_HUMAN,ZBT11_HUMAN,PRDM4_HUMAN,ZBT20_HUMAN,ZN335_HUMAN	GM12878 (female B-cells),H1 (embryonic stem cells),HEK293 (embryonic kidney),K562 (myelogenous leukemia),pre-B acute lymphoblastic leukemia,liver,PC9 (lung adenocarcinoma),RH4 (alveolar rhabdomyosarcoma)	4.156528094080787	0.0	1.348	-0.10800000000000001
chr2	23422681	T	A	PRDM4_HUMAN	HEK293 (embryonic kidney)	1.6332997297215641	0.0	1.369	-1.391
chr2	68046853	T	A	PKNX1_HUMAN,PRDM4_HUMAN,FEZF1_HUMAN,OSR2_HUMAN	HEK293T (embryonic kidney),HEK293 (embryonic kidney)	0.0	4.265057274713944		1.9609999999999999
chr2	101433802	A	G	PRDM4_HUMAN,FEZF1_HUMAN	HEK293 (embryonic kidney)	1.3745192485864854	0.0	1.315	-1.175
chr2	121776989	T	A	PRDM4_HUMAN	HEK293 (embryonic kidney)	1.498594611500335	0.0	1.3330000000000002	-1.35
chr2	169141859	A	G	CTCF_HUMAN,PRDM4_HUMAN,MIER1_HUMAN	A549 (lung carcinoma),HEK293 (embryonic kidney),K562 (myelogenous leukemia)	0.5808153162533132	3.382331083159336	0.272	0.41600000000000004
chr2	212177764	C	T	PRDM4_HUMAN,FEZF1_HUMAN,WT1_HUMAN	HEK293 (embryonic kidney)	1.6510695846587875	0.0	1.39	-1.156
chr2	222320575	C	A	PRDM4_HUMAN,ZFHX2_HUMAN,GLIS2_HUMAN	HEK293 (embryonic kidney)	1.5060361516299365	0.0	1.3730000000000002	-1.186
chr2	222320696	C	T	ZBT26_HUMAN,PRDM4_HUMAN	HEK293 (embryonic kidney)	1.9532198016473625	0.0	1.239	-1.14
chr2	232613977	C	T	PRDM4_HUMAN	HEK293 (embryonic kidney),HepG2 (hepatoblastoma)	1.3144752597644915	0.0	1.225	
chr2	240292881	C	G	PRDM4_HUMAN	HEK293 (embryonic kidney)	1.3907810223881458	0.0	1.2919999999999998	-1.46
chr20	38313917	A	T	CREB1_HUMAN,HTF4_HUMAN,FOXK2_HUMAN,PRDM4_HUMAN	MCF7 (Invasive ductal breast carcinoma),GM12878 (female B-cells),HEK293 (embryonic kidney),K562 (myelogenous leukemia)	2.4436938318845196	0.0	0.301	
chr20	44973280	G	T	ZN350_HUMAN,ATF2_HUMAN,PRDM4_HUMAN,SP7_HUMAN,PRDM6_HUMAN,ZEB2_HUMAN,BCL6B_HUMAN,FLI1_HUMAN	HEK293 (embryonic kidney)	1.611583801612742	0.0	1.5930000000000002	-1.7819999999999998
chr20	57252088	C	A	PRDM4_HUMAN	HEK293 (embryonic kidney),HepG2 (hepatoblastoma)	0.0	1.4974580898379068	-1.446	1.504
chr20	63483261	C	T	BC11A_HUMAN,GLIS1_HUMAN,PRDM4_HUMAN,ZEB2_HUMAN	HEK293 (embryonic kidney)	1.5666913386328396	0.0	1.5090000000000001	
chr21	36135203	G	A	TYY1_HUMAN,PRDM4_HUMAN	HEK293 (embryonic kidney)	0.0	1.3218915194790701		1.413
chr21	36135471	C	T	PRDM4_HUMAN	HEK293T (embryonic kidney),HEK293 (embryonic kidney)	0.0	1.5351583887625238		1.564
chr21	42879214	G	C	TYY1_HUMAN,PRDM4_HUMAN	HEK293T (embryonic kidney),GM12878 (female B-cells),HEK293 (embryonic kidney),HepG2 (hepatoblastoma)	0.13151932714460093	1.3763701820338725	-0.057999999999999996	1.589
chr22	20509598	G	A	HDAC2_HUMAN,KDM1A_HUMAN,ZNF24_HUMAN,E2F1_HUMAN,IKZF1_HUMAN,LMBL2_HUMAN,STAT1_HUMAN,NRF1_HUMAN,PRDM4_HUMAN,ZFHX2_HUMAN,ENL_HUMAN	CD14+ monocytes,HEK293 (embryonic kidney),K562 (myelogenous leukemia)	0.0	1.402155154552322		2.234
chr22	26883786	T	C	ZN580_HUMAN,PRDM4_HUMAN,PRDM6_HUMAN,ZN843_HUMAN	HEK293 (embryonic kidney)	2.1702218389675556	0.0	1.88	
chr22	37401657	G	T	PRDM4_HUMAN,WT1_HUMAN	HEK293 (embryonic kidney)	3.6839120862111328	0.0	2.001	
chr22	37401687	G	C	PRDM4_HUMAN,WT1_HUMAN	HEK293 (embryonic kidney)	2.808331393542879	0.0	1.882	
chr22	37401688	C	G	PRDM4_HUMAN,WT1_HUMAN	HEK293 (embryonic kidney)	2.7067042510749664	0.0	1.867	
chr22	45532325	C	T	PRDM4_HUMAN	HEK293 (embryonic kidney)	1.3907810223881458	0.0	1.5919999999999999	
chr3	4829205	T	C	JUNB_HUMAN,IKZF1_HUMAN,IKZF2_HUMAN,GLIS1_HUMAN,PRDM4_HUMAN,ZN629_HUMAN,ZNF10_HUMAN,ZBT17_HUMAN,OSR2_HUMAN,ZN843_HUMAN,TBX21_HUMAN,ZN366_HUMAN,ZN394_HUMAN	GM12878 (female B-cells),HEK293 (embryonic kidney)	0.0	2.069159216650926		1.367
chr3	4906144	T	C	GLIS1_HUMAN,PRDM4_HUMAN	HEK293 (embryonic kidney)	0.0	1.4195395622316445	-1.111	1.3459999999999999
chr3	12796794	G	C	PRDM4_HUMAN,ZFHX2_HUMAN	HEK293 (embryonic kidney)	0.0	1.4427998451960442	-1.925	1.4380000000000002
chr3	12841572	T	A	ESR1_HUMAN,CTCF_HUMAN,JUN_HUMAN,TYY1_HUMAN,BCL3_HUMAN,STAT1_HUMAN,PRDM4_HUMAN,TF65_HUMAN	HEK293T (embryonic kidney),A549 (lung carcinoma),CD14+ monocytes,HEK293 (embryonic kidney),monocyte-derived macrophages,breast tumor tissue,foreskin keratinocyte	3.267503053795496	0.0	1.6159999999999999	-0.467
chr3	13485996	A	G	PRDM4_HUMAN	HEK293 (embryonic kidney)	0.0	1.6096860406877496	-1.4869999999999999	1.3419999999999999
chr3	16507802	C	T	PRDM4_HUMAN,MYNN_HUMAN	HEK293T (embryonic kidney),HEK293 (embryonic kidney)	1.3564142556627052	0.0	1.354	
chr3	34010270	T	C	PRDM4_HUMAN,FEZF1_HUMAN,SP7_HUMAN,PRDM6_HUMAN,WT1_HUMAN,OSR2_HUMAN,ZNF18_HUMAN,ZEB2_HUMAN,ZN843_HUMAN,ZN366_HUMAN,ZN394_HUMAN	HEK293 (embryonic kidney)	0.0	2.073610332626688	-1.8119999999999998	1.5859999999999999
chr3	61158401	C	T	ZIC2_HUMAN,TYY1_HUMAN,PKNX1_HUMAN,PRDM4_HUMAN,FEZF1_HUMAN,SP7_HUMAN,PRDM6_HUMAN,OSR2_HUMAN,ZN366_HUMAN	HEK293T (embryonic kidney),HEK293 (embryonic kidney)	1.437581261032638	0.0	1.319	-1.554
chr3	61158408	C	A	ZIC2_HUMAN,PKNX1_HUMAN,PRDM4_HUMAN,FEZF1_HUMAN,SP7_HUMAN,PRDM6_HUMAN,OSR2_HUMAN,ZN366_HUMAN	HEK293 (embryonic kidney)	1.7908252475490167	0.0	1.4240000000000002	-1.682
chr3	98565439	C	T	PRDM4_HUMAN	HEK293 (embryonic kidney)	1.4644255762276224	0.0	1.453	-1.881
chr3	126212424	G	A	PRDM4_HUMAN	HEK293 (embryonic kidney)	0.0	1.7513675200397028	-1.9369999999999998	1.5290000000000001
chr3	169027160	C	T	PRDM4_HUMAN,ZBT17_HUMAN	HEK293 (embryonic kidney)	2.089523956136489	0.0	1.575	-1.8330000000000002
chr6	84350569	G	A	PRDM4_HUMAN	HEK293 (embryonic kidney)	1.4496035842445458	0.0	1.5330000000000001	
chr7	1530457	A	G	PRDM4_HUMAN	HEK293 (embryonic kidney)	8.901583531993182	0.0	2.2	
chr7	1530484	G	C	PRDM4_HUMAN	HEK293 (embryonic kidney)	8.420043358297676	0.0	2.105	
chr7	44848430	G	A	RAD21_HUMAN,ZN639_HUMAN,PRDM4_HUMAN,ZN629_HUMAN,FEZF1_HUMAN,SP7_HUMAN,ZFHX2_HUMAN,ZBT17_HUMAN,ZN335_HUMAN,ZEB2_HUMAN	LNCaP (prostate carcinoma),GM12878 (female B-cells),HEK293 (embryonic kidney),thymus-derived CD34- cells	0.0	2.3922275646611606	-1.0490000000000002	1.224
chr7	112567211	T	C	PRDM4_HUMAN,PRDM6_HUMAN,SP2_HUMAN	HEK293 (embryonic kidney)	0.0	1.5351583887625238	-1.47	1.324
chr7	141738140	C	A	CTCF_HUMAN,PRDM4_HUMAN,PRD10_HUMAN	HEK293T (embryonic kidney),VCaP (prostate carcinoma),MCF7 (Invasive ductal breast carcinoma),hASC (preadipocytes),HEK293 (embryonic kidney),epidermal keratinocytes,MCF10A (breast epithelial cells),SH-SY5Y (neuroblastoma),SK-N-SH (neuroblastoma),hepatocytes,RH4 (alveolar rhabdomyosarcoma),uterus,SK-N-AS (neuroblastoma)	0.0	1.8973241454016565	0.7879999999999999	0.966
chr7	155206025	G	A	TADBP_HUMAN,FOXA1_HUMAN,TYY1_HUMAN,EGR1_HUMAN,ZNF24_HUMAN,CTBP1_HUMAN,NR2C1_HUMAN,MGAP_HUMAN,NCOA2_HUMAN,E2F1_HUMAN,HDAC3_HUMAN,SMCA4_HUMAN,IKZF1_HUMAN,ZSC29_HUMAN,FOXK2_HUMAN,ARNT_HUMAN,LEF1_HUMAN,LMBL2_HUMAN,ZBT11_HUMAN,NRF1_HUMAN,PRDM4_HUMAN,WT1_HUMAN,ZN302_HUMAN,ZNF76_HUMAN,ZSCA4_HUMAN,ZN274_HUMAN,ZNF18_HUMAN,AEBP2_HUMAN,ZBT21_HUMAN,ZEB2_HUMAN,ZN768_HUMAN,ZFP91_HUMAN,RB_HUMAN,ATF7_HUMAN,NCOA1_HUMAN,CDC5L_HUMAN,ZBTB5_HUMAN,MCM3_HUMAN,BCOR_HUMAN,TIF1A_HUMAN,AFF1_HUMAN,TR150_HUMAN,ZN398_HUMAN,ZN571_HUMAN	HEK293T (embryonic kidney),HEK293 (embryonic kidney),K562 (myelogenous leukemia)	1.9688381344709447	0.0	1.236	-0.7859999999999999
chr7	157299374	T	C	PRDM4_HUMAN	HEK293 (embryonic kidney),K562 (myelogenous leukemia)	1.3745192485864854	0.0	1.453	-1.337
chr7	158616579	A	C	ZSC16_HUMAN,PRDM4_HUMAN	HEK293 (embryonic kidney)	0.0	1.9625036646844065		1.751
chr8	29820674	C	T	MNT_HUMAN,PRDM4_HUMAN	HEK293 (embryonic kidney)	1.352962001635872	0.0	1.179	-0.985
chr8	37506662	A	G	PRDM4_HUMAN	HEK293 (embryonic kidney)	0.0	2.178593921275026		1.6380000000000001
chr8	37547879	G	T	CTBP1_HUMAN,PRDM4_HUMAN,ZNF34_HUMAN	HEK293T (embryonic kidney),HEK293 (embryonic kidney)	0.0	1.5720819735387321	-1.36	1.588
chr8	124196530	T	C	CLOCK_HUMAN,FOXK2_HUMAN,PRDM4_HUMAN	MCF7 (Invasive ductal breast carcinoma),GM12878 (female B-cells),HEK293 (embryonic kidney),HepG2 (hepatoblastoma),K562 (myelogenous leukemia)	0.0	2.3895808541989307	-1.123	1.272
chr8	142699871	G	C	ATF3_HUMAN,ZBT8A_HUMAN,ARNT_HUMAN,ZBT26_HUMAN,PRDM4_HUMAN,FEZF1_HUMAN,ZXDB_HUMAN,OSR2_HUMAN	HEK293T (embryonic kidney),HCT-116 (colon carcinoma),HEK293 (embryonic kidney),K562 (myelogenous leukemia)	0.0	1.7800719193295105	-0.797	1.224
chrX	15675338	T	A	REST_HUMAN,FOXK2_HUMAN,ZBT26_HUMAN,PRDM4_HUMAN,PRDM9_HUMAN	HEK293T (embryonic kidney),MCF7 (Invasive ductal breast carcinoma),GM12878 (female B-cells),HEK293 (embryonic kidney)	0.0	1.6539599681639439	-1.442	1.475
chrX	73823982	T	C	PRDM4_HUMAN	HEK293 (embryonic kidney)	0.0	2.5740304015098516		1.7990000000000002
chrX	119881141	T	C	PRDM4_HUMAN,SCRT2_HUMAN	HEK293T (embryonic kidney),HEK293 (embryonic kidney)	1.3144752597644915	0.0	1.3840000000000001	
chrX	156009119	G	C	TADBP_HUMAN,PRDM1_HUMAN,ZN148_HUMAN,TYY1_HUMAN,ZEB1_HUMAN,KLF13_HUMAN,MEF2B_HUMAN,LMBL2_HUMAN,ZN639_HUMAN,ZBT11_HUMAN,ZN175_HUMAN,ZBT26_HUMAN,ZNF48_HUMAN,ZF64A_HUMAN,KLF16_HUMAN,ZN211_HUMAN,ZN692_HUMAN,GLIS1_HUMAN,ZN785_HUMAN,ZSC16_HUMAN,ZN791_HUMAN,Z585B_HUMAN,PRDM4_HUMAN,INSM2_HUMAN,SP7_HUMAN,ZN701_HUMAN,KLF17_HUMAN,ZN670_HUMAN,ZN560_HUMAN,ZN777_HUMAN,ZN837_HUMAN,ZN140_HUMAN,ZF69B_HUMAN,ZXDB_HUMAN,ZN239_HUMAN,ZN530_HUMAN,ZNF2_HUMAN,ZN266_HUMAN,ZBT17_HUMAN,ZN155_HUMAN,SP2_HUMAN,Z354C_HUMAN,ZN654_HUMAN,GLI4_HUMAN,RBAK_HUMAN,ZN623_HUMAN,GFI1B_HUMAN,ZN274_HUMAN,ZFP41_HUMAN,ZN707_HUMAN,ZSC23_HUMAN,KLF8_HUMAN,ZBT21_HUMAN,ZNF26_HUMAN,ZN433_HUMAN,ZN157_HUMAN,ZN223_HUMAN,ZN768_HUMAN,ZN544_HUMAN,BCL6B_HUMAN,ZN114_HUMAN,ZIK1_HUMAN,ZN521_HUMAN,ZN112_HUMAN,ZSC26_HUMAN,ZN195_HUMAN,PRDM2_HUMAN,ZN248_HUMAN,ZN311_HUMAN	HEK293T (embryonic kidney),GM12878 (female B-cells),HEK293 (embryonic kidney)	0.0	3.650974776715033		2.658
