Chromosome	Position	Ref	Alt	ASB in transcription factors	ASB in cell types	RFX5_HUMAN_FDR_Ref	RFX5_HUMAN_FDR_Alt	RFX5_HUMAN_Effect_Size_Ref	RFX5_HUMAN_Effect_Size_Alt
chr1	85062323	C	A	FOXK2_HUMAN,RFX5_HUMAN	MCF7 (Invasive ductal breast carcinoma),GM12878 (female B-cells),HEK293 (embryonic kidney)	2.595015110760447	0.0	1.1	-1.032
chr1	111967512	G	A	RFX5_HUMAN	MCF7 (Invasive ductal breast carcinoma)	1.4852894455635908	0.0	1.3840000000000001	
chr1	171781417	T	C	CTCF_HUMAN,FOXK2_HUMAN,RFX5_HUMAN,BC11B_HUMAN,RB_HUMAN,HDAC1_HUMAN,KMT2A_HUMAN	A549 (lung carcinoma),VCaP (prostate carcinoma),MCF7 (Invasive ductal breast carcinoma),GM12878 (female B-cells),HEK293 (embryonic kidney),HepG2 (hepatoblastoma),K562 (myelogenous leukemia),fetal bone marrow-derived mononuclear cells,foreskin keratinocyte	1.5618789817352392	0.0	0.539	0.312
chr10	727446	C	T	RFX5_HUMAN	MCF7 (Invasive ductal breast carcinoma)	0.0	8.814664143695488		2.07
chr10	727449	G	A	RFX5_HUMAN	MCF7 (Invasive ductal breast carcinoma)	0.0	9.601781192283234		2.109
chr10	727670	G	C	RFX5_HUMAN	MCF7 (Invasive ductal breast carcinoma)	0.0	2.888122011555598		1.868
chr10	118755322	G	A	SIN3A_HUMAN,RFX5_HUMAN,KDM5B_HUMAN	A549 (lung carcinoma)	0.0	1.3337682351820135	-0.215	1.247
chr10	124418937	A	C	ESR1_HUMAN,CTCF_HUMAN,CREB1_HUMAN,RFX5_HUMAN	MCF7 (Invasive ductal breast carcinoma),HCT-116 (colon carcinoma)	0.0	1.3281374290492796		1.591
chr11	32216366	C	G	RFX5_HUMAN	MCF7 (Invasive ductal breast carcinoma)	0.0	10.724324434926759		2.502
chr11	35747819	C	T	RFX1_HUMAN,BMI1_HUMAN,RFX5_HUMAN	MCF7 (Invasive ductal breast carcinoma)	8.018382140433086	0.0	1.8319999999999999	
chr11	69638462	T	C	MNT_HUMAN,ELF1_HUMAN,RFX5_HUMAN,SNAI2_HUMAN	MCF7 (Invasive ductal breast carcinoma),cranial neural crest cells,keratinocytes	1.5815544621420634	0.0	1.18	
chr11	74494471	T	A	RFX5_HUMAN,FOS_HUMAN	MCF7 (Invasive ductal breast carcinoma)	0.0	1.6070160481683073		1.2819999999999998
chr12	106304024	A	G	RFX5_HUMAN	MCF7 (Invasive ductal breast carcinoma),HEK293 (embryonic kidney)	0.0	3.059696762074101		1.9040000000000001
chr12	121124679	A	G	ESR1_HUMAN,RFX1_HUMAN,RFX5_HUMAN	MCF7 (Invasive ductal breast carcinoma),liver	1.4820396916237981	0.0	0.768	-0.001
chr13	24127324	A	G	GRHL2_HUMAN,ESR1_HUMAN,FOXA1_HUMAN,CREB1_HUMAN,IKZF2_HUMAN,RFX5_HUMAN,ERR1_HUMAN,NCOA3_HUMAN	MCF7 (Invasive ductal breast carcinoma),GM12878 (female B-cells),HT29 (colon adenocarcinoma),SK-BR-3 (breast adenocarcinoma)	0.0	4.622879695116841	0.35200000000000004	1.409
chr13	52455350	C	G	FOXK2_HUMAN,RFX5_HUMAN	GM12878 (female B-cells),HepG2 (hepatoblastoma),MDA-MB-453 (breast adenocarcinoma)	0.717044614325166	5.79794357660977	0.619	2.3080000000000003
chr14	49892843	G	A	NRF1_HUMAN,RFX5_HUMAN	HEK293T (embryonic kidney),MCF7 (Invasive ductal breast carcinoma),GM12878 (female B-cells),HEK293 (embryonic kidney)	1.495048669285517	0.0	1.244	-0.902
chr15	56227528	A	T	RFX5_HUMAN	MCF7 (Invasive ductal breast carcinoma)	2.43145449429379	0.0	0.552	
chr15	98704903	G	T	RFX5_HUMAN	MCF7 (Invasive ductal breast carcinoma)	3.790609604978302	0.0	1.7	
chr16	14975051	C	G	EP300_HUMAN,RAD21_HUMAN,GRHL2_HUMAN,ESR1_HUMAN,CTCF_HUMAN,ZFX_HUMAN,JUN_HUMAN,SP1_HUMAN,CREB1_HUMAN,MNT_HUMAN,ELF1_HUMAN,BHE40_HUMAN,IKZF1_HUMAN,IKZF2_HUMAN,ZN687_HUMAN,FOXK2_HUMAN,COT1_HUMAN,ARI4B_HUMAN,SP5_HUMAN,RFX5_HUMAN,MXI1_HUMAN,SP7_HUMAN,KLF8_HUMAN,PATZ1_HUMAN,ZEB2_HUMAN,RB_HUMAN,ZN143_HUMAN,KLF5_HUMAN,RELB_HUMAN	HEK293T (embryonic kidney),A549 (lung carcinoma),MCF7 (Invasive ductal breast carcinoma),GM12878 (female B-cells),HEK293 (embryonic kidney),HeLa S3 (cervical adenocarcinoma),HepG2 (hepatoblastoma),liver,breast tumor tissue,neural cell	1.358274110467856	0.0	0.89	
chr16	19067715	G	A	ESR1_HUMAN,RFX5_HUMAN,ZN189_HUMAN	MCF7 (Invasive ductal breast carcinoma),HEK293 (embryonic kidney),breast tumor tissue	3.174683435321592	0.0	1.3159999999999998	
chr16	74743896	G	T	RFX5_HUMAN	MCF7 (Invasive ductal breast carcinoma),HT29 (colon adenocarcinoma),K562 (myelogenous leukemia)	0.0	7.653971480489947	-1.111	2.251
chr16	74744108	G	A	FOXA1_HUMAN,JUN_HUMAN,RFX5_HUMAN	A549 (lung carcinoma),MCF7 (Invasive ductal breast carcinoma),NCI-H2171 (small cell lung carcinoma)	0.025197325992013075	1.749290428926634	-0.26899999999999996	0.618
chr16	85879011	A	G	CTCF_HUMAN,RFX5_HUMAN	MCF7 (Invasive ductal breast carcinoma),D54 (glioblastoma)	3.2982390728555018	0.0	0.9059999999999999	0.285
chr16	88922581	T	C	ZFX_HUMAN,ZN687_HUMAN,RFX5_HUMAN	MCF7 (Invasive ductal breast carcinoma),MCF-7 C4-12 (invasive breast ductal carcinoma)	3.724567693919115	0.0	1.369	-0.5820000000000001
chr16	88922597	T	C	CTCF_HUMAN,ZFX_HUMAN,RFX5_HUMAN	MCF7 (Invasive ductal breast carcinoma),MCF-7 C4-12 (invasive breast ductal carcinoma),adrenal gland	1.380641759752756	0.0	0.647	0.235
chr17	715168	C	A	FOXK2_HUMAN,RFX5_HUMAN	MCF7 (Invasive ductal breast carcinoma),GM12878 (female B-cells)	1.8791470641372676	0.0	1.215	-1.2329999999999999
chr17	6261752	C	T	RFX5_HUMAN	MCF7 (Invasive ductal breast carcinoma)	0.0	12.031958920180129		2.089
chr17	8152405	A	G	GCR_HUMAN,JUN_HUMAN,RFX5_HUMAN	HEK293T (embryonic kidney),A549 (lung carcinoma),MCF7 (Invasive ductal breast carcinoma),cranial neural crest cells,HEK293 (embryonic kidney),SUM159PT (pleiomorphic breast carcinoma)	0.0	1.5499922302247504	-0.32	0.843
chr17	39959177	A	C	CTCF_HUMAN,FOXA1_HUMAN,RFX5_HUMAN	HepG2 (hepatoblastoma),liver,erythroid cells,foreskin keratinocyte	2.320239217796553	0.0	0.653	0.276
chr17	61574921	T	A	TADBP_HUMAN,GATA3_HUMAN,ZFX_HUMAN,SP1_HUMAN,CUX1_HUMAN,CREB1_HUMAN,SUZ12_HUMAN,ZN217_HUMAN,SMCA5_HUMAN,ZN579_HUMAN,P66B_HUMAN,SMCE1_HUMAN,MNT_HUMAN,ZNF24_HUMAN,YBOX1_HUMAN,NFXL1_HUMAN,ELF1_HUMAN,ZN574_HUMAN,CSN2_HUMAN,NFRKB_HUMAN,TRI22_HUMAN,PKNX1_HUMAN,RFX1_HUMAN,RCOR1_HUMAN,ZN687_HUMAN,REQU_HUMAN,ELK1_HUMAN,RFX5_HUMAN,MAZ_HUMAN,ERR1_HUMAN,ZN207_HUMAN,NCOA3_HUMAN,HES1_HUMAN,Z512B_HUMAN,MTA1_HUMAN,P53_HUMAN	MCF7 (Invasive ductal breast carcinoma),MCF-7 C4-12 (invasive breast ductal carcinoma)	0.0	1.620180199623561		1.6780000000000002
chr17	61574927	C	A	TADBP_HUMAN,ESR1_HUMAN,ZFX_HUMAN,SP1_HUMAN,CUX1_HUMAN,CREB1_HUMAN,SUZ12_HUMAN,ZN217_HUMAN,SMCA5_HUMAN,P66B_HUMAN,SMCE1_HUMAN,MNT_HUMAN,YBOX1_HUMAN,NFXL1_HUMAN,ELF1_HUMAN,ZN574_HUMAN,CSN2_HUMAN,NFRKB_HUMAN,TRI22_HUMAN,PKNX1_HUMAN,RFX1_HUMAN,ZN687_HUMAN,REQU_HUMAN,ELK1_HUMAN,RFX5_HUMAN,MAZ_HUMAN,ERR1_HUMAN,ATF7_HUMAN,ZN207_HUMAN,NCOA3_HUMAN,HES1_HUMAN,Z512B_HUMAN,ZNF8_HUMAN,MTA1_HUMAN,P53_HUMAN	MCF7 (Invasive ductal breast carcinoma),MCF-7 C4-12 (invasive breast ductal carcinoma)	0.0	1.6383820678077743		1.6869999999999998
chr19	10380684	T	G	SP1_HUMAN,RFX5_HUMAN,PATZ1_HUMAN	MCF7 (Invasive ductal breast carcinoma),HEK293 (embryonic kidney),liver	5.549445714574802	0.13819611773592266	2.021	-0.027999999999999997
chr19	18104784	A	G	RFX5_HUMAN	MCF7 (Invasive ductal breast carcinoma)	2.3948001691463823	0.0	0.313	
chr19	35612615	T	C	CREB1_HUMAN,STAT1_HUMAN,RFX5_HUMAN	MCF7 (Invasive ductal breast carcinoma),CD14+ monocytes,HEK293 (embryonic kidney),HeLa S3 (cervical adenocarcinoma),pancreas	4.842189421562896	0.2750808471346411	0.235	0.39799999999999996
chr19	46579780	C	T	RAD21_HUMAN,CTCF_HUMAN,SMC3_HUMAN,RFX5_HUMAN	A549 (lung carcinoma),H1 (embryonic stem cells),neural progenitors,neural cell	5.086611581198526	0.0	0.97	-0.97
chr19	50606536	C	A	CTCF_HUMAN,RFX5_HUMAN	A549 (lung carcinoma),bipolar neuron	3.047695876023463	0.0	0.758	0.22399999999999998
chr19	55329224	A	G	CREB1_HUMAN,RFX5_HUMAN	MCF7 (Invasive ductal breast carcinoma)	0.0	1.5624571704802535		1.5519999999999998
chr2	10293820	T	C	RFX5_HUMAN	MCF7 (Invasive ductal breast carcinoma)	6.933447141128421	0.0	2.036	-2.28
chr2	11391764	G	T	RFX1_HUMAN,TEAD3_HUMAN,RFX5_HUMAN	MCF7 (Invasive ductal breast carcinoma),HepG2 (hepatoblastoma)	3.6568951853004035	0.0	0.19899999999999998	-0.204
chr2	24163342	C	A	RFX5_HUMAN	MCF7 (Invasive ductal breast carcinoma)	9.728232158117137	0.0	1.995	
chr2	31980960	T	G	FOXK2_HUMAN,RFX5_HUMAN	A549 (lung carcinoma),GM12878 (female B-cells)	0.0	4.069560198556641	-2.42	1.83
chr2	68673118	A	T	RFX5_HUMAN	MCF7 (Invasive ductal breast carcinoma)	2.234574223864996	0.0	1.4380000000000002	-1.463
chr2	112942817	G	T	CTCF_HUMAN,JUND_HUMAN,RFX5_HUMAN	coronary artery smooth muscle,foreskin keratinocyte	2.623035485710223	0.0	0.6940000000000001	
chr2	127128582	C	T	CTCF_HUMAN,PKNX1_HUMAN,RFX5_HUMAN	MCF7 (Invasive ductal breast carcinoma),GM12878 (female B-cells),pancreas	1.5421315777982045	0.055316768438748505	0.6709999999999999	0.32
chr2	127128657	C	T	CTCF_HUMAN,PKNX1_HUMAN,IKZF2_HUMAN,RFX5_HUMAN,SPI1_HUMAN,USF1_HUMAN	MCF7 (Invasive ductal breast carcinoma),GM12878 (female B-cells),upper lobe of left lung	5.4441970517220755	0.0	0.708	0.488
chr2	226994977	T	G	CTCF_HUMAN,RFX5_HUMAN	MCF7 (Invasive ductal breast carcinoma)	0.0	1.610471659913629	-0.637	0.7809999999999999
chr2	237559067	G	A	ESR1_HUMAN,FOXA1_HUMAN,GCR_HUMAN,ZN217_HUMAN,NFXL1_HUMAN,CLOCK_HUMAN,RFX1_HUMAN,RCOR1_HUMAN,AHR_HUMAN,RFX5_HUMAN,ZKSC1_HUMAN,NDF1_HUMAN,NFIB_HUMAN,FOS_HUMAN,KDM5B_HUMAN	MCF7 (Invasive ductal breast carcinoma),breast tumor tissue	0.0	66.2074607990325	0.317	1.3330000000000002
chr20	48697907	A	G	ESR1_HUMAN,RXRA_HUMAN,GATA3_HUMAN,AP2C_HUMAN,FOXA1_HUMAN,PKNX1_HUMAN,RARA_HUMAN,RFX5_HUMAN,ERR1_HUMAN,NFIB_HUMAN,TF65_HUMAN	MCF7 (Invasive ductal breast carcinoma),GM12878 (female B-cells),HEK293 (embryonic kidney),MDA-MB-453 (breast adenocarcinoma),SK-BR-3 (breast adenocarcinoma),liver	0.0	41.62519011920341	0.244	1.569
chr20	50778974	T	C	CLOCK_HUMAN,RFX5_HUMAN,NFIB_HUMAN,CHD1_HUMAN	MCF7 (Invasive ductal breast carcinoma)	0.0	1.3956293128467976		1.204
chr20	57435910	A	G	CREB1_HUMAN,PKNX1_HUMAN,CTBP1_HUMAN,HCFC1_HUMAN,RFX1_HUMAN,RFX5_HUMAN,NFIB_HUMAN,MTA1_HUMAN	MCF7 (Invasive ductal breast carcinoma)	0.0	3.242005836320394		1.6340000000000001
chr3	114519611	T	C	RFX5_HUMAN	GM12878 (female B-cells)	2.184359441925074	0.12728294098955212	1.3840000000000001	0.009000000000000001
chr3	125916038	G	C	CREB1_HUMAN,RFX5_HUMAN	HepG2 (hepatoblastoma)	1.740239354657195	0.0	1.24	-1.021
chr3	193826570	G	T	CTCF_HUMAN,RFX1_HUMAN,BMI1_HUMAN,RFX5_HUMAN	MCF7 (Invasive ductal breast carcinoma),pancreas	4.885869838820651	0.0	1.506	-2.079
chr4	1712957	C	A	RFX5_HUMAN	LNCaP (prostate carcinoma),MCF7 (Invasive ductal breast carcinoma)	0.0	3.807957634154527		1.963
chr4	56544653	A	T	RFX5_HUMAN	A549 (lung carcinoma),epidermal keratinocytes	0.0	1.9581676443507685		1.3619999999999999
chr4	112448569	C	T	RFX5_HUMAN	A549 (lung carcinoma)	0.0	5.565598574039891	-2.197	1.9269999999999998
chr4	112448598	T	C	RFX5_HUMAN	A549 (lung carcinoma)	0.0	2.9533037465805014	-2.325	1.867
chr4	151730351	A	G	RFX5_HUMAN	MCF7 (Invasive ductal breast carcinoma)	6.3648927564564985	0.0	2.108	
chr5	69167045	C	A	CLOCK_HUMAN,PKNX1_HUMAN,BMI1_HUMAN,RFX5_HUMAN	MCF7 (Invasive ductal breast carcinoma)	2.4347497117262518	0.238415574819672	2.201	0.301
chr5	82969166	G	A	RFX5_HUMAN	MCF7 (Invasive ductal breast carcinoma),K562 (myelogenous leukemia)	2.43145449429379	0.0	1.858	
chr5	112976831	T	C	ZFX_HUMAN,JUN_HUMAN,FOXK2_HUMAN,RFX5_HUMAN,SPI1_HUMAN	A549 (lung carcinoma),LNCaP C4-2B (prostate carcinoma),GM12878 (female B-cells),periferal blood macrophages,upper lobe of left lung	2.780933807532239	0.0	1.0290000000000001	-1.033
chr5	119268122	A	G	RAD21_HUMAN,CTCF_HUMAN,SMCA5_HUMAN,TRI22_HUMAN,RFX5_HUMAN	22RV1 (prostate carcinoma),AG04449 (fibroblasts),AG04450 (fibroblasts),VCaP (prostate carcinoma),MCF7 (Invasive ductal breast carcinoma),DND41 (acute lymphoblastic leukemia),GM10266 (male B-cells),GM12873 (female B-cells),GM12878 (female B-cells),GM12892 (female B-cells),H1-derived trophectodermal cells,lymphoblastoid cells,spleen,liver,pancreas,IPSC-derived bipolar neuron,heart left ventricle,BE2C,Peyer's patch,bipolar neuron,esophagus squamous epithelium,right lobe of liver,gastroesophageal sphincter,transverse colon,uterus,epithelial cell of prostate,adrenal gland,coronary artery,tibial nerve,neural cell,upper lobe of left lung,GM23338,NB69 (neuroblastoma)	2.3099919207247077	0.0	1.018	-0.49700000000000005
chr5	173554006	G	T	RFX5_HUMAN	A549 (lung carcinoma)	0.0	1.989165271981259		1.527
chr5	173554007	T	G	RFX5_HUMAN	A549 (lung carcinoma)	0.0	1.989165271981259		1.527
chr6	29942488	G	T	FOXK2_HUMAN,RFX5_HUMAN	GM12878 (female B-cells)	1.82638456555429	0.0	1.24	-1.021
chr6	29942745	G	C	RFX5_HUMAN	A549 (lung carcinoma)	2.5303389544257877	0.0	1.26	-1.124
chr6	31272091	G	C	CTCF_HUMAN,ZFX_HUMAN,CREB1_HUMAN,MEF2B_HUMAN,RFX5_HUMAN	LNCaP (prostate carcinoma),LNCaP C4-2B (prostate carcinoma),GM12878 (female B-cells),H1 (embryonic stem cells),HCT-116 (colon carcinoma)	1.7728480485343705	0.015264905556400248	0.547	0.34700000000000003
chr6	31272264	C	T	IKZF2_HUMAN,RFX5_HUMAN,RELB_HUMAN	LNCaP (prostate carcinoma),GM12878 (female B-cells)	1.6974453104795022	0.0	1.047	-1.1840000000000002
chr6	31357164	C	T	BACH1_HUMAN,RFX5_HUMAN	GM12878 (female B-cells)	3.944373293614449	0.0	1.807	-2.17
chr6	31357374	T	A	CREB1_HUMAN,RFX5_HUMAN	A549 (lung carcinoma),MCF7 (Invasive ductal breast carcinoma),GM12878 (female B-cells),H1 (embryonic stem cells)	1.5517332636048005	0.03883243314639304	0.823	-0.053
chr6	31357416	T	C	RFX5_HUMAN	MCF7 (Invasive ductal breast carcinoma)	4.786127531459912	0.0	1.242	
chr6	31357422	A	G	RFX5_HUMAN	MCF7 (Invasive ductal breast carcinoma)	2.4721404213063334	0.0	0.9540000000000001	-1.2429999999999999
chr6	31462917	G	C	ESR1_HUMAN,RFX5_HUMAN	GM12878 (female B-cells),breast tumor tissue	1.556002812594223	0.0	1.3459999999999999	-2.68
chr6	32604517	G	T	RFX5_HUMAN	MCF7 (Invasive ductal breast carcinoma)	3.388004144126126	0.0	1.7369999999999999	
chr6	32604525	G	A	IKZF1_HUMAN,IKZF2_HUMAN,RFX5_HUMAN	MCF7 (Invasive ductal breast carcinoma),GM12878 (female B-cells)	1.5734684842277418	0.0	0.995	
chr6	32604806	G	A	ELF1_HUMAN,IKZF1_HUMAN,RFX5_HUMAN	GM12878 (female B-cells)	1.3602615717137911	0.0	1.361	-1.686
chr6	32609856	G	C	CREB1_HUMAN,ATF3_HUMAN,RFX5_HUMAN,FOS_HUMAN	MCF7 (Invasive ductal breast carcinoma),K562 (myelogenous leukemia)	2.4115714550312357	0.0	0.9640000000000001	-0.17600000000000002
chr6	32609864	G	T	CREB1_HUMAN,ATF3_HUMAN,RFX5_HUMAN	MCF7 (Invasive ductal breast carcinoma),K562 (myelogenous leukemia)	2.8402820079265476	0.0	0.9009999999999999	-0.7140000000000001
chr6	32609868	C	T	CREB1_HUMAN,RFX5_HUMAN,TF65_HUMAN,FOS_HUMAN	MCF7 (Invasive ductal breast carcinoma),HAEC (human aortic endothelial cells)	2.6470283445925107	0.0	0.8340000000000001	0.0
chr6	32609869	A	G	CREB1_HUMAN,RFX5_HUMAN,TF65_HUMAN,FOS_HUMAN	MCF7 (Invasive ductal breast carcinoma),HAEC (human aortic endothelial cells)	2.523551659474148	0.0	0.7859999999999999	-0.045
chr6	32610069	T	C	CREB1_HUMAN,IKZF1_HUMAN,RFX5_HUMAN,ATF7_HUMAN	CD14+ monocytes,H1 (embryonic stem cells)	0.0	2.674024300780692	-0.132	1.102
chr6	32623406	G	A	SRF_HUMAN,RFX5_HUMAN	GM12878 (female B-cells)	1.715932387208031	0.0	1.185	
chr6	32637266	C	T	CREB1_HUMAN,BHE40_HUMAN,RFX5_HUMAN,ZN143_HUMAN,TF65_HUMAN,TBP_HUMAN	GM12878 (female B-cells),monocyte-derived macrophages	2.4992194428641743	0.0	1.358	-0.223
chr6	32637341	G	A	CREB1_HUMAN,RFX5_HUMAN	GM12878 (female B-cells)	2.9700343124648154	0.0	1.327	-0.894
chr6	32637439	G	A	IKZF2_HUMAN,ZN687_HUMAN,SKIL_HUMAN,RFX5_HUMAN,SMAD5_HUMAN,PO2F2_HUMAN,TBP_HUMAN	GM12878 (female B-cells)	2.4851820776877824	0.0	1.466	
chr6	32666690	C	T	EP300_HUMAN,RFX5_HUMAN,TBP_HUMAN	A549 (lung carcinoma),MCF7 (Invasive ductal breast carcinoma),GM12878 (female B-cells),H1 (embryonic stem cells),tibial nerve	1.7235194595103362	0.0	1.275	-1.196
chr6	32666708	A	C	RFXK_HUMAN,RFX5_HUMAN	MCF7 (Invasive ductal breast carcinoma),HepG2 (hepatoblastoma)	3.657375909831152	0.0	1.8980000000000001	
chr6	32666713	C	T	CREB1_HUMAN,RFXK_HUMAN,RFX5_HUMAN	MCF7 (Invasive ductal breast carcinoma),HepG2 (hepatoblastoma)	1.4680163832969109	0.0	1.198	
chr6	32666737	A	G	CREB1_HUMAN,RFX5_HUMAN	MCF7 (Invasive ductal breast carcinoma)	1.5094479835492527	0.0	1.4269999999999998	
chr6	32666786	C	T	CREB1_HUMAN,BHE40_HUMAN,RFX5_HUMAN	LNCaP (prostate carcinoma),MCF7 (Invasive ductal breast carcinoma),GM12878 (female B-cells)	7.431844824208982	0.0	1.4369999999999998	-0.6709999999999999
chr6	32666787	A	T	CREB1_HUMAN,RFX5_HUMAN	A549 (lung carcinoma),LNCaP (prostate carcinoma),HepG2 (hepatoblastoma)	5.581684730803659	0.0	1.304	-0.345
chr6	32668360	A	G	RFX5_HUMAN	MCF7 (Invasive ductal breast carcinoma)	2.041982864434369	0.0	0.46399999999999997	
chr6	32668369	T	C	RFX5_HUMAN	MCF7 (Invasive ductal breast carcinoma)	2.558160036480455	0.0	0.491	
chr6	32668413	G	A	PKNX1_HUMAN,CREM_HUMAN,RFX5_HUMAN	GM12878 (female B-cells)	1.8234480826312136	0.0	1.2670000000000001	
chr6	32668599	C	G	FOXK2_HUMAN,COT1_HUMAN,RFXK_HUMAN,RFX5_HUMAN	GM12878 (female B-cells)	1.456394985322919	0.0	1.393	-0.92
chr6	84550043	A	G	CTCF_HUMAN,RFX5_HUMAN	MCF7 (Invasive ductal breast carcinoma),MCF10AT1 (breast premetastatic epithelial cells)	1.7399443270829902	0.19472763550975455	0.618	0.34700000000000003
chr6	151676075	G	C	T2FA_HUMAN,CTCF_HUMAN,GATA3_HUMAN,SIN3A_HUMAN,ZFX_HUMAN,JUN_HUMAN,ZBT40_HUMAN,CREB1_HUMAN,ZN217_HUMAN,ZN579_HUMAN,P66B_HUMAN,NBN_HUMAN,ZN592_HUMAN,ZN687_HUMAN,RFX5_HUMAN,MAZ_HUMAN,ZN207_HUMAN,NFIB_HUMAN,Z512B_HUMAN,MTA1_HUMAN,SNAI2_HUMAN	MCF7 (Invasive ductal breast carcinoma),keratinocytes,GM12878 (female B-cells),HepG2 (hepatoblastoma),K562 (myelogenous leukemia),SK-N-SH (neuroblastoma),foreskin keratinocyte	0.0	1.6051320853667068	-1.386	1.494
chr7	48035360	G	C	CTCF_HUMAN,SIN3A_HUMAN,BMI1_HUMAN,RFX5_HUMAN,GLIS2_HUMAN,SCRT2_HUMAN	A549 (lung carcinoma),MCF7 (Invasive ductal breast carcinoma),HEK293 (embryonic kidney),hMADS-3 (adipose-derived stem cells),spleen,pancreas,RH4 (alveolar rhabdomyosarcoma),epithelial cell of prostate,upper lobe of left lung,foreskin keratinocyte	0.0	40.918362143786304	-0.11	1.162
chr7	48035387	C	T	CTCF_HUMAN,MNT_HUMAN,BMI1_HUMAN,RFX5_HUMAN,GLIS2_HUMAN,SCRT2_HUMAN	A549 (lung carcinoma),MCF7 (Invasive ductal breast carcinoma),HEK293 (embryonic kidney),lymphoblastoid cells,spleen,pancreas,RH4 (alveolar rhabdomyosarcoma),epithelial cell of prostate,upper lobe of left lung,foreskin keratinocyte	0.0	49.911433792165454	0.035	1.165
chr7	48035433	C	G	CTCF_HUMAN,SIN3A_HUMAN,CREB1_HUMAN,BMI1_HUMAN,RFX5_HUMAN,SCRT2_HUMAN	A549 (lung carcinoma),MCF7 (Invasive ductal breast carcinoma),HEK293 (embryonic kidney),K562 (myelogenous leukemia),pancreas,heart left ventricle,upper lobe of left lung	0.0	18.570791626380508	0.331	0.883
chr7	70707722	A	G	RFX5_HUMAN	MCF7 (Invasive ductal breast carcinoma)	0.0	3.030354202005229		1.82
chr7	100101546	A	T	CTCF_HUMAN,RFX5_HUMAN,GLIS1_HUMAN,SP2_HUMAN	MCF7 (Invasive ductal breast carcinoma),CD14+ monocytes,HEK293 (embryonic kidney),SK-N-SH (neuroblastoma)	1.4601949718523106	0.26171781568849817	0.569	0.317
chr7	100803811	A	G	CREB1_HUMAN,IKZF1_HUMAN,RFX5_HUMAN	MCF7 (Invasive ductal breast carcinoma),GM12878 (female B-cells),HEK293 (embryonic kidney)	0.0	2.0217841863237487	0.099	0.73
chr7	142638791	C	T	RFX5_HUMAN	MCF7 (Invasive ductal breast carcinoma)	8.011605637737274	0.0	1.82	
chr7	148557112	A	G	CTCF_HUMAN,FOXA1_HUMAN,RFX5_HUMAN,SRBP1_HUMAN	VCaP (prostate carcinoma),MCF7 (Invasive ductal breast carcinoma),epithelial cell of prostate,foreskin keratinocyte	0.0	9.741323212735177	-0.067	1.4380000000000002
chr8	94949398	T	C	RFX5_HUMAN,BC11B_HUMAN	MCF7 (Invasive ductal breast carcinoma),K562 (myelogenous leukemia),thymus-derived CD34- cells,HCT-116-RAD21-mAC	0.0	2.6539977467325606		1.67
chr8	94949566	C	T	AP2A_HUMAN,SMCA5_HUMAN,MNT_HUMAN,RFX5_HUMAN	MCF7 (Invasive ductal breast carcinoma),cranial neural crest cells,GM12878 (female B-cells),K562 (myelogenous leukemia)	1.6193362005956353	0.0	1.161	
chr8	97277758	C	T	ZFX_HUMAN,RFX5_HUMAN,SNAI2_HUMAN	MCF7 (Invasive ductal breast carcinoma),MCF-7 C4-12 (invasive breast ductal carcinoma),keratinocytes	1.6159308246177784	0.0	0.83	0.38
chr8	103716911	C	G	RFX5_HUMAN	MCF7 (Invasive ductal breast carcinoma)	2.9875531357335454	0.0	1.7080000000000002	
chr8	103717073	C	T	RFX5_HUMAN	MCF7 (Invasive ductal breast carcinoma)	1.786792582577259	0.0	1.548	
chr9	93329850	G	A	RFX5_HUMAN	MCF7 (Invasive ductal breast carcinoma)	1.7970087407606559	0.0	1.4669999999999999	-1.7919999999999998
chr9	98873907	T	C	RFX5_HUMAN	MCF7 (Invasive ductal breast carcinoma)	0.0	4.68049104075107		1.425
chr9	98873948	C	T	RFX5_HUMAN	MCF7 (Invasive ductal breast carcinoma)	6.212395888403572	0.0	1.022	
chr9	98874015	A	C	RFX5_HUMAN	MCF7 (Invasive ductal breast carcinoma)	0.06748720299157115	4.935289660300775	-0.23399999999999999	0.799
chr9	108417925	C	G	RFX5_HUMAN	MCF7 (Invasive ductal breast carcinoma)	5.610298942111617	0.0	0.693	
chr9	137513934	G	A	ESR1_HUMAN,CTCF_HUMAN,ZFX_HUMAN,RFX5_HUMAN,SRBP1_HUMAN,RUNX2_HUMAN	MCF7 (Invasive ductal breast carcinoma)	7.3436847507007865	0.0	0.772	0.381
chrX	118653137	C	T	RFX5_HUMAN	MCF7 (Invasive ductal breast carcinoma)	3.1246679018909207	0.0	2.03	
