Chromosome	Position	Ref	Alt	ASB in transcription factors	ASB in cell types	SCRT1_HUMAN_FDR_Ref	SCRT1_HUMAN_FDR_Alt	SCRT1_HUMAN_Effect_Size_Ref	SCRT1_HUMAN_Effect_Size_Alt
chr1	3403117	C	G	SCRT1_HUMAN,SCRT2_HUMAN	HEK293 (embryonic kidney)	1.4259782283412263	0.0	1.766	
chr1	55277624	T	G	LMBL2_HUMAN,STAT1_HUMAN,SCRT1_HUMAN,SCRT2_HUMAN	HEK293T (embryonic kidney),CD14+ monocytes,CD34+ stem cells-derived erythroblasts,HEK293 (embryonic kidney),foreskin keratinocyte	2.4695327661857314	0.0	1.4869999999999999	-1.683
chr1	80250964	G	T	GCR_HUMAN,INSM2_HUMAN,SCRT1_HUMAN,ZN843_HUMAN	HEK293 (embryonic kidney),embryonic kidney	0.0	2.3399452954417868	-0.88	1.232
chr1	207649422	G	A	SP7_HUMAN,SCRT1_HUMAN,SCRT2_HUMAN	HEK293 (embryonic kidney),K562 (myelogenous leukemia)	1.8478305639915809	0.0	1.538	
chr11	2983296	C	G	SCRT1_HUMAN,SCRT2_HUMAN	HEK293 (embryonic kidney)	0.0	1.8396097107064617	-1.344	1.541
chr15	81951079	T	G	FOXA1_HUMAN,SP7_HUMAN,SCRT1_HUMAN,SP2_HUMAN,ZBTB6_HUMAN,ZN398_HUMAN,HXB13_HUMAN	LNCaP (prostate carcinoma),VCaP (prostate carcinoma),HEK293 (embryonic kidney)	5.833326083910679	0.0	0.7509999999999999	0.113
chr16	31859586	G	A	RAD21_HUMAN,KAISO_HUMAN,SCRT1_HUMAN,SCRT2_HUMAN	T47D (invasive ductal carcinoma),HEK293 (embryonic kidney),K562 (myelogenous leukemia),liver,hepatocytes,foreskin keratinocyte	2.3894687922646662	0.0	0.7020000000000001	0.275
chr17	82496894	C	T	SCRT1_HUMAN,ZFHX2_HUMAN,SCRT2_HUMAN,SNAI2_HUMAN	keratinocytes,HEK293 (embryonic kidney)	4.019891400903273	0.0	1.3319999999999999	-1.524
chr2	36966894	C	T	ESR1_HUMAN,SIN3A_HUMAN,GABPA_HUMAN,KLF1_HUMAN,MNT_HUMAN,ELF1_HUMAN,HCFC1_HUMAN,EP400_HUMAN,ZBT26_HUMAN,NRF1_HUMAN,SMAD5_HUMAN,SP3_HUMAN,SCRT1_HUMAN,MAZ_HUMAN,ZBT17_HUMAN,ZSCA4_HUMAN,KLF8_HUMAN,PATZ1_HUMAN,ZEB2_HUMAN,ATF7_HUMAN,TBX21_HUMAN,ARI1B_HUMAN,SCRT2_HUMAN	MCF7 (Invasive ductal breast carcinoma),HEK293 (embryonic kidney),K562 (myelogenous leukemia),Th1-cells,breast tumor tissue	2.2015754599945185	0.0	1.507	
chr20	46758213	C	T	SCRT1_HUMAN,ZN398_HUMAN	HEK293 (embryonic kidney),RH4 (alveolar rhabdomyosarcoma)	0.0	2.285237572944028		1.82
chr20	50580461	G	T	SCRT1_HUMAN	MCF7 (Invasive ductal breast carcinoma),HEK293 (embryonic kidney),K562 (myelogenous leukemia)	0.0	1.8396097107064617		1.6640000000000001
chr3	33980493	C	T	CTCF_HUMAN,SCRT1_HUMAN,SCRT2_HUMAN	HEK293 (embryonic kidney)	2.5630325365101045	0.0	1.308	
chr3	33980494	G	A	CTCF_HUMAN,SCRT1_HUMAN,SCRT2_HUMAN	T47D (invasive ductal carcinoma),HEK293 (embryonic kidney),IMR90 (lung fibroblasts),thoracic aorta,foreskin keratinocyte	0.0	4.421844547346951	0.47200000000000003	0.83
chr7	43825634	C	G	FEZF1_HUMAN,SCRT1_HUMAN,PRDM6_HUMAN,HIC1_HUMAN,SCRT2_HUMAN	HEK293 (embryonic kidney)	0.0	2.364493583126536	-1.8159999999999998	1.52
