Chromosome	Position	Ref	Alt	ASB in transcription factors	ASB in cell types	SRBP1_HUMAN_FDR_Ref	SRBP1_HUMAN_FDR_Alt	SRBP1_HUMAN_Effect_Size_Ref	SRBP1_HUMAN_Effect_Size_Alt
chr1	16613699	G	A	EP300_HUMAN,EZH2_HUMAN,RFOX2_HUMAN,PYGO2_HUMAN,TAF7_HUMAN,DDX20_HUMAN,HDAC8_HUMAN,GRHL2_HUMAN,ESR1_HUMAN,TAL1_HUMAN,CEBPB_HUMAN,CTCF_HUMAN,AP2A_HUMAN,FOXA1_HUMAN,GCR_HUMAN,ZBT7A_HUMAN,SIN3A_HUMAN,ZFX_HUMAN,JUN_HUMAN,ZBT40_HUMAN,VEZF1_HUMAN,NONO_HUMAN,JUNB_HUMAN,TYY1_HUMAN,MAX_HUMAN,EGR1_HUMAN,SP1_HUMAN,BCL3_HUMAN,NR4A1_HUMAN,KLF1_HUMAN,KLF13_HUMAN,CREB1_HUMAN,SUZ12_HUMAN,CBX3_HUMAN,ZN579_HUMAN,SMCE1_HUMAN,MNT_HUMAN,ZNF24_HUMAN,ELF1_HUMAN,ZN574_HUMAN,IRF1_HUMAN,ZN740_HUMAN,SOX13_HUMAN,PKNX1_HUMAN,ELF4_HUMAN,CTBP1_HUMAN,MYB_HUMAN,NR2C1_HUMAN,RFX1_HUMAN,MGAP_HUMAN,NCOA2_HUMAN,EMSY_HUMAN,SMCA4_HUMAN,MEF2D_HUMAN,IKZF1_HUMAN,ZN687_HUMAN,MTA2_HUMAN,NFAC3_HUMAN,ARNT_HUMAN,REQU_HUMAN,TFDP1_HUMAN,CREB3_HUMAN,FOXM1_HUMAN,ZN639_HUMAN,ZBT11_HUMAN,Z354B_HUMAN,ZBT26_HUMAN,KLF11_HUMAN,KLF16_HUMAN,FOXP1_HUMAN,ERF_HUMAN,RING2_HUMAN,HINFP_HUMAN,NRF1_HUMAN,SRBP1_HUMAN,GLIS1_HUMAN,GLI2_HUMAN,ZN600_HUMAN,FEZF1_HUMAN,SP7_HUMAN,BC11B_HUMAN,ZN341_HUMAN,WT1_HUMAN,SP2_HUMAN,OSR2_HUMAN,KLF8_HUMAN,ZN770_HUMAN,ZN843_HUMAN,ZN555_HUMAN,ERR1_HUMAN,ZFP91_HUMAN,ENL_HUMAN,NFIB_HUMAN,TF65_HUMAN,MTA1_HUMAN,CHD1_HUMAN,MEIS2_HUMAN,NCOA1_HUMAN,CR3L1_HUMAN,CDC5L_HUMAN,ZN184_HUMAN,MCM7_HUMAN,HDAC1_HUMAN,AFF1_HUMAN,ZN398_HUMAN,KMT2A_HUMAN,TF7L1_HUMAN,KDM5B_HUMAN	HEK293T (embryonic kidney),A549 (lung carcinoma),VCaP (prostate carcinoma),MCF7 (Invasive ductal breast carcinoma),MCF-7 C4-12 (invasive breast ductal carcinoma),cranial neural crest cells,GM12878 (female B-cells),NCI-H2171 (small cell lung carcinoma),HCT-116 (colon carcinoma),HEK293 (embryonic kidney),HepG2 (hepatoblastoma),hMADS-3 (adipose-derived stem cells),Jurkat (T-cells),K562 (myelogenous leukemia),SEM (childhood B acute lymphoblastic leukemia),MDA-MB-453 (breast adenocarcinoma),spleen,liver,erythroblasts,pancreas,226LDM (normal breast luminal cells),RCH-ACV (B acute lymphoblastic leukemia with t(1;19)(q23;p13.3) E2A-PBX1 (TCF3-PBX1)),RH4 (alveolar rhabdomyosarcoma),breast tumor xenograft,suprapubic skin,heart left ventricle,gastrocnemius medialis,ovary,gastroesophageal sphincter,uterus,thyroid gland,adrenal gland,prostate gland,tibial nerve,upper lobe of left lung	0.0	3.639063928502179	-0.18899999999999997	0.982
chr10	33264329	A	G	EP300_HUMAN,GCR_HUMAN,JUN_HUMAN,JUNB_HUMAN,SRBP1_HUMAN	A549 (lung carcinoma),HT29 (colon adenocarcinoma)	1.981439134446021	0.02806980738231965	0.8009999999999999	-0.064
chr10	38527290	A	G	EP300_HUMAN,ESR1_HUMAN,SUMO2_HUMAN,CTCF_HUMAN,GCR_HUMAN,ZFX_HUMAN,SP1_HUMAN,SUZ12_HUMAN,PAX8_HUMAN,SIX4_HUMAN,ZN574_HUMAN,NBN_HUMAN,NFRKB_HUMAN,PKNX1_HUMAN,CTBP1_HUMAN,ZN592_HUMAN,RCOR1_HUMAN,BHE40_HUMAN,ZN687_HUMAN,REQU_HUMAN,SRBP1_HUMAN,ZKSC1_HUMAN,PRDM4_HUMAN,ERR1_HUMAN,NCOA3_HUMAN,NFIB_HUMAN,Z512B_HUMAN,ZBTB5_HUMAN	22RV1 (prostate carcinoma),HEK293T (embryonic kidney),A549 (lung carcinoma),LNCaP (prostate carcinoma),MCF7 (Invasive ductal breast carcinoma),coronary artery smooth muscle,GM12878 (female B-cells),HEK293 (embryonic kidney),HepG2 (hepatoblastoma),K562 (myelogenous leukemia)	0.0	3.1183462293590227	-0.32	0.862
chr10	38527602	A	T	EP300_HUMAN,TADBP_HUMAN,CAVN1_HUMAN,CTCF_HUMAN,GATA3_HUMAN,FOXA1_HUMAN,SIN3A_HUMAN,ZFX_HUMAN,NONO_HUMAN,KAISO_HUMAN,SP1_HUMAN,FOXA2_HUMAN,CREB1_HUMAN,SUZ12_HUMAN,KDM1A_HUMAN,ZN217_HUMAN,P66B_HUMAN,MNT_HUMAN,ZNF24_HUMAN,YBOX1_HUMAN,NFXL1_HUMAN,ELF1_HUMAN,CLOCK_HUMAN,ZN507_HUMAN,NBN_HUMAN,NFRKB_HUMAN,ZN384_HUMAN,TTP_HUMAN,NR2C1_HUMAN,NCOR1_HUMAN,ZN592_HUMAN,RFX1_HUMAN,NCOA2_HUMAN,TAF9B_HUMAN,HTF4_HUMAN,IKZF1_HUMAN,IKZF2_HUMAN,ZN687_HUMAN,FOXK2_HUMAN,MTA2_HUMAN,BCLF1_HUMAN,BMI1_HUMAN,MEF2B_HUMAN,TEAD2_HUMAN,FOXP1_HUMAN,RING2_HUMAN,SRBP1_HUMAN,ZKSC1_HUMAN,NDF1_HUMAN,PRDM4_HUMAN,ERR1_HUMAN,ATF7_HUMAN,E4F1_HUMAN,ZN207_HUMAN,NCOA3_HUMAN,HES1_HUMAN,NFIB_HUMAN,ZNF8_HUMAN,ZN444_HUMAN,T22D4_HUMAN,ZBT7B_HUMAN,CHD1_HUMAN,ARI1B_HUMAN,ZN316_HUMAN,ZBTB5_HUMAN,MCM3_HUMAN,MCM7_HUMAN,HDAC1_HUMAN,TR150_HUMAN,ATM_HUMAN,PLRG1_HUMAN,KDM5C_HUMAN	22RV1 (prostate carcinoma),HEK293T (embryonic kidney),A549 (lung carcinoma),LNCaP (prostate carcinoma),MCF7 (Invasive ductal breast carcinoma),Caki-1 (renal carcinoma),GM12878 (female B-cells),HCT-116 (colon carcinoma),HEK293 (embryonic kidney),HepG2 (hepatoblastoma),K562 (myelogenous leukemia),spleen,suprapubic skin,subcutaneous adipose tissue,stomach,upper lobe of left lung	0.0	6.988629402214581	-1.1079999999999999	1.47
chr10	38528688	G	C	EP300_HUMAN,T2FA_HUMAN,EZH2_HUMAN,TADBP_HUMAN,ESR1_HUMAN,NFIC_HUMAN,CTCF_HUMAN,GATA3_HUMAN,ANDR_HUMAN,GCR_HUMAN,ZBT40_HUMAN,SP1_HUMAN,CUX1_HUMAN,REST_HUMAN,FOXA2_HUMAN,CREB1_HUMAN,HDAC2_HUMAN,KDM1A_HUMAN,PAX8_HUMAN,ZN217_HUMAN,SMCA5_HUMAN,P66B_HUMAN,SMCE1_HUMAN,MNT_HUMAN,ZNF24_HUMAN,YBOX1_HUMAN,NFXL1_HUMAN,ELF1_HUMAN,ZN507_HUMAN,NBN_HUMAN,NFRKB_HUMAN,TRI22_HUMAN,PKNX1_HUMAN,CTBP1_HUMAN,CEBPG_HUMAN,HSF1_HUMAN,NR2C1_HUMAN,MYBB_HUMAN,RFX1_HUMAN,RCOR1_HUMAN,ATF2_HUMAN,IKZF1_HUMAN,IKZF2_HUMAN,FOXK2_HUMAN,MTA2_HUMAN,ARNT_HUMAN,RAD51_HUMAN,BCLF1_HUMAN,BMI1_HUMAN,MEF2B_HUMAN,LMBL2_HUMAN,HDGF_HUMAN,STAT1_HUMAN,RING2_HUMAN,ZN512_HUMAN,SRBP1_HUMAN,MAFK_HUMAN,ZC11A_HUMAN,ZKSC1_HUMAN,PRDM4_HUMAN,MAZ_HUMAN,ZN426_HUMAN,ERR1_HUMAN,DACH1_HUMAN,ATF7_HUMAN,IRF5_HUMAN,E4F1_HUMAN,ZN207_HUMAN,ENL_HUMAN,NCOA3_HUMAN,NFIB_HUMAN,ZBT7B_HUMAN,CHD1_HUMAN,SOX6_HUMAN,ARI1B_HUMAN,ZBTB5_HUMAN,ZN282_HUMAN,MCM2_HUMAN,HDAC1_HUMAN,MCM5_HUMAN,TR150_HUMAN,PLRG1_HUMAN,KDM5C_HUMAN	22RV1 (prostate carcinoma),HEK293T (embryonic kidney),A549 (lung carcinoma),LNCaP (prostate carcinoma),T47D (invasive ductal carcinoma),MCF7 (Invasive ductal breast carcinoma),Caki-1 (renal carcinoma),CD14+ monocytes,GM12878 (female B-cells),HEK293 (embryonic kidney),HeLa S3 (cervical adenocarcinoma),HepG2 (hepatoblastoma),K562 (myelogenous leukemia),MDA-MB-231 (breast adenocarcinoma),spleen,RWPE1 (prostate epithelial cells),pancreas,suprapubic skin,subcutaneous adipose tissue,testis,omental fat pad,gastroesophageal sphincter,epithelial cell of prostate,esophagus muscularis mucosa,sigmoid colon,upper lobe of left lung,bone marrow-derived nuclear cells (adult)	0.0	14.859096729675624	-0.18600000000000003	1.3130000000000002
chr10	38529108	G	C	CTCF_HUMAN,FOXA1_HUMAN,CREB1_HUMAN,MNT_HUMAN,ZNF24_HUMAN,YBOX1_HUMAN,NFXL1_HUMAN,ELF1_HUMAN,TTP_HUMAN,RFX1_HUMAN,TAF9B_HUMAN,HTF4_HUMAN,ATF2_HUMAN,IKZF1_HUMAN,MTA2_HUMAN,SRBP1_HUMAN,ZC11A_HUMAN,IRF5_HUMAN,E4F1_HUMAN,ZN207_HUMAN,TBX3_HUMAN,ASCL1_HUMAN	A549 (lung carcinoma),LNCaP (prostate carcinoma),MCF7 (Invasive ductal breast carcinoma),GM12878 (female B-cells),HEK293 (embryonic kidney),HepG2 (hepatoblastoma),K562 (myelogenous leukemia),G523NS (glioblastoma),upper lobe of left lung	6.582632365499397	0.0	0.89	0.03
chr10	38529111	A	T	EP300_HUMAN,CTCF_HUMAN,ZFX_HUMAN,ZBT40_HUMAN,CREB1_HUMAN,SMCE1_HUMAN,MNT_HUMAN,ZNF24_HUMAN,TAF9B_HUMAN,IKZF1_HUMAN,ZN687_HUMAN,FOXK2_HUMAN,SRBP1_HUMAN,ZC11A_HUMAN,ZKSC1_HUMAN,ENL_HUMAN,NCOA3_HUMAN,MCM3_HUMAN	22RV1 (prostate carcinoma),HEK293T (embryonic kidney),A549 (lung carcinoma),LNCaP (prostate carcinoma),MCF7 (Invasive ductal breast carcinoma),LNCaP C4-2B (prostate carcinoma),GM12878 (female B-cells),HEK293 (embryonic kidney),HepG2 (hepatoblastoma),K562 (myelogenous leukemia)	0.0	2.6391160496624253	-0.401	0.68
chr10	38529113	G	T	CTCF_HUMAN,GATA3_HUMAN,FOXA1_HUMAN,ZFX_HUMAN,ZBT40_HUMAN,NONO_HUMAN,KAISO_HUMAN,SP1_HUMAN,CREB1_HUMAN,P66B_HUMAN,MNT_HUMAN,YBOX1_HUMAN,NFXL1_HUMAN,ZN574_HUMAN,NBN_HUMAN,PKNX1_HUMAN,CTBP1_HUMAN,ZN592_HUMAN,ATF2_HUMAN,ARI3A_HUMAN,FOXK2_HUMAN,BMI1_HUMAN,SRBP1_HUMAN,ZC11A_HUMAN,E4F1_HUMAN,ENL_HUMAN,NCOA3_HUMAN,HES1_HUMAN,NFIB_HUMAN,TF65_HUMAN,SOX6_HUMAN	22RV1 (prostate carcinoma),HEK293T (embryonic kidney),A549 (lung carcinoma),LNCaP (prostate carcinoma),MCF7 (Invasive ductal breast carcinoma),LNCaP C4-2B (prostate carcinoma),GM12878 (female B-cells),HCT-116 (colon carcinoma),HepG2 (hepatoblastoma),spleen	19.501804888757547	0.0	1.314	-0.9570000000000001
chr10	38529213	T	G	EP300_HUMAN,CTCF_HUMAN,FOXA1_HUMAN,ZFX_HUMAN,FOXA2_HUMAN,MNT_HUMAN,ZNF24_HUMAN,YBOX1_HUMAN,NFXL1_HUMAN,ELF1_HUMAN,CLOCK_HUMAN,NBN_HUMAN,NFRKB_HUMAN,PKNX1_HUMAN,HSF1_HUMAN,NCOR1_HUMAN,NCOA2_HUMAN,TAF9B_HUMAN,HTF4_HUMAN,FOXK2_HUMAN,MEF2B_HUMAN,SRBP1_HUMAN,ZC11A_HUMAN,PF21A_HUMAN,E4F1_HUMAN,ZN207_HUMAN,NCOA3_HUMAN,TBX3_HUMAN,SOX6_HUMAN,ZBTB5_HUMAN,MCM3_HUMAN,ATM_HUMAN,KDM5C_HUMAN	22RV1 (prostate carcinoma),HEK293T (embryonic kidney),A549 (lung carcinoma),LNCaP (prostate carcinoma),VCaP (prostate carcinoma),MCF7 (Invasive ductal breast carcinoma),LNCaP C4-2B (prostate carcinoma),Caki-1 (renal carcinoma),GM12878 (female B-cells),HEK293 (embryonic kidney),HepG2 (hepatoblastoma),K562 (myelogenous leukemia),RWPE1 (prostate epithelial cells),suprapubic skin,omental fat pad,gastroesophageal sphincter,stomach,sigmoid colon,upper lobe of left lung	0.0	10.737649416811394	-0.544	1.216
chr10	38529225	T	A	EP300_HUMAN,CTCF_HUMAN,FOXA1_HUMAN,ZFX_HUMAN,SMAD1_HUMAN,ZBT40_HUMAN,FOXA2_HUMAN,CREB1_HUMAN,HDAC2_HUMAN,MNT_HUMAN,ZNF24_HUMAN,YBOX1_HUMAN,NFXL1_HUMAN,ELF1_HUMAN,NFRKB_HUMAN,PKNX1_HUMAN,HSF1_HUMAN,RFX1_HUMAN,NCOA2_HUMAN,TAF9B_HUMAN,HTF4_HUMAN,IKZF1_HUMAN,FOXK2_HUMAN,MEF2B_HUMAN,TEAD2_HUMAN,STAT1_HUMAN,SRBP1_HUMAN,ZC11A_HUMAN,PF21A_HUMAN,TBX21_HUMAN,E4F1_HUMAN,ZN207_HUMAN,NCOA3_HUMAN,ZBTB5_HUMAN,MCM2_HUMAN,MCM3_HUMAN,MCM7_HUMAN,ATM_HUMAN,KDM5C_HUMAN	22RV1 (prostate carcinoma),HEK293T (embryonic kidney),A549 (lung carcinoma),LNCaP (prostate carcinoma),VCaP (prostate carcinoma),U2OS (osteosarcoma),MCF7 (Invasive ductal breast carcinoma),LNCaP C4-2B (prostate carcinoma),Caki-1 (renal carcinoma),GM12878 (female B-cells),HCT-116 (colon carcinoma),HEK293 (embryonic kidney),HepG2 (hepatoblastoma),K562 (myelogenous leukemia),spleen,Th1-cells,suprapubic skin,subcutaneous adipose tissue,gastroesophageal sphincter,stomach,sigmoid colon,upper lobe of left lung	0.0	14.859096729675624	-0.627	1.304
chr10	38529232	G	T	EP300_HUMAN,CTCF_HUMAN,FOXA1_HUMAN,ZFX_HUMAN,SMAD1_HUMAN,ZBT40_HUMAN,MNT_HUMAN,ZNF24_HUMAN,NFXL1_HUMAN,ELF1_HUMAN,CSN2_HUMAN,NFRKB_HUMAN,TRI22_HUMAN,PKNX1_HUMAN,HSF1_HUMAN,RFX1_HUMAN,HTF4_HUMAN,ATF2_HUMAN,IKZF1_HUMAN,FOXK2_HUMAN,BMI1_HUMAN,MEF2B_HUMAN,STAT1_HUMAN,SRBP1_HUMAN,ZC11A_HUMAN,TBX21_HUMAN,E4F1_HUMAN,ZN207_HUMAN,NCOA3_HUMAN,ZBTB5_HUMAN,ZN184_HUMAN,MCM3_HUMAN,KDM5C_HUMAN	22RV1 (prostate carcinoma),HEK293T (embryonic kidney),A549 (lung carcinoma),LNCaP (prostate carcinoma),VCaP (prostate carcinoma),U2OS (osteosarcoma),MCF7 (Invasive ductal breast carcinoma),LNCaP C4-2B (prostate carcinoma),Caki-1 (renal carcinoma),GM12878 (female B-cells),HCT-116 (colon carcinoma),HeLa S3 (cervical adenocarcinoma),HepG2 (hepatoblastoma),K562 (myelogenous leukemia),spleen,Th1-cells,suprapubic skin,subcutaneous adipose tissue,omental fat pad,gastroesophageal sphincter,stomach,sigmoid colon,upper lobe of left lung	0.0	13.656054723943917	-0.154	1.301
chr10	38529506	C	T	EP300_HUMAN,GRHL2_HUMAN,ESR1_HUMAN,CTCF_HUMAN,GCR_HUMAN,JUN_HUMAN,ZBT40_HUMAN,CREB1_HUMAN,SMCA5_HUMAN,P66B_HUMAN,MNT_HUMAN,ZNF24_HUMAN,YBOX1_HUMAN,NR2C1_HUMAN,RFX1_HUMAN,ATF2_HUMAN,IKZF1_HUMAN,IKZF2_HUMAN,FOXK2_HUMAN,RING2_HUMAN,SRBP1_HUMAN,ZN207_HUMAN,ENL_HUMAN,T22D4_HUMAN,ASCL1_HUMAN	HEK293T (embryonic kidney),A549 (lung carcinoma),LNCaP (prostate carcinoma),VCaP (prostate carcinoma),MCF7 (Invasive ductal breast carcinoma),coronary artery smooth muscle,GM12878 (female B-cells),HeLa S3 (cervical adenocarcinoma),HepG2 (hepatoblastoma),K562 (myelogenous leukemia),MDA-MB-231 (breast adenocarcinoma),spleen,G523NS (glioblastoma),esophagus muscularis mucosa,lower leg skin	0.0	5.25435362402653	-0.27699999999999997	0.88
chr10	38529508	G	T	EP300_HUMAN,CTCF_HUMAN,ANDR_HUMAN,GCR_HUMAN,RFX1_HUMAN,HTF4_HUMAN,ATF2_HUMAN,IKZF1_HUMAN,IKZF2_HUMAN,RING2_HUMAN,SRBP1_HUMAN,T22D4_HUMAN,MCM7_HUMAN	A549 (lung carcinoma),LNCaP (prostate carcinoma),GM12878 (female B-cells),HCT-116 (colon carcinoma),HepG2 (hepatoblastoma),K562 (myelogenous leukemia),MDA-MB-231 (breast adenocarcinoma),spleen,stomach,lower leg skin	0.0	4.349595076416516	-0.21899999999999997	0.769
chr10	41884509	A	T	NFIC_HUMAN,CTCF_HUMAN,NBN_HUMAN,PKNX1_HUMAN,CTBP1_HUMAN,NR2C1_HUMAN,FOXK2_HUMAN,MTA2_HUMAN,RING2_HUMAN,SRBP1_HUMAN,PRDM4_HUMAN,E4F1_HUMAN,ATM_HUMAN	HEK293T (embryonic kidney),LNCaP (prostate carcinoma),MCF7 (Invasive ductal breast carcinoma),GM12878 (female B-cells),HEK293 (embryonic kidney),HepG2 (hepatoblastoma),K562 (myelogenous leukemia),sigmoid colon	0.0	3.108473467903674	-1.631	1.662
chr11	61815055	C	A	AP2A_HUMAN,SRBP1_HUMAN	MCF7 (Invasive ductal breast carcinoma),cranial neural crest cells	2.421826156043731	0.0	1.581	-2.375
chr11	61815236	T	C	CTCF_HUMAN,NRF1_HUMAN,SRBP1_HUMAN,HIF1A_HUMAN,HIF3A_HUMAN	T47D (invasive ductal carcinoma),MCF7 (Invasive ductal breast carcinoma)	0.4576869176186428	2.015909226765913	0.513	1.306
chr12	50504945	G	A	T2FA_HUMAN,RAD21_HUMAN,CTCF_HUMAN,SIN3A_HUMAN,MAX_HUMAN,CREB1_HUMAN,MNT_HUMAN,ZNF24_HUMAN,ZN507_HUMAN,SOX13_HUMAN,FOXK2_HUMAN,RAD51_HUMAN,ZGPAT_HUMAN,STAT1_HUMAN,SRBP1_HUMAN,MAZ_HUMAN	MCF7 (Invasive ductal breast carcinoma),CD14+ monocytes,GM12878 (female B-cells),HepG2 (hepatoblastoma),erythroid cells,foreskin keratinocyte	0.0	3.8495021917733916	-1.778	1.653
chr14	105617710	C	A	ZFX_HUMAN,CUX1_HUMAN,CREB1_HUMAN,SUZ12_HUMAN,ZN579_HUMAN,P66B_HUMAN,MNT_HUMAN,NFXL1_HUMAN,ZN574_HUMAN,CLOCK_HUMAN,CTBP1_HUMAN,ZN592_HUMAN,RFX1_HUMAN,RCOR1_HUMAN,ARI3A_HUMAN,ZN687_HUMAN,FOXK2_HUMAN,REQU_HUMAN,NRF1_HUMAN,SRBP1_HUMAN,NDF1_HUMAN,MAZ_HUMAN,ERR1_HUMAN,ZN207_HUMAN,NCOA3_HUMAN,NFIB_HUMAN,Z512B_HUMAN,ZNF8_HUMAN,ZBT7B_HUMAN,FOS_HUMAN	MCF7 (Invasive ductal breast carcinoma),MCF-7 C4-12 (invasive breast ductal carcinoma)	0.0	4.930179429065656	-0.071	1.251
chr14	105617740	C	T	ZFX_HUMAN,CUX1_HUMAN,CREB1_HUMAN,SUZ12_HUMAN,P66B_HUMAN,YBOX1_HUMAN,NFXL1_HUMAN,ZN574_HUMAN,CLOCK_HUMAN,ZN592_HUMAN,FOXK2_HUMAN,REQU_HUMAN,NRF1_HUMAN,SRBP1_HUMAN,ERR1_HUMAN,ZN207_HUMAN,NCOA3_HUMAN,NFIB_HUMAN,Z512B_HUMAN,ZBT7B_HUMAN	MCF7 (Invasive ductal breast carcinoma),MCF-7 C4-12 (invasive breast ductal carcinoma)	5.976130801672775	0.0	1.369	0.095
chr15	75758362	T	C	CTCF_HUMAN,ZBT11_HUMAN,SRBP1_HUMAN,ZN335_HUMAN,PRDM9_HUMAN	HEK293T (embryonic kidney),A549 (lung carcinoma),LNCaP (prostate carcinoma),LNCaP C4-2B (prostate carcinoma),HEK293 (embryonic kidney),pancreas	0.0	4.794032042967701	0.419	0.8170000000000001
chr16	18997640	G	C	AP2C_HUMAN,ANDR_HUMAN,FOXA1_HUMAN,SRBP1_HUMAN	A549 (lung carcinoma),BT-474 (breast invasive ductal carcinoma),MDA-MB-453 (breast adenocarcinoma)	0.0	1.5316897570443317		1.329
chr17	58631725	C	T	T2FA_HUMAN,CTCF_HUMAN,SIN3A_HUMAN,CUX1_HUMAN,CREB1_HUMAN,ZN217_HUMAN,SMCA5_HUMAN,ZN574_HUMAN,CLOCK_HUMAN,PKNX1_HUMAN,RCOR1_HUMAN,FOXK2_HUMAN,ZBED1_HUMAN,PEBB_HUMAN,SRBP1_HUMAN,ZKSC1_HUMAN,ETV6_HUMAN,SMAD5_HUMAN,MAZ_HUMAN,E4F1_HUMAN,NCOA3_HUMAN,NFIB_HUMAN,ZN444_HUMAN,P53_HUMAN,MAF_HUMAN,COE3_HUMAN	786-O (renal carcinoma),MCF7 (Invasive ductal breast carcinoma),GM12878 (female B-cells),HCT-116 (colon carcinoma),HT29 (colon adenocarcinoma),K562 (myelogenous leukemia),spleen,SK-N-SH (neuroblastoma),Th2-cells,pancreas,heart left ventricle,Peyer's patch,esophagus squamous epithelium,right lobe of liver,gastroesophageal sphincter,transverse colon,thyroid gland,sigmoid colon,adrenal gland,prostate gland,upper lobe of left lung,foreskin keratinocyte	0.08896766467120094	3.8609747813775344	-0.013999999999999999	0.516
chr20	50809564	C	T	JUN_HUMAN,ZBT40_HUMAN,KAISO_HUMAN,P66B_HUMAN,SIX4_HUMAN,ZN574_HUMAN,CLOCK_HUMAN,CTBP1_HUMAN,ZN592_HUMAN,RFX1_HUMAN,MTA2_HUMAN,BMI1_HUMAN,SRBP1_HUMAN,ZN207_HUMAN,Z512B_HUMAN,ZBT7B_HUMAN	MCF7 (Invasive ductal breast carcinoma)	0.0	3.308838412883594		1.8219999999999998
chr20	50809568	G	A	JUN_HUMAN,ZBT40_HUMAN,KAISO_HUMAN,P66B_HUMAN,SIX4_HUMAN,ZN574_HUMAN,CLOCK_HUMAN,CTBP1_HUMAN,ZN592_HUMAN,RFX1_HUMAN,MTA2_HUMAN,BMI1_HUMAN,HDGF_HUMAN,SRBP1_HUMAN,E4F1_HUMAN,Z512B_HUMAN,ZBT7B_HUMAN	MCF7 (Invasive ductal breast carcinoma)	0.0	3.4540242502899146		1.85
chr22	31970372	C	T	SRBP1_HUMAN,ZEB2_HUMAN	MCF7 (Invasive ductal breast carcinoma),HEK293 (embryonic kidney),erythroid cells,foreskin keratinocyte	0.0	1.5046752479009864	-2.079	1.489
chr22	45437141	T	G	SRBP1_HUMAN	MCF7 (Invasive ductal breast carcinoma)	0.0	1.6448255603772632	-2.11	1.52
chr3	113746704	A	G	T2FA_HUMAN,SRBP1_HUMAN	MCF7 (Invasive ductal breast carcinoma)	3.465925862304242	0.0	1.528	-1.7
chr4	190108045	A	G	NFIC_HUMAN,CTCF_HUMAN,MNT_HUMAN,ZNF24_HUMAN,NBN_HUMAN,SRBP1_HUMAN,TBX3_HUMAN	22RV1 (prostate carcinoma),A549 (lung carcinoma),LNCaP (prostate carcinoma),MCF7 (Invasive ductal breast carcinoma),GM12878 (female B-cells),HepG2 (hepatoblastoma),K562 (myelogenous leukemia)	0.0	1.6007503966133434		1.466
chr5	57299092	G	T	CTCF_HUMAN,SRBP1_HUMAN	MCF7 (Invasive ductal breast carcinoma),testis,thoracic aorta,tibial nerve	9.864435256693106	0.0	1.294	-1.147
chr7	148557049	A	T	CTCF_HUMAN,SRBP1_HUMAN	VCaP (prostate carcinoma),MCF7 (Invasive ductal breast carcinoma),esophagus squamous epithelium,epithelial cell of prostate,foreskin keratinocyte	0.0	16.009617974754896	0.228	1.444
chr7	148557112	A	G	CTCF_HUMAN,FOXA1_HUMAN,RFX5_HUMAN,SRBP1_HUMAN	VCaP (prostate carcinoma),MCF7 (Invasive ductal breast carcinoma),epithelial cell of prostate,foreskin keratinocyte	0.0	9.741323212735177	-0.067	1.4380000000000002
chr8	127759811	A	T	SMCA4_HUMAN,IKZF1_HUMAN,SRBP1_HUMAN	K562 (myelogenous leukemia)	0.0	1.325905776190012	-0.675	1.053
chr9	83708681	A	G	FOXA1_HUMAN,SRBP1_HUMAN	MCF7 (Invasive ductal breast carcinoma)	0.0	3.3027803596560377	0.301	0.5920000000000001
chr9	137513934	G	A	ESR1_HUMAN,CTCF_HUMAN,ZFX_HUMAN,RFX5_HUMAN,SRBP1_HUMAN,RUNX2_HUMAN	MCF7 (Invasive ductal breast carcinoma)	7.3436847507007865	0.0	0.772	0.381
