Chromosome	Position	Ref	Alt	ASB in transcription factors	ASB in cell types	SRF_HUMAN_FDR_Ref	SRF_HUMAN_FDR_Alt	SRF_HUMAN_Effect_Size_Ref	SRF_HUMAN_Effect_Size_Alt
chr1	9275686	C	T	NFIC_HUMAN,EGR1_HUMAN,HDAC2_HUMAN,KDM1A_HUMAN,CTBP1_HUMAN,NCOR1_HUMAN,SMCA4_HUMAN,HTF4_HUMAN,BHE40_HUMAN,IKZF1_HUMAN,IKZF2_HUMAN,COT1_HUMAN,SRF_HUMAN,RAD51_HUMAN,REQU_HUMAN,MEF2B_HUMAN,RING2_HUMAN,MTG16_HUMAN,DACH1_HUMAN,MTG8R_HUMAN,ATF7_HUMAN,FOS_HUMAN,ARI1B_HUMAN,HDAC1_HUMAN	MCF7 (Invasive ductal breast carcinoma),GM12878 (female B-cells),HCT-116 (colon carcinoma),K562 (myelogenous leukemia)	3.0996285383291218	0.0	1.444	-1.617
chr1	15110491	A	G	SRF_HUMAN,CDC5L_HUMAN,HDAC1_HUMAN	MCF7 (Invasive ductal breast carcinoma),GM12878 (female B-cells),K562 (myelogenous leukemia)	2.031576620185243	0.0	1.1059999999999999	-1.286
chr1	15110499	G	A	SRF_HUMAN,CDC5L_HUMAN	GM12878 (female B-cells),K562 (myelogenous leukemia)	2.6815191161258873	0.0	1.3940000000000001	-1.558
chr1	16216340	A	G	PKNX1_HUMAN,SRF_HUMAN	GM12878 (female B-cells)	0.0	3.619385791595275	-1.524	1.4
chr1	16216381	A	T	PKNX1_HUMAN,SRF_HUMAN	GM12878 (female B-cells)	0.0	1.5495735275566782	-1.163	1.034
chr1	16617627	C	T	ZN507_HUMAN,SRF_HUMAN	GM12878 (female B-cells),HepG2 (hepatoblastoma),K562 (myelogenous leukemia)	2.685944517262494	0.0	1.5330000000000001	-1.5619999999999998
chr1	16896253	G	C	T2FA_HUMAN,RAD21_HUMAN,RXRA_HUMAN,CEBPB_HUMAN,CTCF_HUMAN,ZBT7A_HUMAN,TYY1_HUMAN,HNF4A_HUMAN,MAX_HUMAN,COT2_HUMAN,KAISO_HUMAN,GABPA_HUMAN,JUND_HUMAN,EGR1_HUMAN,SP1_HUMAN,REST_HUMAN,TAF1_HUMAN,ATF1_HUMAN,ZNF24_HUMAN,ELF1_HUMAN,TRI22_HUMAN,ELF4_HUMAN,NR2C1_HUMAN,NCOR1_HUMAN,RFX1_HUMAN,TAF9B_HUMAN,ATF2_HUMAN,IKZF1_HUMAN,IKZF2_HUMAN,MTA2_HUMAN,NFAC3_HUMAN,SRF_HUMAN,ARNT_HUMAN,FOXM1_HUMAN,RING2_HUMAN,PRD10_HUMAN,ZEB2_HUMAN,ERR1_HUMAN,MTG16_HUMAN,RB_HUMAN,ATF7_HUMAN,TBX21_HUMAN,SPT5H_HUMAN,C2D1A_HUMAN,HDAC1_HUMAN,AFF1_HUMAN,ZN366_HUMAN,ZN189_HUMAN,OTX2_HUMAN,STA5A_HUMAN,KDM5B_HUMAN,PML_HUMAN,USF1_HUMAN	Flp-In-293 (embryonic kidney),HEK293T (embryonic kidney),786-O (renal carcinoma),T47D (invasive ductal carcinoma),GM12878 (female B-cells),NCI-H441 (squamous cell lung carcinoma ),HCT-116 (colon carcinoma),HEK293 (embryonic kidney),HepG2 (hepatoblastoma),HT29 (colon adenocarcinoma),HUES64 (embryonic stem cells),K562 (myelogenous leukemia),SK-N-SH (neuroblastoma),pre-B acute lymphoblastic leukemia,liver,226LDM (normal breast luminal cells),adrenal gland	5.358311344280098	0.0	2.2	
chr1	16896254	C	G	T2FA_HUMAN,TADBP_HUMAN,TAL1_HUMAN,SKI_HUMAN,EGR1_HUMAN,ATF1_HUMAN,ZNF24_HUMAN,ELF1_HUMAN,TRI22_HUMAN,ELF4_HUMAN,NR2C1_HUMAN,NCOR1_HUMAN,RFX1_HUMAN,TAF9B_HUMAN,ATF2_HUMAN,IKZF2_HUMAN,BACH1_HUMAN,MTA2_HUMAN,NFAC3_HUMAN,SRF_HUMAN,ARNT_HUMAN,DNM3B_HUMAN,PPARG_HUMAN,RING2_HUMAN,PRD10_HUMAN,ZEB2_HUMAN,ERR1_HUMAN,MTG16_HUMAN,RB_HUMAN,ATF7_HUMAN,TBX21_HUMAN,MTA3_HUMAN,SPT5H_HUMAN,C2D1A_HUMAN,HDAC1_HUMAN,AFF1_HUMAN,OTX2_HUMAN,STA5A_HUMAN,NR1H3_HUMAN,MAF_HUMAN,KDM5B_HUMAN,PML_HUMAN	epidermal stem cells,GM12878 (female B-cells),HepG2 (hepatoblastoma),HT29 (colon adenocarcinoma),Jurkat (T-cells),K562 (myelogenous leukemia),Th1-cells,Th2-cells	5.358311344280098	0.0	2.182	
chr1	16905197	G	A	RAD21_HUMAN,RXRA_HUMAN,GATA1_HUMAN,AP2A_HUMAN,FOXA1_HUMAN,TYY1_HUMAN,HNF4A_HUMAN,SP1_HUMAN,FOXA2_HUMAN,NFE2_HUMAN,ELF4_HUMAN,ZN384_HUMAN,MYB_HUMAN,SRF_HUMAN,FEZF1_HUMAN,ZXDB_HUMAN,ZBT17_HUMAN,SP2_HUMAN,ZNF76_HUMAN,ZN189_HUMAN,PRDM9_HUMAN,ERG_HUMAN,FLI1_HUMAN	HEK293T (embryonic kidney),786-O (renal carcinoma),LNCaP (prostate carcinoma),CD34+ bone marrow cell-derived erythroid progenitors,HCT-116 (colon carcinoma),HEK293 (embryonic kidney),HT29 (colon adenocarcinoma),Jurkat (T-cells),LoVo (colorectal adenocarcinoma),MDA-MB-453 (breast adenocarcinoma),SK-N-SH (neuroblastoma),P493-6 (B-cell lymphoma),R3/R4 erythroid cells,SKNO-1 (acute myeloid leukemia),liver,Peyer's patch,thoracic aorta,tibial nerve	0.0	1.9390994263143642	0.038	1.004
chr1	16905229	A	G	EP300_HUMAN,RFOX2_HUMAN,TAF7_HUMAN,T2AG_HUMAN,HDAC8_HUMAN,T2EB_HUMAN,TAL1_HUMAN,RUNX1_HUMAN,CEBPB_HUMAN,CTCF_HUMAN,MAX_HUMAN,GABPA_HUMAN,KLF1_HUMAN,CREB1_HUMAN,MNT_HUMAN,ZNF24_HUMAN,ELF1_HUMAN,PKNX1_HUMAN,MGAP_HUMAN,ATF3_HUMAN,ILF3_HUMAN,CBX1_HUMAN,HTF4_HUMAN,ATF2_HUMAN,BHE40_HUMAN,IKZF1_HUMAN,IKZF2_HUMAN,ZN687_HUMAN,SRF_HUMAN,SKIL_HUMAN,BCLF1_HUMAN,ZBED1_HUMAN,PEBB_HUMAN,GATA4_HUMAN,ELK1_HUMAN,ZN639_HUMAN,MBD2_HUMAN,THA11_HUMAN,RARA_HUMAN,GATD1_HUMAN,PPARG_HUMAN,KLF6_HUMAN,NFIA_HUMAN,FOXA3_HUMAN,ZGPAT_HUMAN,ARI4B_HUMAN,TEAD3_HUMAN,KLF16_HUMAN,ZN205_HUMAN,RING2_HUMAN,ZMIZ1_HUMAN,ERR1_HUMAN,MTG16_HUMAN,IRF9_HUMAN,MTA3_HUMAN,ETS2_HUMAN,ARI1B_HUMAN,MYC_HUMAN,CEBPD_HUMAN,KMT2A_HUMAN,KDM5B_HUMAN,DLX1_HUMAN,PML_HUMAN,RUNX3_HUMAN,TBP_HUMAN	VCaP (prostate carcinoma),CD14+ monocytes,GM12878 (female B-cells),HepG2 (hepatoblastoma),K562 (myelogenous leukemia),LoVo (colorectal adenocarcinoma),fetal bone marrow-derived mononuclear cells	2.446611558251805	0.0	0.763	0.239
chr1	18950935	T	C	IKZF1_HUMAN,SRF_HUMAN	GM12878 (female B-cells)	0.0	1.3951770604900902	-0.619	0.885
chr1	19647882	T	C	SRF_HUMAN	GM12878 (female B-cells)	0.0	2.9330984808926397	-1.695	1.556
chr1	34530436	A	C	IKZF1_HUMAN,IKZF2_HUMAN,SRF_HUMAN,MEF2B_HUMAN,RELB_HUMAN	GM12878 (female B-cells)	4.695036569104983	0.0	0.9390000000000001	-1.145
chr1	39525916	G	T	BHE40_HUMAN,IKZF1_HUMAN,IKZF2_HUMAN,SRF_HUMAN,SKIL_HUMAN,MEF2B_HUMAN,TBX21_HUMAN	GM12878 (female B-cells),Mutu-1 (Epstein-Barr virus-related Burkitt lymphoma),Th1-cells	2.9762982723450917	0.0	1.156	-1.3419999999999999
chr1	58584808	A	G	SRF_HUMAN	K562 (myelogenous leukemia)	1.5701644987807237	0.0	1.225	
chr1	85298178	G	A	ELF1_HUMAN,SRF_HUMAN	GM12878 (female B-cells)	2.3450350867003493	0.0	1.4569999999999999	-1.631
chr1	85298216	C	T	ELF1_HUMAN,SRF_HUMAN	GM12878 (female B-cells)	3.241238649734675	0.0	1.544	-1.709
chr1	88787203	T	A	SRF_HUMAN	GM12878 (female B-cells)	1.7076154398616674	0.0	1.311	-1.237
chr1	109823345	T	A	SRF_HUMAN	GM12878 (female B-cells)	0.0	4.001188953343409	-1.828	1.689
chr1	109823422	T	C	SRF_HUMAN,TBX21_HUMAN	GM12878 (female B-cells),Th1-cells	0.0	5.445227929170973	-1.7590000000000001	1.6369999999999998
chr1	111619013	A	G	SRF_HUMAN	GM12878 (female B-cells),HEK293 (embryonic kidney),K562 (myelogenous leukemia)	0.0	1.3424285687826956		1.195
chr1	150841698	A	G	SRF_HUMAN,MEF2B_HUMAN	GM12878 (female B-cells)	1.9307076803990566	0.0	1.089	-1.2690000000000001
chr1	153336832	A	C	SRF_HUMAN	GM12878 (female B-cells)	0.0	2.3730645954486613	-1.258	1.123
chr1	154742058	C	A	SRF_HUMAN	HUES64 (embryonic stem cells)	1.3691472795891435	0.0	1.197	-0.938
chr1	165842848	C	T	IKZF2_HUMAN,SRF_HUMAN	GM12878 (female B-cells),pre-B acute lymphoblastic leukemia	1.6651074357881854	0.0	0.95	-0.723
chr1	165842883	A	C	ANDR_HUMAN,IKZF1_HUMAN,IKZF2_HUMAN,SRF_HUMAN	GM12878 (female B-cells)	0.027060162407072746	1.4754029951394756	-0.375	0.9109999999999999
chr1	177818516	A	G	IKZF2_HUMAN,SRF_HUMAN	GM12878 (female B-cells)	0.0	1.4282442236570054	-0.951	0.711
chr1	184680805	A	G	SRF_HUMAN	GM12878 (female B-cells)	0.0	8.007738032216942		2.158
chr1	184680884	A	T	SRF_HUMAN	GM12878 (female B-cells)	0.0	5.666963463531274		1.932
chr1	192577012	A	G	SRF_HUMAN	GM12878 (female B-cells)	0.0	1.9590419637800143		1.3619999999999999
chr1	201154617	C	G	CREB1_HUMAN,SRF_HUMAN,NRF1_HUMAN,NR5A2_HUMAN	MCF7 (Invasive ductal breast carcinoma),HCC1954 (ductal breast carcinoma),HEK293 (embryonic kidney),HUES64 (embryonic stem cells)	0.0	3.0724274170799566	0.452	1.079
chr1	201154671	G	C	ZN574_HUMAN,SRF_HUMAN,ZN189_HUMAN	MCF7 (Invasive ductal breast carcinoma),HEK293 (embryonic kidney)	0.0	1.428484597862861		1.466
chr1	202184870	G	A	RAD21_HUMAN,AP2C_HUMAN,SMC3_HUMAN,SRF_HUMAN,STAT1_HUMAN,HDAC1_HUMAN	A549 (lung carcinoma),CD14+ monocytes,GM12878 (female B-cells),HEK293 (embryonic kidney),HUES64 (embryonic stem cells),K562 (myelogenous leukemia),PANC1 (pancreatic ductal adenocarcinoma),SK-BR-3 (breast adenocarcinoma),B-cells,erythroid progenitors,neutrophils	8.595259987318835	0.0	1.026	-0.126
chr1	208732572	C	T	SRF_HUMAN	GM12878 (female B-cells)	6.868569374463069	0.0	2.062	-2.521
chr1	211683611	A	G	SRF_HUMAN	GM12878 (female B-cells),K562 (myelogenous leukemia)	0.0	6.061705715078205	-2.128	1.946
chr1	222311094	A	G	SRF_HUMAN	GM12878 (female B-cells)	0.0	7.501208666094682		1.7180000000000002
chr1	230892286	G	T	IKZF1_HUMAN,SRF_HUMAN	GM12878 (female B-cells)	0.0	2.7393350642044827	-0.8370000000000001	1.084
chr10	12596109	A	G	SRF_HUMAN,SPI1_HUMAN	GM12878 (female B-cells),monocyte-derived dendritic cells	0.0	4.125489850947573		1.855
chr10	12596148	A	G	SRF_HUMAN	GM12878 (female B-cells)	0.0	2.970368254040962		1.682
chr10	13770143	A	G	IKZF1_HUMAN,SRF_HUMAN	GM12878 (female B-cells)	1.8890908927064376	0.0	1.016	0.249
chr10	17990053	G	A	TADBP_HUMAN,JUNB_HUMAN,SRF_HUMAN,SKIL_HUMAN	GM12878 (female B-cells)	0.0	1.3141041562328277	-1.39	1.433
chr10	18367966	C	T	SRF_HUMAN,RING2_HUMAN	GM12878 (female B-cells),K562 (myelogenous leukemia)	0.0	2.580057767087033	-2.123	1.636
chr10	18368024	G	A	SRF_HUMAN,RING2_HUMAN	GM12878 (female B-cells),K562 (myelogenous leukemia)	0.0	2.324450707761886	-2.07	1.5830000000000002
chr10	18368034	A	C	SRF_HUMAN,RING2_HUMAN	GM12878 (female B-cells),K562 (myelogenous leukemia)	0.0	3.139607755132462		1.709
chr10	46267426	C	T	SRF_HUMAN	GM12878 (female B-cells),K562 (myelogenous leukemia)	1.6042922464429745	0.0	1.301	-1.081
chr10	46267462	A	G	SRF_HUMAN	GM12878 (female B-cells),K562 (myelogenous leukemia)	1.8956978614985012	0.0	1.3419999999999999	-1.092
chr10	46267559	G	A	NFIC_HUMAN,SRF_HUMAN	GM12878 (female B-cells),K562 (myelogenous leukemia)	1.3933535347488248	0.0	1.453	-1.337
chr10	46267561	C	T	NFIC_HUMAN,SRF_HUMAN	GM12878 (female B-cells),K562 (myelogenous leukemia)	1.306189439526214	0.0	1.423	-1.306
chr10	46267791	C	G	SRF_HUMAN	GM12878 (female B-cells)	2.3612565157439023	0.0	1.421	
chr10	46268143	C	A	SRF_HUMAN	GM12878 (female B-cells)	6.357206729540183	0.0	2.001	
chr10	49742001	A	T	SRF_HUMAN	GM12878 (female B-cells)	1.5046968344685914	0.0	0.838	-1.038
chr10	71985718	C	T	IKZF1_HUMAN,COT1_HUMAN,SRF_HUMAN,ARNT_HUMAN,ATF7_HUMAN,ENL_HUMAN,COE1_HUMAN	GM12878 (female B-cells),periferal blood macrophages	1.5768659457236271	0.0	0.5429999999999999	-0.887
chr10	71985841	C	T	CTCF_HUMAN,IKZF1_HUMAN,IKZF2_HUMAN,ZN687_HUMAN,SRF_HUMAN,ARNT_HUMAN,SKIL_HUMAN,MEF2B_HUMAN,ATF7_HUMAN,COE1_HUMAN	GM12878 (female B-cells),periferal blood macrophages,adrenal gland	0.0	8.437689068036779	0.385	0.818
chr10	96641120	T	C	CTCF_HUMAN,SMCA5_HUMAN,IKZF1_HUMAN,IKZF2_HUMAN,MTA2_HUMAN,SRF_HUMAN,SKIL_HUMAN	22RV1 (prostate carcinoma),GM12878 (female B-cells),IPSC-derived bipolar neuron,Peyer's patch,bipolar neuron,transverse colon,adrenal gland,prostate gland,upper lobe of left lung,foreskin keratinocyte	31.749744979188108	0.0	1.013	0.033
chr10	116682461	G	T	CTCF_HUMAN,SRF_HUMAN	H1 (embryonic stem cells),hASC (preadipocytes),HUES64 (embryonic stem cells),epidermal keratinocytes,lymphoblastoid cells,KMS-11,SK-N-AS (neuroblastoma)	0.0	14.408724178590175	0.433	0.857
chr11	16909861	T	C	PKNX1_HUMAN,IKZF1_HUMAN,IKZF2_HUMAN,FOXK2_HUMAN,MTA2_HUMAN,SRF_HUMAN	GM12878 (female B-cells)	0.0	2.2105959440018226	-1.4069999999999998	1.2819999999999998
chr11	19939090	C	T	SRF_HUMAN	GM12878 (female B-cells)	6.505051196277333	0.0	0.7709999999999999	
chr11	32312995	T	C	SRF_HUMAN	MCF7 (Invasive ductal breast carcinoma),A-673 clone Asp114 (Ewing sarcoma),foreskin keratinocyte	1.6604107297832806	0.0	1.538	
chr11	35209058	G	A	SRF_HUMAN	GM12878 (female B-cells)	3.064521841696204	0.0	1.555	
chr11	61659997	G	A	CTCF_HUMAN,SRF_HUMAN	22RV1 (prostate carcinoma),GM12878 (female B-cells)	0.0	3.9423369282866445	0.125	0.816
chr11	65709878	C	T	SRF_HUMAN	GM12878 (female B-cells)	0.0	4.567821069352896		0.7859999999999999
chr11	72670584	A	G	SRF_HUMAN	GM12878 (female B-cells)	0.0	2.324450707761886	-1.386	1.494
chr11	95778896	A	G	MTA2_HUMAN,SRF_HUMAN,MEIS2_HUMAN	GM12878 (female B-cells),K562 (myelogenous leukemia)	0.0	1.8953360644056325	-1.24	1.1079999999999999
chr11	107825187	A	G	IKZF2_HUMAN,MTA2_HUMAN,SRF_HUMAN	GM12878 (female B-cells)	0.0	1.7214788654595001	-1.136	1.329
chr11	128310230	C	G	IKZF1_HUMAN,SRF_HUMAN	GM12878 (female B-cells)	1.6674009517960682	0.02051054416643185	0.986	-0.32899999999999996
chr11	130897857	G	C	SRF_HUMAN	Ishikawa (endometrial adenocarcinoma)	0.0	1.4769030268316197		1.239
chr12	21437666	C	T	RAD21_HUMAN,HNF4A_HUMAN,SRF_HUMAN,STAT1_HUMAN	CD14+ monocytes,liver	1.6309222699397299	0.0	1.157	-1.079
chr12	21437687	T	C	RAD21_HUMAN,CTCF_HUMAN,ZIC2_HUMAN,GABPA_HUMAN,FOXK2_HUMAN,SRF_HUMAN,LMBL2_HUMAN,GLIS1_HUMAN	HEK293T (embryonic kidney),MCF7 (Invasive ductal breast carcinoma),SK-N-MC (Askin tumor),GM12878 (female B-cells),H1 (embryonic stem cells),HEK293 (embryonic kidney)	1.328916154950444	0.0007258724121689389	0.917	0.126
chr12	27207202	T	C	ELF1_HUMAN,IKZF1_HUMAN,ZN687_HUMAN,SRF_HUMAN,MEF2B_HUMAN,COE1_HUMAN	GM12878 (female B-cells)	0.0	1.4010906153133675	-1.157	1.27
chr12	56224152	T	G	CTCF_HUMAN,SRF_HUMAN	A673 (Ewing sarcoma)	5.82479797890735	0.0	1.85	-2.213
chr12	57263970	T	C	SRF_HUMAN,E4F1_HUMAN,ETV1_HUMAN,ZBTB2_HUMAN	GM12878 (female B-cells),K562 (myelogenous leukemia)	0.06354079136777173	2.520713416104711	-0.22	0.574
chr12	69579227	C	T	SRF_HUMAN	GM12878 (female B-cells)	2.333617991230692	0.0	1.4380000000000002	-1.463
chr12	69585335	G	C	NR2C1_HUMAN,SRF_HUMAN	MCF7 (Invasive ductal breast carcinoma),GM12878 (female B-cells),K562 (myelogenous leukemia),Th1-cells	1.5704834391717903	0.0	1.127	0.377
chr12	89762600	G	A	ELF1_HUMAN,BHE40_HUMAN,IKZF1_HUMAN,IKZF2_HUMAN,BACH1_HUMAN,ZN687_HUMAN,COT1_HUMAN,SRF_HUMAN,ARNT_HUMAN,SKIL_HUMAN,BMI1_HUMAN,MEF2B_HUMAN	GM12878 (female B-cells)	1.5824833430588234	0.0	1.246	-1.4080000000000001
chr12	89762601	A	C	ELF1_HUMAN,BHE40_HUMAN,IKZF1_HUMAN,IKZF2_HUMAN,BACH1_HUMAN,ZN687_HUMAN,COT1_HUMAN,SRF_HUMAN,ARNT_HUMAN,SKIL_HUMAN,BMI1_HUMAN,MEF2B_HUMAN	GM12878 (female B-cells)	1.9260364277350883	0.0	1.334	-1.499
chr12	89762797	A	T	IKZF2_HUMAN,SRF_HUMAN,MEF2B_HUMAN,RELB_HUMAN	GM12878 (female B-cells)	2.2610418080163477	0.0	1.381	-1.443
chr12	92501394	C	T	JUND_HUMAN,IKZF1_HUMAN,SRF_HUMAN	coronary artery smooth muscle,GM12878 (female B-cells)	0.0	6.433985798494714		1.975
chr12	92501500	G	A	SRF_HUMAN	GM12878 (female B-cells)	0.0	3.1569508768015018		1.6
chr12	94593963	A	C	SRF_HUMAN	GM12878 (female B-cells)	3.9044541286353383	0.0	1.032	-1.228
chr12	94769235	C	T	SRF_HUMAN,ARNT_HUMAN	GM12878 (female B-cells)	1.7858668737931085	0.0	0.992	-1.18
chr12	99333353	A	G	HTF4_HUMAN,BHE40_HUMAN,MTA2_HUMAN,SRF_HUMAN	GM12878 (female B-cells)	0.0	1.3919580900837543	-1.172	1.047
chr12	106974722	G	C	IKZF1_HUMAN,SRF_HUMAN	GM12878 (female B-cells)	0.09172270206329713	1.3187370616118959	-0.055999999999999994	0.956
chr12	122647104	C	T	SRF_HUMAN	GM12878 (female B-cells),K562 (myelogenous leukemia)	0.0	3.7344735723558524		2.171
chr12	132155884	T	A	SRF_HUMAN	GM12878 (female B-cells)	1.9997736875841396	0.0	1.3659999999999999	-1.54
chr13	20370135	G	A	PKNX1_HUMAN,BHE40_HUMAN,IKZF1_HUMAN,IKZF2_HUMAN,MTA2_HUMAN,NFAC3_HUMAN,SRF_HUMAN,ARNT_HUMAN,REQU_HUMAN,MEF2B_HUMAN	GM12878 (female B-cells)	5.787331306405814	0.0	0.9059999999999999	
chr13	26496852	T	C	RAD21_HUMAN,CTCF_HUMAN,SRF_HUMAN	VCaP (prostate carcinoma),GM12878 (female B-cells),HUES64 (embryonic stem cells),spleen,liver,erythroid cells,pancreas,Peyer's patch,esophagus squamous epithelium,gastroesophageal sphincter,thoracic aorta,transverse colon,esophagus muscularis mucosa,sigmoid colon,adrenal gland,prostate gland	1.793690278437822	0.0	0.9640000000000001	-0.604
chr13	33827335	G	C	SRF_HUMAN	GM12878 (female B-cells)	2.568755286579139	0.0	1.485	-1.6740000000000002
chr13	41996065	A	G	TAL1_HUMAN,SRF_HUMAN	GM12878 (female B-cells),HEK293 (embryonic kidney)	0.0	4.047182771414964		1.868
chr13	41996192	G	A	SRF_HUMAN,ZFHX2_HUMAN	GM12878 (female B-cells),HEK293 (embryonic kidney)	4.389059652422532	0.0	1.785	-2.079
chr13	44259368	T	C	IKZF1_HUMAN,SRF_HUMAN,ATF7_HUMAN	GM12878 (female B-cells)	0.0	1.6835212308364176	-0.121	0.85
chr13	61527326	A	G	SRF_HUMAN	GM12878 (female B-cells)	3.064521841696204	0.0	1.555	
chr13	77528927	G	C	IKZF1_HUMAN,IKZF2_HUMAN,COT1_HUMAN,SRF_HUMAN,TBX21_HUMAN,COE1_HUMAN	GM12878 (female B-cells)	4.288105039901858	0.0	1.58	-0.528
chr13	108849064	C	G	SRF_HUMAN	GM12878 (female B-cells)	3.0612557385984633	0.0	1.584	-1.828
chr13	110471383	T	C	ELF1_HUMAN,ATF2_HUMAN,BHE40_HUMAN,IKZF1_HUMAN,IKZF2_HUMAN,SRF_HUMAN,ARNT_HUMAN,MEF2B_HUMAN,TBX21_HUMAN	GM12878 (female B-cells)	2.200920939835631	0.0	1.4380000000000002	-1.463
chr14	31258122	G	A	CEBPB_HUMAN,SRF_HUMAN,HNF1A_HUMAN	HepG2 (hepatoblastoma)	2.1050240307591435	0.0	1.1	-0.893
chr14	31945180	C	A	ANDR_HUMAN,GABPA_HUMAN,SRF_HUMAN,THB_HUMAN,ETV5_HUMAN,GABP1_HUMAN,DUX4_HUMAN	GM12878 (female B-cells),HepG2 (hepatoblastoma),induced pluripotent stem cells,pancreatic ductal adenocarcinoma	1.750175960577123	0.0	0.774	-0.461
chr14	70189034	A	C	SRF_HUMAN	GM12878 (female B-cells)	0.0	1.9374109266053965	-1.22	1.4140000000000001
chr14	89939658	T	G	SRF_HUMAN	CD34+ stem cells-derived erythroblasts	0.021747000843666736	1.6138784504828212	-0.018000000000000002	1.01
chr14	91388667	A	C	BHE40_HUMAN,MTA2_HUMAN,SRF_HUMAN	GM12878 (female B-cells)	1.700649734577619	0.0	0.489	-1.065
chr14	100709875	G	C	RAD21_HUMAN,CTCF_HUMAN,SMC3_HUMAN,SRF_HUMAN	A549 (lung carcinoma),AG09319 (fibroblasts),H1-derived trophectodermal cells,HCPEpiC (choroid plexus epithelial cells),HUES64 (embryonic stem cells),spleen,Peyer's patch,esophagus squamous epithelium,testis,gastroesophageal sphincter,prostate gland,neural cell,upper lobe of left lung,foreskin keratinocyte	4.139863068208858	0.0	1.131	-0.753
chr14	102811677	G	A	IKZF1_HUMAN,SRF_HUMAN	MCF7 (Invasive ductal breast carcinoma),GM12878 (female B-cells),HEK293 (embryonic kidney)	2.4614938124755295	0.0	1.147	-0.725
chr14	104240637	C	T	SRF_HUMAN	GM12878 (female B-cells)	2.1829166849829886	0.0	1.4140000000000001	-1.179
chr14	104650558	C	G	CTCF_HUMAN,SRF_HUMAN	HCT-116 (colon carcinoma),HUES64 (embryonic stem cells)	4.40408783615567	0.0	0.5429999999999999	0.0
chr15	64072171	T	C	SRF_HUMAN,Z354B_HUMAN	GM12878 (female B-cells),K562 (myelogenous leukemia)	0.0	4.113664712610136		1.7409999999999999
chr15	65304800	G	A	SIN3A_HUMAN,SRF_HUMAN,NCOA1_HUMAN,HDAC1_HUMAN,SPI1_HUMAN	T47D (invasive ductal carcinoma),MCF7 (Invasive ductal breast carcinoma),HepG2 (hepatoblastoma),monocyte-derived macrophages,K562 (myelogenous leukemia),PFSK1 (primitive neuroectodermal tumor)	1.3649889488651752	0.03168452336372884	0.8420000000000001	0.035
chr15	65304862	G	A	TAF7_HUMAN,TAL1_HUMAN,GCR_HUMAN,CREB1_HUMAN,SRF_HUMAN,CREM_HUMAN,HMBX1_HUMAN,ZMIZ1_HUMAN,SMAD5_HUMAN,STA5A_HUMAN,PO2F2_HUMAN,NFAC1_HUMAN,PML_HUMAN,TBP_HUMAN	HEK293T (embryonic kidney),MCF7 (Invasive ductal breast carcinoma),HepG2 (hepatoblastoma),K562 (myelogenous leukemia),liver	2.3481637803753284	0.22886054265441735	1.724	-0.012
chr15	75092056	G	A	IKZF1_HUMAN,IKZF2_HUMAN,MTA2_HUMAN,SRF_HUMAN	GM12878 (female B-cells)	0.0	7.331948126290962	-1.9580000000000002	1.841
chr15	77903030	G	A	SRF_HUMAN	HUES64 (embryonic stem cells),K562 (myelogenous leukemia)	1.910945491298467	0.0	1.33	0.149
chr15	89244677	G	T	MNT_HUMAN,SRF_HUMAN,RING2_HUMAN	GM12878 (female B-cells),K562 (myelogenous leukemia)	2.1211214360484933	0.0	0.9109999999999999	-0.688
chr15	99508902	A	C	SRF_HUMAN	GM12878 (female B-cells)	2.214442751145222	0.0	1.385	
chr15	99508911	A	G	SRF_HUMAN	GM12878 (female B-cells)	3.064521841696204	0.0	1.555	
chr15	99509208	T	G	SRF_HUMAN	GM12878 (female B-cells)	4.885735018752833	0.0	1.845	-2.14
chr15	101210254	C	T	SRF_HUMAN	GM12878 (female B-cells)	0.0	1.3424285687826956		1.195
chr16	4273982	A	G	CTCF_HUMAN,SRF_HUMAN,ZBT11_HUMAN,GLIS1_HUMAN	22RV1 (prostate carcinoma),MCF7 (Invasive ductal breast carcinoma),LNCaP C4-2B (prostate carcinoma),HEK293 (embryonic kidney),HUES64 (embryonic stem cells),spleen,SH-SY5Y (neuroblastoma),SK-N-SH (neuroblastoma),RWPE1 (prostate epithelial cells),hepatocytes,pancreas,IPSC-derived bipolar neuron,heart left ventricle,Peyer's patch,bipolar neuron,esophagus squamous epithelium,right lobe of liver,gastroesophageal sphincter,thoracic aorta,transverse colon,uterus,epithelial cell of prostate,thyroid gland,adrenal gland,upper lobe of left lung,RWPE2,GM23338	0.0	141.37289555325748	0.16399999999999998	1.31
chr16	10870261	G	T	SRF_HUMAN	GM12878 (female B-cells)	1.8128477801162162	0.0	1.338	-1.0979999999999999
chr16	53450033	C	T	SRF_HUMAN,SKIL_HUMAN	GM12878 (female B-cells)	0.0	12.026254690885672		2.349
chr16	53450068	C	A	IKZF1_HUMAN,SRF_HUMAN,SKIL_HUMAN	GM12878 (female B-cells)	2.901965770569953	0.0	1.49	
chr16	67246328	A	G	SRF_HUMAN	A673 (Ewing sarcoma)	1.4240526884704443	0.0	1.18	
chr17	7332856	G	A	ELF1_HUMAN,TRI22_HUMAN,PKNX1_HUMAN,IKZF1_HUMAN,IKZF2_HUMAN,SRF_HUMAN,RAD51_HUMAN	GM12878 (female B-cells)	2.4469783219384347	0.0	1.19	-1.37
chr17	32559370	T	C	PKNX1_HUMAN,SRF_HUMAN	GM12878 (female B-cells)	0.0	1.8343276384000404	-0.981	0.828
chr17	41530453	G	A	SRF_HUMAN,SP2_HUMAN,ZN335_HUMAN,P53_HUMAN	MCF7 (Invasive ductal breast carcinoma),HCT-116 (colon carcinoma),HEK293 (embryonic kidney),SK-N-SH (neuroblastoma)	0.0	1.3424285687826956		0.809
chr17	43361100	C	T	CTCF_HUMAN,JUN_HUMAN,BCL3_HUMAN,SRF_HUMAN,ZBED1_HUMAN,PEBB_HUMAN,CREM_HUMAN,SMAD5_HUMAN,TBX21_HUMAN,TEAD4_HUMAN	A549 (lung carcinoma),GM12878 (female B-cells),HeLa S3 (cervical adenocarcinoma),Th1-cells,pancreas,tibial nerve	0.0	17.060186951213012	0.17300000000000001	0.726
chr17	45575765	A	G	IKZF1_HUMAN,ZN687_HUMAN,SRF_HUMAN	GM12878 (female B-cells),HEK293 (embryonic kidney),K562 (myelogenous leukemia)	0.0	1.5718878304889194	-0.19	1.0170000000000001
chr17	45583892	C	G	RAD21_HUMAN,CEBPB_HUMAN,HDAC2_HUMAN,KDM1A_HUMAN,MNT_HUMAN,NR2C1_HUMAN,SMCA4_HUMAN,USF2_HUMAN,IKZF1_HUMAN,SRF_HUMAN,REQU_HUMAN,ARI1B_HUMAN,HDAC1_HUMAN	A549 (lung carcinoma),GM12878 (female B-cells),HEK293 (embryonic kidney),K562 (myelogenous leukemia),neural cell	0.0	2.654970268219037	-1.4780000000000002	1.422
chr17	54969306	C	A	SRF_HUMAN	GM12878 (female B-cells)	0.0	2.3103260415666487	-1.131	0.986
chr17	67657331	C	A	SRF_HUMAN	GM12878 (female B-cells)	1.5358880246416888	0.0	1.281	-1.141
chr17	73157532	G	A	SRF_HUMAN	GM12878 (female B-cells)	0.0	5.1165811562485946	-1.946	1.807
chr17	73157600	C	T	SRF_HUMAN	GM12878 (female B-cells)	0.0	11.892815318138705		2.289
chr17	75667216	C	A	RFOX2_HUMAN,CREB1_HUMAN,NR2C1_HUMAN,EMSY_HUMAN,USF2_HUMAN,SRF_HUMAN,CREM_HUMAN,HIF1A_HUMAN	A549 (lung carcinoma),T47D (invasive ductal carcinoma),MCF7 (Invasive ductal breast carcinoma),H1 (embryonic stem cells),HepG2 (hepatoblastoma),K562 (myelogenous leukemia),SK-N-SH (neuroblastoma)	1.5984638110849898	0.0	1.4280000000000002	-1.209
chr17	75667217	T	G	RFOX2_HUMAN,CREB1_HUMAN,NR2C1_HUMAN,EMSY_HUMAN,SRF_HUMAN,CREM_HUMAN,HIF1A_HUMAN	A549 (lung carcinoma),T47D (invasive ductal carcinoma),MCF7 (Invasive ductal breast carcinoma),CD34+ hematopoietic stem cells-derived proerythroblasts,H1 (embryonic stem cells),HepG2 (hepatoblastoma),K562 (myelogenous leukemia),SK-N-SH (neuroblastoma),liver	1.5984638110849898	0.0	1.4280000000000002	-1.209
chr17	75667233	C	A	RFOX2_HUMAN,GATA1_HUMAN,GABPA_HUMAN,CREB1_HUMAN,NR2C1_HUMAN,ATF3_HUMAN,EMSY_HUMAN,USF2_HUMAN,SRF_HUMAN,CREM_HUMAN,NCOA1_HUMAN	A549 (lung carcinoma),VCaP (prostate carcinoma),MCF7 (Invasive ductal breast carcinoma),CD34+ hematopoietic stem cells-derived proerythroblasts,GM12878 (female B-cells),H1 (embryonic stem cells),K562 (myelogenous leukemia),SK-N-SH (neuroblastoma),liver	1.5346947499561057	0.038212518134379855	1.3419999999999999	-0.358
chr17	76443114	T	A	TAL1_HUMAN,SRF_HUMAN	LNCaP (prostate carcinoma),K562 (myelogenous leukemia)	0.0	1.6758518215985967		1.296
chr18	2638080	G	A	SRF_HUMAN	GM12878 (female B-cells)	11.667454544700636	0.0	2.372	
chr18	23067327	G	A	SRF_HUMAN	GM12878 (female B-cells)	0.0	1.3906521481643181	-1.169	1.1159999999999999
chr18	23923207	A	G	SRF_HUMAN	GM12878 (female B-cells)	1.5693614555453723	0.0	1.564	
chr18	24010272	G	A	SRF_HUMAN	GM12878 (female B-cells)	2.1397144645721986	0.0	0.5379999999999999	-0.53
chr18	52409952	G	A	SRF_HUMAN	GM12878 (female B-cells)	5.004107407013537	0.0	1.85	
chr18	52409995	C	T	BACH1_HUMAN,SRF_HUMAN	GM12878 (female B-cells)	1.3183491702093566	0.0	1.295	-1.317
chr18	63970585	A	C	ELF1_HUMAN,IKZF2_HUMAN,SRF_HUMAN	GM12878 (female B-cells)	2.284728692688768	0.0	1.048	-1.24
chr18	63970628	C	A	ELF1_HUMAN,SRF_HUMAN,TF65_HUMAN	GM12878 (female B-cells),monocyte-derived macrophages,K562 (myelogenous leukemia)	0.0	1.7863327055119154	-0.58	0.966
chr18	68121427	A	C	SRF_HUMAN	GM12878 (female B-cells)	0.0	1.3773438398281481	-1.038	1.275
chr18	79679532	T	C	BCL6_HUMAN,SRF_HUMAN	HEK293 (embryonic kidney),Ishikawa (endometrial adenocarcinoma),CD4+ T-cells	2.357400256044601	0.2892018831643889	1.7009999999999998	0.7020000000000001
chr19	1480556	G	A	SRF_HUMAN	HepG2 (hepatoblastoma)	1.4240526884704443	0.0	1.18	
chr19	7013874	C	T	ZNF24_HUMAN,ELF1_HUMAN,PKNX1_HUMAN,IKZF1_HUMAN,IKZF2_HUMAN,ZN687_HUMAN,COT1_HUMAN,SRF_HUMAN,SKIL_HUMAN,REQU_HUMAN,MEF2B_HUMAN,STAT1_HUMAN,TBX21_HUMAN,RELB_HUMAN,ENL_HUMAN	CD14+ monocytes,GM12878 (female B-cells),monocyte-derived macrophages	0.0	2.3342433521388153	0.21600000000000003	1.74
chr19	7069358	G	A	RAD21_HUMAN,SRF_HUMAN	neural cell	0.04920462697366156	1.389800553657446	-0.23	1.023
chr19	15840135	T	G	SRF_HUMAN	GM12878 (female B-cells)	1.5992312507475024	0.0	1.067	-1.2429999999999999
chr19	17226499	T	C	ESR1_HUMAN,AP2A_HUMAN,FOXK2_HUMAN,SRF_HUMAN,STAT1_HUMAN,TF65_HUMAN	CD14+ monocytes,cranial neural crest cells,GM12878 (female B-cells),breast tumor tissue	2.224617976101848	0.0	1.089	
chr19	17739475	G	A	SRF_HUMAN,MEF2B_HUMAN,COE1_HUMAN,SPI1_HUMAN	GM12878 (female B-cells),monocyte-derived macrophages	1.7831292555986464	0.0	1.3430000000000002	-1.156
chr19	18462024	C	T	RAD21_HUMAN,CTCF_HUMAN,FOXK2_HUMAN,SRF_HUMAN,STAT1_HUMAN,ARI1B_HUMAN	22RV1 (prostate carcinoma),MCF7 (Invasive ductal breast carcinoma),CD14+ monocytes,CD34+ hematopoietic stem cells,GM12878 (female B-cells),HCPEpiC (choroid plexus epithelial cells),HeLa Kyoto (cervical adenocarcinoma),HUES64 (embryonic stem cells),K562 (myelogenous leukemia),MM1.S (plasma cell myeloma),fibroblast of dermis,pancreas,PC9 (lung adenocarcinoma),tibial nerve,upper lobe of left lung	2.345573627665936	0.002892431360681066	0.9590000000000001	0.159
chr19	19175180	A	T	CTCF_HUMAN,AP2A_HUMAN,SRF_HUMAN	786-O (renal carcinoma),VCaP (prostate carcinoma),cranial neural crest cells,GM12873 (female B-cells),hASC (preadipocytes),human brain microvascular endothelial cells,HCT-116 (colon carcinoma),HepG2 (hepatoblastoma),HUES64 (embryonic stem cells),HUVEC (umbilical vein endothelial cells),lymphoblastoid cells,MM1.S (plasma cell myeloma),spleen,SUM159PT (pleiomorphic breast carcinoma),pancreas,neutrophils,primary foreskin fibroblasts,heart left ventricle,gastroesophageal sphincter,thyroid gland,adrenal gland,LNCaP clone FGC,foreskin keratinocyte,HCT-116-RAD21-mAC	104.50447674799331	0.0	0.9079999999999999	0.391
chr19	23395661	C	T	ELF1_HUMAN,SRF_HUMAN	GM12878 (female B-cells)	0.0	1.6379136550948514	-1.146	1.011
chr19	44164224	T	C	SRF_HUMAN	GM12878 (female B-cells)	2.0562416621686443	0.0	1.361	-1.5290000000000001
chr19	45091584	T	C	SRF_HUMAN	HUES64 (embryonic stem cells),monocyte-derived macrophages	1.5701644987807237	0.0	1.275	-1.196
chr19	46133618	C	T	IKZF1_HUMAN,IKZF2_HUMAN,SRF_HUMAN	MCF7 (Invasive ductal breast carcinoma),GM12878 (female B-cells),HEK293 (embryonic kidney),K562 (myelogenous leukemia),A-673 clone Asp114 (Ewing sarcoma)	0.0	3.45425840775612	-0.551	1.131
chr19	49368937	C	T	TIF1B_HUMAN,SRF_HUMAN	GM12878 (female B-cells),K562 (myelogenous leukemia)	1.784622773982084	0.0	1.755	
chr19	55166155	C	T	CTCF_HUMAN,SRF_HUMAN,ZN143_HUMAN	CUTLL1 (T-cell lymphoblastic lymphoma 1),GM12878 (female B-cells),HeLa S3 (cervical adenocarcinoma),pancreas,A-673 clone Asp114 (Ewing sarcoma),neural cell,foreskin keratinocyte	0.0	16.840920070498132	0.409	0.613
chr2	7468536	G	T	SRF_HUMAN	GM12878 (female B-cells)	3.7278977051099362	0.0	1.078	-1.276
chr2	7468617	C	G	SRF_HUMAN	GM12878 (female B-cells)	2.9652694507544606	0.0	0.6759999999999999	
chr2	7468618	C	G	SRF_HUMAN	GM12878 (female B-cells)	3.195429974714661	0.0	0.703	
chr2	8685882	C	T	AP2A_HUMAN,SRF_HUMAN	cranial neural crest cells	2.4999763490152915	0.0	1.604	-2.398
chr2	11748693	C	T	PKNX1_HUMAN,IKZF2_HUMAN,SRF_HUMAN	GM12878 (female B-cells),K562 (myelogenous leukemia)	1.3622065188000443	0.0	1.41	-0.15
chr2	16657296	C	T	SRF_HUMAN,SPI1_HUMAN	monocyte-derived macrophages,periferal blood macrophages	1.898910780465441	0.0	1.0659999999999998	-1.2990000000000002
chr2	23453237	A	G	SRF_HUMAN	GM12878 (female B-cells)	3.734260619136879	0.0	1.692	-1.631
chr2	37833492	G	C	IKZF1_HUMAN,IKZF2_HUMAN,SRF_HUMAN	GM12878 (female B-cells)	5.591738464734786	0.0	1.6980000000000002	-1.962
chr2	37833503	A	G	IKZF1_HUMAN,IKZF2_HUMAN,SRF_HUMAN	GM12878 (female B-cells)	5.939140165475576	0.0	1.7630000000000001	-2.103
chr2	37833508	C	A	IKZF1_HUMAN,IKZF2_HUMAN,SRF_HUMAN	GM12878 (female B-cells)	6.583131427778377	0.0	1.88	-2.235
chr2	37833641	G	A	ELF1_HUMAN,SRF_HUMAN	GM12878 (female B-cells)	3.552438632005897	0.0	1.673	
chr2	43149700	T	C	KAISO_HUMAN,BHE40_HUMAN,IKZF1_HUMAN,SRF_HUMAN,MEF2B_HUMAN	GM12878 (female B-cells)	0.0	1.7934428422627609	-1.43	1.307
chr2	43149737	G	A	KAISO_HUMAN,BHE40_HUMAN,IKZF1_HUMAN,SRF_HUMAN	GM12878 (female B-cells)	0.0	1.346308084722503	-1.163	1.034
chr2	46557092	A	C	SRF_HUMAN	GM12878 (female B-cells)	1.9511038797556435	0.0	1.379	-1.244
chr2	46917890	A	G	MTA2_HUMAN,SRF_HUMAN	GM12878 (female B-cells)	2.0115687790901577	0.0	0.363	
chr2	54571594	C	T	SMAD1_HUMAN,ELF1_HUMAN,IKZF1_HUMAN,ZN687_HUMAN,SRF_HUMAN,BMI1_HUMAN,RELB_HUMAN,ENL_HUMAN	GM12878 (female B-cells)	3.620684105424453	0.0	1.7	
chr2	54571596	C	T	SMAD1_HUMAN,ELF1_HUMAN,IKZF1_HUMAN,ZN687_HUMAN,SRF_HUMAN,BMI1_HUMAN,RELB_HUMAN,ENL_HUMAN	GM12878 (female B-cells)	3.7257499849576607	0.0	1.7269999999999999	
chr2	54571598	C	T	SMAD1_HUMAN,ELF1_HUMAN,IKZF1_HUMAN,ZN687_HUMAN,SRF_HUMAN,ARNT_HUMAN,BMI1_HUMAN,RELB_HUMAN,ENL_HUMAN	GM12878 (female B-cells)	3.7257499849576607	0.0	1.7530000000000001	
chr2	54571600	C	T	ELF1_HUMAN,IKZF1_HUMAN,ZN687_HUMAN,SRF_HUMAN,ARNT_HUMAN	GM12878 (female B-cells)	2.2271288000314096	0.0	1.469	-1.3319999999999999
chr2	62140585	T	C	SRF_HUMAN	GM12878 (female B-cells)	0.0	2.9406799958565037	-1.181	1.037
chr2	73628758	A	C	SRF_HUMAN,MEF2B_HUMAN,ATF7_HUMAN	GM12878 (female B-cells)	10.390682206512231	0.0	1.4340000000000002	
chr2	73716957	A	G	SRF_HUMAN	GM12878 (female B-cells),HepG2 (hepatoblastoma),K562 (myelogenous leukemia)	0.0	1.4823464084233036	-1.255	1.294
chr2	73717145	C	T	SRF_HUMAN	GM12878 (female B-cells),K562 (myelogenous leukemia)	0.0	6.06841456941023	-2.251	1.9809999999999999
chr2	108615932	A	C	SRF_HUMAN	GM12878 (female B-cells)	5.925476325651198	0.0	1.466	-1.652
chr2	113390520	C	G	CTCF_HUMAN,CREB1_HUMAN,ZNF24_HUMAN,ELF1_HUMAN,TRI22_HUMAN,IKZF1_HUMAN,SRF_HUMAN,NFIL3_HUMAN,ZN654_HUMAN	22RV1 (prostate carcinoma),A673 (Ewing sarcoma),GM10266 (male B-cells),GM12878 (female B-cells),hASC (preadipocytes),HEK293 (embryonic kidney),HepG2 (hepatoblastoma),HUES64 (embryonic stem cells),MCF10A (breast epithelial cells),MM1.S (plasma cell myeloma),OCI-LY1 (diffuse large B-cell lymphoma),OCI-LY7 (diffuse large B-cell lymphoma),OVCAR8 (high grade ovarian serous adenocarcinoma),erythroid cells,lung,A-673 clone Asp114 (Ewing sarcoma),MCF10AT1 (breast premetastatic epithelial cells),MCF10CA1a (breast metastatic epithelial cells),medulloblastoma	46.026536615553574	0.0	1.3259999999999998	0.12
chr2	122636996	A	G	ZN687_HUMAN,SRF_HUMAN	GM12878 (female B-cells)	1.7684971743022246	0.0	1.41	-1.274
chr2	122637323	C	T	SRF_HUMAN	GM12878 (female B-cells)	4.022243868883581	0.0	1.74	-2.103
chr2	152594422	C	T	ELF1_HUMAN,PKNX1_HUMAN,IKZF2_HUMAN,SRF_HUMAN	GM12878 (female B-cells)	3.3649929499529607	0.0	1.6440000000000001	
chr2	173148771	A	G	SRF_HUMAN	GM12878 (female B-cells)	0.0	1.3424285687826956		1.195
chr2	173899208	G	A	JUNB_HUMAN,CREB1_HUMAN,IKZF1_HUMAN,IKZF2_HUMAN,COT1_HUMAN,MTA2_HUMAN,SRF_HUMAN,SKIL_HUMAN,REQU_HUMAN,TBX21_HUMAN	GM12878 (female B-cells)	0.0	1.7934895279913194	-1.121	1.234
chr2	182895337	A	G	SRF_HUMAN	K562 (myelogenous leukemia)	2.040115839884474	0.0	1.347	
chr2	196068738	G	A	CTCF_HUMAN,SRF_HUMAN	RWPE1 (prostate epithelial cells),RWPE2	0.0	7.114449220139988	-1.104	1.1909999999999998
chr2	224976768	A	G	SRF_HUMAN	GM12878 (female B-cells)	11.960095446176387	0.0	1.7830000000000001	
chr2	230984488	T	C	SRF_HUMAN	GM12878 (female B-cells)	0.030111115253049787	3.7497611152569115	0.21600000000000003	0.526
chr2	236143421	A	C	SRF_HUMAN	HUES64 (embryonic stem cells)	0.0	1.390882222373967	-1.067	1.2890000000000001
chr20	1509506	A	C	CTCF_HUMAN,FOXK2_HUMAN,SRF_HUMAN	GM12878 (female B-cells),RWPE2,foreskin keratinocyte,NB69 (neuroblastoma)	0.03306424161678712	10.059775079558884	0.209	1.7830000000000001
chr20	15985372	C	G	FOXK2_HUMAN,SRF_HUMAN	GM12878 (female B-cells)	0.0	1.569941628705693	-1.242	1.19
chr20	35145275	T	C	CTCF_HUMAN,REST_HUMAN,SRF_HUMAN,DACH1_HUMAN,PRDM9_HUMAN	HEK293T (embryonic kidney),MCF7 (Invasive ductal breast carcinoma),A673 (Ewing sarcoma),GM12878 (female B-cells),H929 (plasma cell myeloma),HUES64 (embryonic stem cells),K562 (myelogenous leukemia),RWPE1 (prostate epithelial cells),CD4+ T-cells,neural progenitors,hepatocytes,RH4 (alveolar rhabdomyosarcoma),epithelial cell of prostate,smooth muscle cell	0.0	16.67737897251791	0.503	1.0759999999999998
chr20	41693151	C	G	SRF_HUMAN	A-673 clone Asp114 (Ewing sarcoma)	2.540853485035745	0.0	1.456	
chr20	41693409	A	G	ESR1_HUMAN,SRF_HUMAN	A-673 clone Asp114 (Ewing sarcoma),breast tumor tissue	1.556002812594223	0.0	1.3459999999999999	-2.68
chr20	43788152	G	C	ELF1_HUMAN,PKNX1_HUMAN,IKZF1_HUMAN,IKZF2_HUMAN,MTA2_HUMAN,SRF_HUMAN,TBX21_HUMAN	GM12878 (female B-cells)	0.0	4.7662198281933605	-2.546	1.955
chr20	47457872	C	T	NFXL1_HUMAN,SRF_HUMAN	GM12878 (female B-cells)	1.5716777378454474	0.0	1.507	
chr20	49833403	G	A	SRF_HUMAN,SPI1_HUMAN	GM12878 (female B-cells),monocyte-derived dendritic cells	1.5701644987807237	0.0	1.275	-1.196
chr20	49866911	A	G	SRF_HUMAN	GM12878 (female B-cells),K562 (myelogenous leukemia)	0.0	1.3382136768141175	-1.341	1.218
chr20	50528735	T	C	SRF_HUMAN	GM12878 (female B-cells)	2.214442751145222	0.0	1.385	
chr20	53907143	T	C	SMAD1_HUMAN,NFXL1_HUMAN,ELF1_HUMAN,NBN_HUMAN,TRI22_HUMAN,EWS_HUMAN,IKZF1_HUMAN,IKZF2_HUMAN,ZN687_HUMAN,MTA2_HUMAN,SRF_HUMAN,TBX21_HUMAN,ZN316_HUMAN	GM12878 (female B-cells),K562 (myelogenous leukemia)	0.0	1.7477613207980571	-2.14	1.55
chr20	64285790	T	C	CTCF_HUMAN,SMCA5_HUMAN,TRI22_HUMAN,IKZF2_HUMAN,SRF_HUMAN,ARNT_HUMAN,REQU_HUMAN,ZN143_HUMAN	LNCaP (prostate carcinoma),LNCaP C4-2B (prostate carcinoma),GM12878 (female B-cells),HCT-116 (colon carcinoma),pancreas,testis,epithelial cell of prostate,adrenal gland,upper lobe of left lung,foreskin keratinocyte	57.85888790004651	0.0	1.589	-0.565
chr21	33380732	G	A	ESR1_HUMAN,AP2A_HUMAN,SRF_HUMAN	cranial neural crest cells,breast tumor tissue	2.622866026750092	0.0	1.538	
chr21	33977070	T	C	SRF_HUMAN	GM12878 (female B-cells)	0.0	1.4367889654443053	-1.139	1.306
chr21	37209221	T	A	BHE40_HUMAN,SRF_HUMAN	GM12878 (female B-cells)	1.5825537166662447	0.0	0.975	-1.155
chr21	45501224	A	G	PKNX1_HUMAN,SRF_HUMAN	GM12878 (female B-cells),HEK293 (embryonic kidney)	0.0	2.0765016091602937	-1.465	1.4569999999999999
chr21	46142670	A	T	SRF_HUMAN	GM12878 (female B-cells)	3.9951930159894804	0.0	1.475	-1.6469999999999998
chr21	46142753	C	T	SRF_HUMAN	GM12878 (female B-cells),K562 (myelogenous leukemia)	0.0	3.212585752214663		0.759
chr22	22721160	T	G	CEBPB_HUMAN,PKNX1_HUMAN,IKZF2_HUMAN,SRF_HUMAN,SKIL_HUMAN	GM12878 (female B-cells),macrophages	0.0	1.38788179534468	-2.5540000000000003	1.444
chr22	33842477	G	C	SRF_HUMAN	GM12878 (female B-cells)	2.3612565157439023	0.0	1.469	-1.3319999999999999
chr22	36359453	A	G	BHE40_HUMAN,SRF_HUMAN	GM12878 (female B-cells)	0.0	7.922542074722806		1.002
chr22	38199404	G	A	BHE40_HUMAN,IKZF1_HUMAN,IKZF2_HUMAN,MTA2_HUMAN,SRF_HUMAN,SKIL_HUMAN,RUNX3_HUMAN	GM12878 (female B-cells)	1.3370202948805967	0.0	1.1420000000000001	-0.917
chr22	38199476	G	A	ELF1_HUMAN,IKZF1_HUMAN,IKZF2_HUMAN,MTA2_HUMAN,SRF_HUMAN,SKIL_HUMAN,ENL_HUMAN	GM12878 (female B-cells)	0.0	2.3356604589606667	-1.456	1.495
chr22	38389502	G	C	SRF_HUMAN	GM12878 (female B-cells)	3.8991351944974544	0.0	1.716	-2.079
chr22	41301334	A	G	SRF_HUMAN	GM12878 (female B-cells),HEK293 (embryonic kidney)	1.4240526884704443	0.0	1.18	
chr22	46720377	C	T	MTA2_HUMAN,SRF_HUMAN	GM12878 (female B-cells)	1.442809507157919	0.0	1.275	-1.196
chr22	46720420	C	G	IKZF1_HUMAN,COT1_HUMAN,SRF_HUMAN	GM12878 (female B-cells)	2.86795909265054	0.0	1.21	-1.036
chr22	46720428	A	G	IKZF1_HUMAN,SRF_HUMAN	GM12878 (female B-cells)	2.2056265305588196	0.0	1.081	-0.862
chr3	4831129	T	A	TRI22_HUMAN,PKNX1_HUMAN,IKZF1_HUMAN,IKZF2_HUMAN,COT1_HUMAN,SRF_HUMAN,RAD51_HUMAN,SKIL_HUMAN,ATF7_HUMAN,TBX21_HUMAN,ENL_HUMAN	GM12878 (female B-cells)	2.0595640518741747	0.0	1.406	-1.569
chr3	4831131	T	A	TADBP_HUMAN,NBN_HUMAN,IKZF1_HUMAN,FOXK2_HUMAN,MTA2_HUMAN,SRF_HUMAN,ARNT_HUMAN,IRF5_HUMAN,ENL_HUMAN	GM12878 (female B-cells)	0.0	2.3054111917942803	-1.338	1.199
chr3	8768776	C	T	SRF_HUMAN	GM12878 (female B-cells)	8.896894813204762	0.0	1.617	
chr3	10738798	G	A	RAD21_HUMAN,CTCF_HUMAN,SRF_HUMAN	22RV1 (prostate carcinoma),H929 (plasma cell myeloma),human astrocytes-cerebellar,human brain microvascular endothelial cells,HUES64 (embryonic stem cells),liver,pancreas,gastroesophageal sphincter,epithelial cell of prostate,adrenal gland,tibial nerve,NB69 (neuroblastoma)	1.66320376662265	0.0	0.8909999999999999	-0.581
chr3	13461707	G	C	CTCF_HUMAN,SRF_HUMAN,CTCFL_HUMAN,USF1_HUMAN	HEK293T (embryonic kidney),A549 (lung carcinoma),DND41 (acute lymphoblastic leukemia),GM13977 (female B-cells),GM19239 (male B-cells),GM19240 (B-cells),H1 (embryonic stem cells),HEK293 (embryonic kidney),HUES64 (embryonic stem cells),lymphoblastoid cells,MM1.S (plasma cell myeloma),SH-SY5Y (neuroblastoma),SK-N-SH (neuroblastoma),OCI-LY7 (diffuse large B-cell lymphoma),OVCAR8 (high grade ovarian serous adenocarcinoma),SUM159PT (pleiomorphic breast carcinoma),erythroid cells,erythroid progenitors,IPSC-derived bipolar neuron,bipolar neuron,GM23338	73.18490717894592	0.0	1.2009999999999998	0.162
chr3	13461784	C	T	CTCF_HUMAN,SMC3_HUMAN,SRF_HUMAN,ZN335_HUMAN	A549 (lung carcinoma),H1 (embryonic stem cells),HEK293 (embryonic kidney),HeLa Kyoto (cervical adenocarcinoma),HeLa S3 (cervical adenocarcinoma),HUES64 (embryonic stem cells),MM1.S (plasma cell myeloma)	17.079065399640832	0.0	0.7809999999999999	0.3
chr3	16286402	C	T	IKZF2_HUMAN,SRF_HUMAN	GM12878 (female B-cells)	0.0	4.753672512790457	-1.8019999999999998	1.595
chr3	53848634	A	G	SRF_HUMAN	GM12878 (female B-cells)	0.0	12.026254690885672		1.9509999999999998
chr3	53848636	G	A	IKZF2_HUMAN,SRF_HUMAN	GM12878 (female B-cells)	1.4856418328081904	0.0	1.248	-1.058
chr3	69321245	C	T	ELF1_HUMAN,IKZF1_HUMAN,IKZF2_HUMAN,MTA2_HUMAN,SRF_HUMAN,MEF2B_HUMAN	GM12878 (female B-cells)	2.097700850881685	0.0	1.44	-1.304
chr3	70606217	T	C	SRF_HUMAN	GM12878 (female B-cells)	3.0303869867844626	0.0	1.146	0.154
chr3	72973511	G	A	SRF_HUMAN	GM12878 (female B-cells)	0.0	1.3424285687826956		1.195
chr3	72973653	G	A	SRF_HUMAN	GM12878 (female B-cells)	0.0	3.1945695949419397	-1.534	1.287
chr3	78918579	T	C	SRF_HUMAN	GM12878 (female B-cells)	0.0	2.2230727208005736	-1.081	0.935
chr3	100709274	G	A	BCL6_HUMAN,GABPA_HUMAN,SRF_HUMAN,STAT1_HUMAN,NRF1_HUMAN,SPI1_HUMAN	A549 (lung carcinoma),CD14+ monocytes,HepG2 (hepatoblastoma),periferal blood macrophages,HAEC (human aortic endothelial cells)	3.5195830308281546	0.0	1.4969999999999999	-0.82
chr3	104521916	A	G	JUNB_HUMAN,IKZF1_HUMAN,SRF_HUMAN,ATF7_HUMAN	GM12878 (female B-cells)	0.0	1.5481694097590042	-1.197	1.2009999999999998
chr3	104521988	C	T	SRF_HUMAN,ARNT_HUMAN	GM12878 (female B-cells)	5.542399696861755	0.0	1.614	-1.786
chr3	104522103	C	T	SRF_HUMAN	monocyte-derived dendritic cells	0.0	2.9234191880336224	-1.7690000000000001	1.587
chr3	109072009	C	T	SRF_HUMAN	GM12878 (female B-cells)	0.0	3.3764441980447333	-1.6740000000000002	1.551
chr3	138031744	C	A	IKZF2_HUMAN,SRF_HUMAN	GM12878 (female B-cells)	0.0	1.5250439658543014	-0.755	0.9209999999999999
chr3	172062973	A	G	ZNF24_HUMAN,SRF_HUMAN,ATF7_HUMAN	GM12878 (female B-cells)	2.4452944554850427	0.0	1.6019999999999999	-1.475
chr3	184808163	A	G	SRF_HUMAN	HUES64 (embryonic stem cells)	2.1908503179159764	0.0	1.492	
chr3	190026579	G	T	SRF_HUMAN	GM12878 (female B-cells)	0.0	8.270496707720117		1.629
chr4	12926573	T	C	IKZF1_HUMAN,MTA2_HUMAN,SRF_HUMAN,REQU_HUMAN,TBX21_HUMAN	GM12878 (female B-cells)	2.2854318290828326	0.0	1.114	-0.633
chr4	25310620	G	A	SRF_HUMAN	GM12878 (female B-cells)	3.9172557581834258	0.0	1.016	-1.213
chr4	38804321	G	C	SMAD1_HUMAN,P66B_HUMAN,ATF2_HUMAN,IKZF1_HUMAN,FOXK2_HUMAN,MTA2_HUMAN,SRF_HUMAN,ARNT_HUMAN,ATF7_HUMAN,TBX21_HUMAN,COE1_HUMAN	GM12878 (female B-cells)	0.0	1.3947130279140185	-1.227	0.652
chr4	39568882	G	A	SRF_HUMAN,MEF2B_HUMAN	GM12878 (female B-cells)	2.092617950497497	0.056734909512623305	0.498	-0.185
chr4	40990684	G	A	SRF_HUMAN	GM12878 (female B-cells)	2.8858419012500818	0.0	1.073	-1.3619999999999999
chr4	47510859	A	G	SRF_HUMAN,SPI1_HUMAN	GM12878 (female B-cells),monocyte-derived macrophages,monocyte-derived dendritic cells	0.0	1.7497063076721076	-1.43	1.307
chr4	53608609	T	G	SRF_HUMAN	GM12878 (female B-cells)	1.6042922464429745	0.0	1.301	-1.081
chr4	55546378	C	G	SRF_HUMAN	GM12878 (female B-cells)	2.4779790810798383	0.0	1.286	-0.632
chr4	78552548	A	G	SRF_HUMAN	MCF7 (Invasive ductal breast carcinoma),HCT-116 (colon carcinoma)	6.22848827493846	0.0	1.258	-0.218
chr4	78552643	C	A	SRF_HUMAN,GATA4_HUMAN,FOS_HUMAN	MCF7 (Invasive ductal breast carcinoma),H1 (embryonic stem cells),HUES64 (embryonic stem cells)	5.119508632396532	0.0	1.129	-0.33899999999999997
chr4	80064605	T	G	SRF_HUMAN	GM12878 (female B-cells)	0.0	2.261102937120765	-1.587	1.4480000000000002
chr4	82739534	C	T	RAD21_HUMAN,CTCF_HUMAN,SMC3_HUMAN,SMCA5_HUMAN,TRI22_HUMAN,SRF_HUMAN,ZN143_HUMAN	A549 (lung carcinoma),AG10803 (fibroblasts),LNCaP (prostate carcinoma),LNCaP C4-2B (prostate carcinoma),DOHH2 (diffuse large B-cell lymphoma),GM12865 (female B-cells),GM12878 (female B-cells),GM12892 (female B-cells),H1 (embryonic stem cells),D54 (glioblastoma),HCT-116 (colon carcinoma),HeLa Kyoto (cervical adenocarcinoma),HepG2 (hepatoblastoma),HUES64 (embryonic stem cells),epidermal keratinocytes,K562 (myelogenous leukemia),lymphoblastoid cells,MM1.S (plasma cell myeloma),spleen,OCI-LY7 (diffuse large B-cell lymphoma),breast epithelial cells,SUM159PT (pleiomorphic breast carcinoma),liver,hepatocytes,kidney,pancreas,IPSC-derived bipolar neuron,suprapubic skin,heart left ventricle,Peyer's patch,bipolar neuron,esophagus squamous epithelium,testis,ovary,right lobe of liver,gastroesophageal sphincter,uterus,thyroid gland,adrenal gland,H54,tibial nerve,upper lobe of left lung,foreskin keratinocyte,SK-N-AS (neuroblastoma)	14.395899631014297	0.0	0.9059999999999999	0.168
chr4	83224333	T	C	SRF_HUMAN	GM12878 (female B-cells)	0.0	1.9551062556566483	-1.444	1.386
chr4	83224379	G	A	SRF_HUMAN	GM12878 (female B-cells)	0.0	11.705634343430763		2.461
chr4	99564087	G	C	CREB1_HUMAN,SRF_HUMAN,ZN143_HUMAN	GM12878 (female B-cells),LoVo (colorectal adenocarcinoma)	1.4698680601271585	0.0	0.711	-0.792
chr4	99564098	G	A	CREB1_HUMAN,FOXK2_HUMAN,SRF_HUMAN	GM12878 (female B-cells),K562 (myelogenous leukemia),LoVo (colorectal adenocarcinoma)	1.6510589543598324	0.0	0.9470000000000001	-0.111
chr4	104719749	T	C	ZN217_HUMAN,IKZF2_HUMAN,NFAC3_HUMAN,SRF_HUMAN,BMI1_HUMAN	GM12878 (female B-cells)	2.764780275097721	0.0	1.7	
chr4	119454627	C	T	CTCF_HUMAN,ELF1_HUMAN,TRI22_HUMAN,IKZF1_HUMAN,SRF_HUMAN,REQU_HUMAN,RELB_HUMAN	GM12878 (female B-cells),spleen,pancreas,heart left ventricle,gastrocnemius medialis,Peyer's patch,esophagus squamous epithelium,ovary,transverse colon,uterus,thyroid gland,tibial nerve,upper lobe of left lung	52.40330018557424	0.0	1.176	-0.395
chr4	142393707	C	G	SRF_HUMAN	GM12878 (female B-cells)	4.898793234718052	0.0	1.8359999999999999	-2.079
chr4	142393769	T	C	SRF_HUMAN	GM12878 (female B-cells)	0.0	5.666963463531274	-1.925	1.8
chr4	151887741	C	A	SRF_HUMAN,SPI1_HUMAN	GM12878 (female B-cells),monocyte-derived macrophages,periferal blood macrophages	0.0	8.855699632364463		2.035
chr4	179990240	C	T	ELF1_HUMAN,BHE40_HUMAN,IKZF1_HUMAN,SRF_HUMAN,MEF2B_HUMAN	GM12878 (female B-cells)	0.0	2.424252722808993		1.4709999999999999
chr4	179990255	C	T	ELF1_HUMAN,BHE40_HUMAN,IKZF1_HUMAN,SRF_HUMAN,MEF2B_HUMAN	GM12878 (female B-cells)	0.0	1.5329970733434037	-1.327	1.273
chr4	185350867	A	C	IKZF2_HUMAN,SRF_HUMAN	GM12878 (female B-cells)	1.6653913497553008	0.0	0.965	-1.036
chr4	186190538	G	A	SRF_HUMAN	GM12878 (female B-cells)	0.0	1.4769030268316197		1.239
chr5	7887343	C	T	SRF_HUMAN,ZN654_HUMAN	GM12878 (female B-cells),HEK293 (embryonic kidney)	7.276727991085116	0.0	1.949	
chr5	14155310	T	C	IKZF1_HUMAN,ZN687_HUMAN,SRF_HUMAN,ATF7_HUMAN	GM12878 (female B-cells),HEK293 (embryonic kidney)	0.0	2.3140155208426916	-0.456	1.09
chr5	14282006	G	A	FOXK2_HUMAN,SRF_HUMAN	GM12878 (female B-cells)	1.6483154776248823	0.0	1.179	-0.985
chr5	23026318	G	A	SRF_HUMAN	GM12878 (female B-cells)	0.0	12.026254690885672		2.242
chr5	38722632	T	C	SRF_HUMAN	GM12878 (female B-cells)	1.9884656293359542	0.0	1.385	-1.17
chr5	73565634	G	A	JUN_HUMAN,GABPA_HUMAN,SP1_HUMAN,BCL3_HUMAN,NR2C1_HUMAN,SRF_HUMAN,HDAC1_HUMAN	A549 (lung carcinoma),MCF7 (Invasive ductal breast carcinoma),HepG2 (hepatoblastoma),K562 (myelogenous leukemia),breast tumor tissue	0.019735442211932137	1.74929791564556	-0.175	0.591
chr5	103345680	C	T	IKZF1_HUMAN,IKZF2_HUMAN,SRF_HUMAN,MEF2B_HUMAN	GM12878 (female B-cells)	0.0	9.502744320477893		2.3169999999999997
chr5	130541779	G	A	SRF_HUMAN	GM12878 (female B-cells)	0.0	1.9551062556566483	-1.444	1.386
chr5	130542065	T	C	IKZF1_HUMAN,IKZF2_HUMAN,MTA2_HUMAN,SRF_HUMAN,REQU_HUMAN,MEF2B_HUMAN,ATF7_HUMAN,ENL_HUMAN,RUNX3_HUMAN	GM12878 (female B-cells)	0.0	5.569444398207417	-1.594	1.5619999999999998
chr5	133322011	T	C	SRF_HUMAN	GM12878 (female B-cells)	0.0	7.501208666094682		1.421
chr5	143183101	A	T	SMAD1_HUMAN,IKZF1_HUMAN,IKZF2_HUMAN,SRF_HUMAN,ATF7_HUMAN	GM12878 (female B-cells)	2.33105998922144	0.0	1.5030000000000001	-1.5319999999999998
chr5	151125616	C	T	SRF_HUMAN,ATF7_HUMAN	GM12878 (female B-cells),periferal blood macrophages	4.455472622368617	0.0	1.723	-1.8969999999999998
chr5	151125628	C	T	SRF_HUMAN,TF65_HUMAN	GM12878 (female B-cells),K562 (myelogenous leukemia)	0.0	4.248994409033109	-1.8969999999999998	1.7409999999999999
chr5	170389325	A	C	SRF_HUMAN	GM12878 (female B-cells)	4.069942228390434	0.0	1.57	-1.735
chr6	287725	A	G	SRF_HUMAN,RING2_HUMAN	GM12878 (female B-cells),K562 (myelogenous leukemia)	4.069942228390434	0.0	1.7269999999999999	
chr6	342227	G	A	JUNB_HUMAN,SRF_HUMAN	K562 (myelogenous leukemia)	0.0	1.6645661466283541	-0.953	1.19
chr6	378246	G	A	FOXK2_HUMAN,SRF_HUMAN	GM12878 (female B-cells)	1.8035521219714754	0.0	1.315	
chr6	6656260	A	C	IKZF1_HUMAN,SRF_HUMAN	GM12878 (female B-cells)	1.4491472002651284	0.0	1.179	-0.985
chr6	8006374	A	T	SRF_HUMAN	LNCaP (prostate carcinoma),prostate gland	1.363626898337526	0.0	1.24	-1.021
chr6	11653046	A	G	SRF_HUMAN	GM12878 (female B-cells)	2.9433381776467575	0.0	1.52	-1.695
chr6	15433412	G	C	FOXK2_HUMAN,SRF_HUMAN	GM12878 (female B-cells)	2.7185240605278964	0.0	1.421	
chr6	15433414	G	C	FOXK2_HUMAN,SRF_HUMAN	GM12878 (female B-cells)	2.569616186885646	0.0	1.385	
chr6	22717682	A	G	SRF_HUMAN	GM12878 (female B-cells)	3.5324021841990754	0.0	1.42	-1.875
chr6	24975053	T	G	SRF_HUMAN	GM12878 (female B-cells)	0.0	1.4823464084233036	-1.255	1.294
chr6	28161802	T	C	ZBT40_HUMAN,GABPA_HUMAN,ELF1_HUMAN,IKZF1_HUMAN,FOXK2_HUMAN,SRF_HUMAN,STAT1_HUMAN	VCaP (prostate carcinoma),CD14+ monocytes,GM12878 (female B-cells)	2.3319835481518054	0.0	1.3940000000000001	-1.558
chr6	30453779	A	G	RAD21_HUMAN,CTCF_HUMAN,SRF_HUMAN	MCF7 (Invasive ductal breast carcinoma),CD34+ stem cells-derived erythroblasts,GM19238 (female B-cells),skeletal muscles and myoblasts,HUES64 (embryonic stem cells),lymphoblastoid cells,liver,IPSC-derived bipolar neuron,bipolar neuron,GM23338,foreskin keratinocyte	1.3857996171931903	0.0	1.092	-0.945
chr6	30453804	G	A	EZH2_HUMAN,CTCF_HUMAN,SRF_HUMAN,STAT1_HUMAN,SPI1_HUMAN	MCF7 (Invasive ductal breast carcinoma),CD14+ monocytes,HUES64 (embryonic stem cells),monocyte-derived macrophages,MM1.S (plasma cell myeloma),spleen,fibroblast of mammary gland,epithelial cell of prostate,GM23338,foreskin keratinocyte	0.0	1.917721607396418	-0.10300000000000001	1.339
chr6	30453840	C	T	SRF_HUMAN	786-O (renal carcinoma),A549 (lung carcinoma),aortic adventitial fibroblasts,GM19240 (B-cells),H1 (embryonic stem cells),skeletal muscles and myoblasts,HUES64 (embryonic stem cells),K562 (myelogenous leukemia),neural cell	1.6914033045008567	0.0	0.813	0.226
chr6	30453897	G	A	RAD21_HUMAN,CTCF_HUMAN,SRF_HUMAN,TBX21_HUMAN	MCF7 (Invasive ductal breast carcinoma),HUES64 (embryonic stem cells),lymphoblastoid cells,MM1.S (plasma cell myeloma),liver,Th1-cells,bipolar neuron,GM23338	1.3857996171931903	0.0	1.092	-0.945
chr6	30682249	G	A	FOXK2_HUMAN,SRF_HUMAN	GM12878 (female B-cells)	1.369450120140731	0.0	1.068	-0.8220000000000001
chr6	31068929	G	A	SRF_HUMAN	GM12878 (female B-cells),K562 (myelogenous leukemia)	3.9492474693483404	0.0	1.825	-2.331
chr6	31069006	A	G	RAD21_HUMAN,CTCF_HUMAN,SMC3_HUMAN,SRF_HUMAN	A549 (lung carcinoma),GM12878 (female B-cells),skeletal muscles and myoblasts,K562 (myelogenous leukemia),spleen,B-cells,tibial nerve,neural cell	1.802834596120275	0.015216397503639543	0.41200000000000003	0.289
chr6	31186484	G	A	NBN_HUMAN,IKZF1_HUMAN,IKZF2_HUMAN,MTA2_HUMAN,SRF_HUMAN,SKIL_HUMAN,TBX21_HUMAN,RELB_HUMAN	GM12878 (female B-cells)	0.0	1.663469588741222	-1.578	1.52
chr6	31186485	T	C	NBN_HUMAN,IKZF1_HUMAN,IKZF2_HUMAN,MTA2_HUMAN,SRF_HUMAN,SKIL_HUMAN,TBX21_HUMAN,RELB_HUMAN	GM12878 (female B-cells)	0.0	1.663469588741222	-1.578	1.52
chr6	31328824	T	C	SRF_HUMAN	GM12878 (female B-cells),HCT-116 (colon carcinoma)	0.0	1.8015793089881837		1.4380000000000002
chr6	31328856	C	G	SRF_HUMAN	GM12878 (female B-cells)	0.0	1.3941644812166618	-1.358	1.355
chr6	31652243	A	G	ZBT40_HUMAN,GABPA_HUMAN,SRF_HUMAN,SNAI2_HUMAN	MCF7 (Invasive ductal breast carcinoma),keratinocytes,HepG2 (hepatoblastoma)	2.5911501134444497	0.0	0.528	0.9440000000000001
chr6	32239616	G	T	SRF_HUMAN	GM12878 (female B-cells)	8.7777737274809	0.0	2.114	
chr6	32448081	A	G	IKZF1_HUMAN,MTA2_HUMAN,SRF_HUMAN,MEF2B_HUMAN	GM12878 (female B-cells)	0.0	1.4149278637372278	-0.9540000000000001	1.006
chr6	32477914	C	T	SRF_HUMAN	GM12878 (female B-cells)	0.0	5.445227929170973	-2.503	2.015
chr6	32604658	C	A	CREB1_HUMAN,IKZF1_HUMAN,IKZF2_HUMAN,SRF_HUMAN,RELB_HUMAN	MCF7 (Invasive ductal breast carcinoma),GM12878 (female B-cells)	1.8106487282137604	0.0	1.215	-1.2329999999999999
chr6	32623329	T	C	CREB1_HUMAN,SRF_HUMAN	GM12878 (female B-cells)	1.7670149423512163	0.0	1.177	-0.113
chr6	32623364	G	A	SRF_HUMAN	GM12878 (female B-cells)	1.3600678786084917	0.0	0.8	
chr6	32623406	G	A	SRF_HUMAN,RFX5_HUMAN	GM12878 (female B-cells)	1.715932387208031	0.0	1.185	
chr6	32969659	C	T	SRF_HUMAN	GM12878 (female B-cells)	0.0	11.24339857792564		2.063
chr6	33062507	T	C	SRF_HUMAN	GM12878 (female B-cells)	3.064521841696204	0.0	1.59	-1.526
chr6	34072013	G	C	KDM1A_HUMAN,FOXK2_HUMAN,SRF_HUMAN,FOXP1_HUMAN,TBX3_HUMAN,ARI1B_HUMAN,CDC5L_HUMAN	MCF7 (Invasive ductal breast carcinoma),GM12878 (female B-cells),HepG2 (hepatoblastoma),K562 (myelogenous leukemia)	2.0533190012141365	0.0	1.348	-1.046
chr6	39198720	T	C	SRF_HUMAN	GM12878 (female B-cells)	1.898910780465441	0.0	1.308	
chr6	42263482	G	A	CTCF_HUMAN,SRF_HUMAN	HUES64 (embryonic stem cells)	0.0	2.4117220197932094	-1.324	1.3659999999999999
chr6	53728771	C	T	RAD21_HUMAN,CTCF_HUMAN,SRF_HUMAN	MCF7 (Invasive ductal breast carcinoma),COLO-829 (melanoma),DND41 (acute lymphoblastic leukemia),GM12878 (female B-cells),H1 (embryonic stem cells),skeletal muscles and myoblasts,HUES64 (embryonic stem cells),epidermal keratinocytes,MM1.S (plasma cell myeloma),stomach,adrenal gland,neural cell,foreskin keratinocyte	1.8028392490805751	0.00395879618483871	0.45299999999999996	0.122
chr6	53956278	C	G	RAD21_HUMAN,CTCF_HUMAN,BCL6_HUMAN,FOXK2_HUMAN,SRF_HUMAN,TEAD3_HUMAN	22RV1 (prostate carcinoma),A673 (Ewing sarcoma),GM12878 (female B-cells),GM13977 (female B-cells),HCT-116 (colon carcinoma),HepG2 (hepatoblastoma),mammary epithelial cells,skeletal muscles and myoblasts,HUES64 (embryonic stem cells),epidermal keratinocytes,MCF10A (breast epithelial cells),MM1.S (plasma cell myeloma),normal lung fibroblasts,PANC1 (pancreatic ductal adenocarcinoma),breast epithelial cells,liver,hepatocytes,pancreas,IPSC-derived bipolar neuron,MCF10AT1 (breast premetastatic epithelial cells),tibial artery,Peyer's patch,bipolar neuron,esophagus squamous epithelium,thoracic aorta,epithelial cell of prostate,esophagus muscularis mucosa,adrenal gland,upper lobe of left lung,KMS-11,foreskin keratinocyte,smooth muscle cell	4.599949977330639	0.0	1.1179999999999999	-0.987
chr6	88428292	T	G	SRF_HUMAN,MEF2B_HUMAN	GM12878 (female B-cells)	0.0	1.4823464084233036	-1.255	1.294
chr6	119653505	G	C	SRF_HUMAN	K562 (myelogenous leukemia)	1.9511038797556435	0.0	1.379	-1.244
chr6	134288843	T	A	ELF1_HUMAN,PKNX1_HUMAN,IKZF1_HUMAN,IKZF2_HUMAN,ARI3A_HUMAN,MTA2_HUMAN,SRF_HUMAN,REQU_HUMAN	endometrial stromal cells,GM12878 (female B-cells)	0.0	1.4291270946732217	-1.038	1.275
chr6	135008831	C	T	SRF_HUMAN	HepG2 (hepatoblastoma)	0.0	12.026254690885672		1.966
chr6	149058219	T	C	IKZF1_HUMAN,SRF_HUMAN	GM12878 (female B-cells)	2.854824891498506	0.0	1.2	-1.126
chr6	150005285	C	T	SRF_HUMAN	HepG2 (hepatoblastoma)	1.343672397172633	0.0	1.315	
chr6	151482524	G	A	SRF_HUMAN	GM12878 (female B-cells)	4.617015097697838	0.0	1.8030000000000002	
chr6	158057747	G	A	SRF_HUMAN	GM12878 (female B-cells)	1.49553462725606	0.0	0.7979999999999999	-0.5870000000000001
chr6	159790522	T	G	CTCF_HUMAN,BHE40_HUMAN,SRF_HUMAN	A549 (lung carcinoma),GM12878 (female B-cells),gastroesophageal sphincter	1.9513834825053626	0.0	0.5429999999999999	0.231
chr7	1170052	T	A	RAD21_HUMAN,CTCF_HUMAN,SRF_HUMAN	A549 (lung carcinoma),aortic adventitial fibroblasts,FB8470 (fibroblasts),GM12878 (female B-cells),H1 (embryonic stem cells),HCPEpiC (choroid plexus epithelial cells),esophageal epithelial cells,mammary epithelial cells,retinal pigment epithelial cells,HUES64 (embryonic stem cells),stem and progenitor cells,K562 (myelogenous leukemia),MM1.S (plasma cell myeloma),liver,esophagus squamous epithelium,gastroesophageal sphincter,transverse colon	2.30164833724216	0.0	1.034	0.6659999999999999
chr7	29214207	A	G	SRF_HUMAN	GM12878 (female B-cells)	0.0	3.202265255910018	-1.159	1.008
chr7	32680943	T	G	RFX1_HUMAN,SRF_HUMAN	H1 (embryonic stem cells),K562 (myelogenous leukemia)	7.905380775168587	0.0	0.612	
chr7	69199849	C	T	SRF_HUMAN	GM12878 (female B-cells)	1.8625514708245101	0.0	1.3459999999999999	-1.274
chr7	69526740	C	G	SRF_HUMAN	GM12878 (female B-cells)	0.0	7.623493140347187		1.591
chr7	83807908	C	T	SRF_HUMAN	GM12878 (female B-cells)	0.0	1.4823464084233036	-1.06	1.301
chr7	100217624	T	C	CTCF_HUMAN,ZNF24_HUMAN,FOXK2_HUMAN,SRF_HUMAN,MEF2B_HUMAN	LNCaP C4-2B (prostate carcinoma),coronary artery smooth muscle,GM12878 (female B-cells),bipolar neuron	4.66043898448915	0.0	1.0170000000000001	0.193
chr7	100221304	C	T	SRF_HUMAN	GM12878 (female B-cells)	1.4240526884704443	0.0	1.239	-0.987
chr7	102467250	G	C	ZN217_HUMAN,ZN574_HUMAN,NBN_HUMAN,IKZF1_HUMAN,MTA2_HUMAN,SRF_HUMAN,ZBT26_HUMAN,EGR2_HUMAN,ZFHX2_HUMAN,ZBT17_HUMAN,ZSCA4_HUMAN	MCF7 (Invasive ductal breast carcinoma),GM12878 (female B-cells),HEK293 (embryonic kidney)	2.8365253317047543	0.0	1.74	-2.103
chr7	104208139	A	G	GABPA_HUMAN,CREB1_HUMAN,SRF_HUMAN	GM12878 (female B-cells),HepG2 (hepatoblastoma)	1.5019908087968885	0.0	0.867	-0.565
chr7	104208149	C	G	RFOX2_HUMAN,GABPA_HUMAN,SRF_HUMAN	GM12878 (female B-cells),HepG2 (hepatoblastoma)	2.2035224408171303	0.0	1.4040000000000001	-1.4280000000000002
chr7	104208156	G	C	SRF_HUMAN	GM12878 (female B-cells),HepG2 (hepatoblastoma)	7.2402615942140285	0.0	2.037	
chr7	104208205	G	A	SRF_HUMAN	GM12878 (female B-cells)	7.158088592869729	0.0	2.072	-2.367
chr7	104208235	G	A	SRF_HUMAN	GM12878 (female B-cells)	4.418779563462574	0.0	1.778	-2.022
chr7	104208275	A	G	SRF_HUMAN	GM12878 (female B-cells)	2.3097009246338085	0.0	1.4580000000000002	-1.275
chr7	120334496	C	T	IKZF2_HUMAN,SRF_HUMAN	GM12878 (female B-cells)	1.4011599984414604	0.0	1.172	-1.19
chr7	127651950	C	T	RFOX2_HUMAN,PRDM1_HUMAN,GABPA_HUMAN,MAFG_HUMAN,ELF1_HUMAN,MYB_HUMAN,NR2C1_HUMAN,IKZF1_HUMAN,SRF_HUMAN,ZN622_HUMAN,LMBL2_HUMAN,ELK1_HUMAN,THA11_HUMAN,TFE3_HUMAN,GABP1_HUMAN,NR2C2_HUMAN,STAT1_HUMAN,CREM_HUMAN,ZN143_HUMAN,AFF1_HUMAN,ZN394_HUMAN	MCF7 (Invasive ductal breast carcinoma),CD14+ monocytes,GM12878 (female B-cells),HEK293 (embryonic kidney),HepG2 (hepatoblastoma),hMADS-3 (adipose-derived stem cells),Jurkat (T-cells),K562 (myelogenous leukemia)	2.286873941363031	0.0	1.389	-0.752
chr7	127651967	G	A	RFOX2_HUMAN,GABPA_HUMAN,MAFG_HUMAN,ELF1_HUMAN,HCFC1_HUMAN,NR2C1_HUMAN,IKZF1_HUMAN,FOXK2_HUMAN,SRF_HUMAN,ZN622_HUMAN,THA11_HUMAN,TFE3_HUMAN,GABP1_HUMAN,NR2C2_HUMAN,NRF1_HUMAN,CREM_HUMAN,ZN143_HUMAN,AFF1_HUMAN,ZN394_HUMAN	MCF7 (Invasive ductal breast carcinoma),GM12878 (female B-cells),HEK293 (embryonic kidney),HepG2 (hepatoblastoma),K562 (myelogenous leukemia),periferal blood macrophages,liver	3.224881653502456	0.0	1.6640000000000001	
chr7	129095402	A	G	ZBT40_HUMAN,GABPA_HUMAN,ZNF24_HUMAN,ELF1_HUMAN,MYB_HUMAN,IKZF1_HUMAN,IKZF2_HUMAN,ZN687_HUMAN,MTA2_HUMAN,NFAC3_HUMAN,SRF_HUMAN,MEF2B_HUMAN,SPI1_HUMAN,RUNX3_HUMAN	GM12878 (female B-cells),Jurkat (T-cells),periferal blood macrophages	7.476359814215432	0.0	1.633	
chr7	131072170	C	G	SRF_HUMAN,ELK1_HUMAN	MCF7 (Invasive ductal breast carcinoma)	2.1480205631684606	0.0	1.5430000000000001	
chr7	131124170	C	T	TRI22_HUMAN,SRF_HUMAN	GM12878 (female B-cells)	0.0	1.5290225551571919	-0.175	1.15
chr7	132079079	G	A	SRF_HUMAN	GM12878 (female B-cells)	1.898910780465441	0.0	0.879	-1.0759999999999998
chr7	150786424	A	G	SRF_HUMAN	GM12878 (female B-cells)	3.0303869867844626	0.0	1.3840000000000001	-1.556
chr7	151350056	G	A	CREB1_HUMAN,SRF_HUMAN	22RV1 (prostate carcinoma),HepG2 (hepatoblastoma)	2.444551684416737	0.0	0.953	-0.374
chr8	7091981	G	C	RAD21_HUMAN,CTCF_HUMAN,SMC3_HUMAN,SRF_HUMAN	HUES64 (embryonic stem cells),spleen,pancreas,heart left ventricle,gastrocnemius medialis,Peyer's patch,esophagus squamous epithelium,adrenal gland,prostate gland,neural cell,upper lobe of left lung,RWPE2	2.9138580924404	0.0	0.705	-0.747
chr8	11800412	G	C	FOXA2_HUMAN,KDM1A_HUMAN,ELF1_HUMAN,SOX13_HUMAN,CEBPG_HUMAN,IKZF1_HUMAN,IKZF2_HUMAN,SRF_HUMAN	GM12878 (female B-cells),HepG2 (hepatoblastoma),K562 (myelogenous leukemia)	2.058475358815727	0.0	1.295	-1.317
chr8	26626548	T	G	SRF_HUMAN	GM12878 (female B-cells)	2.3612565157439023	0.0	1.421	
chr8	38459331	C	T	SRF_HUMAN	GM12878 (female B-cells)	0.0	1.3424285687826956	-1.157	1.27
chr8	40174662	A	T	EP300_HUMAN,RAD21_HUMAN,SMC3_HUMAN,ANDR_HUMAN,JUN_HUMAN,BCL3_HUMAN,PKNX1_HUMAN,IKZF1_HUMAN,IKZF2_HUMAN,MTA2_HUMAN,SRF_HUMAN	A549 (lung carcinoma),GM12878 (female B-cells),LHSAR (prostate epithelial cells)	1.4478852101774846	0.0	0.711	0.047
chr8	63028403	C	T	SRF_HUMAN	GM12878 (female B-cells)	0.0	4.851421526688738	-2.061	1.8419999999999999
chr8	80992183	G	A	RAD21_HUMAN,SRF_HUMAN	MCF7 (Invasive ductal breast carcinoma),HUES64 (embryonic stem cells),erythroid cells	3.57326757152795	0.0	1.111	-0.629
chr8	80992184	C	T	RAD21_HUMAN,SRF_HUMAN	MCF7 (Invasive ductal breast carcinoma),HUES64 (embryonic stem cells),epidermal keratinocytes,erythroid cells	3.2700026882517634	0.0	1.072	-0.606
chr8	101301659	T	G	RAD21_HUMAN,ELF1_HUMAN,SRF_HUMAN,ZFHX2_HUMAN,SCRT2_HUMAN	A549 (lung carcinoma),GM12878 (female B-cells),HEK293 (embryonic kidney)	0.045178180413888436	6.082690297740639	0.02	0.899
chr8	102536196	G	C	COT1_HUMAN,MTA2_HUMAN,SRF_HUMAN,ARNT_HUMAN,MEF2B_HUMAN,ATF7_HUMAN	GM12878 (female B-cells)	1.7923001883641532	0.0	1.2429999999999999	-0.9890000000000001
chr8	102906237	G	A	SRF_HUMAN	MCF7 (Invasive ductal breast carcinoma)	0.0	1.518729326342679	-0.6459999999999999	1.141
chr8	104589400	C	G	GATA3_HUMAN,CREB1_HUMAN,HCFC1_HUMAN,SMCA4_HUMAN,IKZF1_HUMAN,SRF_HUMAN,MAZ_HUMAN,ENL_HUMAN,ZN444_HUMAN,KDM5B_HUMAN	MCF7 (Invasive ductal breast carcinoma),K562 (myelogenous leukemia)	1.997656771382068	0.0	1.214	-1.7209999999999999
chr8	111883374	C	T	SRF_HUMAN	GM12878 (female B-cells)	0.0	1.5443402555709806	-1.173	1.338
chr8	129836231	G	A	SRF_HUMAN	GM12878 (female B-cells)	2.3612565157439023	0.0	1.469	-1.3319999999999999
chr8	136423917	C	A	SRF_HUMAN	GM12878 (female B-cells)	1.6252102505964736	0.0	0.426	
chr9	4559775	C	T	PKNX1_HUMAN,IKZF1_HUMAN,IKZF2_HUMAN,SRF_HUMAN	GM12878 (female B-cells)	0.0	1.622439079451669	-1.112	1.273
chr9	38390243	A	C	IKZF1_HUMAN,ZN687_HUMAN,SRF_HUMAN	GM12878 (female B-cells)	0.0	5.467874543474912	-2.254	1.911
chr9	40992306	C	A	ESR1_HUMAN,CTCF_HUMAN,ZFX_HUMAN,SMAD1_HUMAN,KAISO_HUMAN,PKNX1_HUMAN,BHE40_HUMAN,IKZF2_HUMAN,BACH1_HUMAN,SRF_HUMAN,MEF2B_HUMAN,ZN622_HUMAN,GABP1_HUMAN,STAT1_HUMAN,KLF5_HUMAN,ERG_HUMAN,SPI1_HUMAN,TBP_HUMAN	VCaP (prostate carcinoma),DOHH2 (diffuse large B-cell lymphoma),GM12878 (female B-cells),HCT-116 (colon carcinoma),HepG2 (hepatoblastoma),monocyte-derived dendritic cells,spleen,SK-N-SH (neuroblastoma),pancreas,IPSC-derived bipolar neuron,breast tumor tissue,heart left ventricle,gastrocnemius medialis,Peyer's patch,bipolar neuron,esophagus squamous epithelium,ovary,right lobe of liver,gastroesophageal sphincter,vagina,transverse colon,uterus,epithelial cell of prostate,esophagus muscularis mucosa,adrenal gland,coronary artery,tibial nerve,upper lobe of left lung,foreskin keratinocyte	2.2550653957993885	0.0	1.482	-1.364
chr9	96317556	C	T	CTCF_HUMAN,SRF_HUMAN,ZBTB2_HUMAN	MCF7 (Invasive ductal breast carcinoma),COLO-829 (melanoma),keratinocytes,GM12878 (female B-cells),D54 (glioblastoma),HUES64 (embryonic stem cells),HUVEC (umbilical vein endothelial cells),MM1.S (plasma cell myeloma),spleen,normal epidermal keratinocytes,foreskin keratinocyte	7.292818997539101	0.0	0.8759999999999999	0.27699999999999997
chr9	96317557	G	A	CTCF_HUMAN,SRF_HUMAN,ZBTB2_HUMAN	COLO-829 (melanoma),GM10266 (male B-cells),GM12878 (female B-cells),HUES64 (embryonic stem cells),MM1.S (plasma cell myeloma),spleen,SUM159PT (pleiomorphic breast carcinoma),foreskin keratinocyte	3.4876232363503887	0.0	0.873	0.273
chr9	111983591	T	C	SRF_HUMAN	GM12878 (female B-cells)	0.015066812577470307	1.518729326342679	-0.49700000000000005	0.409
chr9	112076854	G	A	NBN_HUMAN,IKZF1_HUMAN,IKZF2_HUMAN,ZN687_HUMAN,FOXK2_HUMAN,MTA2_HUMAN,SRF_HUMAN,RAD51_HUMAN,MEF2B_HUMAN,TBX21_HUMAN,ENL_HUMAN	GM12878 (female B-cells)	0.0	2.5533231797514095		1.6869999999999998
chrX	990427	G	T	ELF1_HUMAN,PKNX1_HUMAN,BHE40_HUMAN,IKZF1_HUMAN,IKZF2_HUMAN,SRF_HUMAN,RAD51_HUMAN,SP3_HUMAN,SP2_HUMAN,ZN398_HUMAN	GM12878 (female B-cells),HEK293 (embryonic kidney)	0.0	1.3145084826424325	-0.98	1.2309999999999999
chrX	13671626	C	T	IKZF2_HUMAN,MTA2_HUMAN,SRF_HUMAN,SKIL_HUMAN,MEF2B_HUMAN,TBX21_HUMAN	GM12878 (female B-cells)	2.3574844901202305	0.0	1.4509999999999998	-1.239
chrX	15034235	T	A	SRF_HUMAN	GM12878 (female B-cells)	0.0	3.202265255910018	-1.7619999999999998	1.6119999999999999
chrX	39724771	C	T	SRF_HUMAN	GM12878 (female B-cells)	3.7366875674576154	0.0	1.7890000000000001	-2.218
chrX	74292050	G	T	SRF_HUMAN	GM12878 (female B-cells)	0.0	1.3941644812166618	-1.358	1.355
chrX	119565435	T	A	ATF2_HUMAN,SRF_HUMAN	GM12878 (female B-cells)	4.756152403409708	0.0	0.7040000000000001	
