Chromosome	Position	Ref	Alt	ASB in transcription factors	ASB in cell types	STA5B_HUMAN_FDR_Ref	STA5B_HUMAN_FDR_Alt	STA5B_HUMAN_Effect_Size_Ref	STA5B_HUMAN_Effect_Size_Alt
chr1	11664651	T	C	STAT1_HUMAN,STA5B_HUMAN	CD14+ monocytes,CD8+ T-cells	2.7770899883439024	0.0	0.9490000000000001	-2.383
chr1	31926338	A	T	STA5B_HUMAN	CD8+ T-cells	1.5130276938363467	0.0	0.96	-0.415
chr1	40862628	A	C	RAD21_HUMAN,ESR1_HUMAN,STA5B_HUMAN	HEK293 (embryonic kidney),HepG2 (hepatoblastoma),CD8+ T-cells,breast tumor tissue	2.9447655227423333	0.0	0.951	-0.067
chr1	40862833	G	T	SCRT2_HUMAN,STA5B_HUMAN	HEK293T (embryonic kidney),CD8+ T-cells	0.0	2.400956010062644		1.6640000000000001
chr1	84863059	C	T	STA5B_HUMAN	CD8+ T-cells	1.3530318890096067	0.0	1.185	-1.084
chr1	108591069	T	C	STA5B_HUMAN	CD8+ T-cells	2.387367290425015	0.0	1.17	-0.478
chr1	203287672	T	G	CTCF_HUMAN,SPI1_HUMAN,SPIB_HUMAN,STA5B_HUMAN	GM12891 (male B-cells),monocyte-derived macrophages,OCI-LY10 (diffuse large B-cell lymphoma),OCI-LY3 (diffuse large B-cell lymphoma),periferal blood macrophages,CD8+ T-cells	0.01710555610757655	1.5050543288982157	0.16699999999999998	0.593
chr1	235011922	C	G	JUN_HUMAN,STA5B_HUMAN	CD8+ T-cells	0.0	1.501348234762676	-0.406	1.261
chr10	62048716	T	C	STA5B_HUMAN	CD8+ T-cells	2.311503117861292	0.0	1.128	-2.659
chr10	71749122	C	A	STA5B_HUMAN	CD8+ T-cells	1.5130276938363467	0.0	1.3459999999999999	-2.68
chr10	100509328	C	A	STA5B_HUMAN	CD8+ T-cells	2.387367290425015	0.0	1.258	-2.6839999999999997
chr10	103911004	G	A	STA5B_HUMAN	CD8+ T-cells	1.7381405723881045	0.0	1.3659999999999999	
chr2	203804164	G	C	STA5B_HUMAN	CD8+ T-cells	0.0	1.325343135914425	-1.8969999999999998	1.035
chr2	203804177	G	A	STA5B_HUMAN	CD8+ T-cells	1.4265374079658137	0.0	1.025	-2.204
chr2	224925019	T	C	STA5B_HUMAN	CD8+ T-cells	0.0	1.5093036592524405	-2.015	1.339
chr3	4831170	G	C	MYB_HUMAN,STAT1_HUMAN,STA5B_HUMAN	CD14+ monocytes,GM12878 (female B-cells),K562 (myelogenous leukemia),Th1-cells,CD8+ T-cells	2.062991013232365	0.0	1.423	-1.306
chr3	18650089	A	C	STA5B_HUMAN	CD8+ T-cells	1.3130435484694605	0.0	0.848	-0.33799999999999997
chr3	50611939	C	G	ESR1_HUMAN,ZFHX2_HUMAN,STA5B_HUMAN	CD8+ T-cells,breast tumor tissue	0.3052589617385214	2.480460100563516	0.32	1.5830000000000002
chr3	50612068	A	T	FOXK2_HUMAN,ZBT26_HUMAN,BC11B_HUMAN,STA5B_HUMAN	GM12878 (female B-cells),HEK293 (embryonic kidney),CD4+ T-cells,CD8+ T-cells,thymus-derived CD34- cells	0.0	1.9473723102820222	0.061	1.331
chr3	125141696	G	A	BC11B_HUMAN,STA5B_HUMAN	CD8+ T-cells,thymus-derived CD34+ cells,thymus-derived CD34- cells	3.666286880937787	0.0	1.252	
chr3	187737955	C	A	STA5B_HUMAN	HEK293 (embryonic kidney),CD8+ T-cells	2.387367290425015	0.0	1.3419999999999999	-2.303
chr6	31571990	C	T	STA5B_HUMAN	CD8+ T-cells	2.0825999273339955	0.0	0.7709999999999999	-2.189
chr6	31571991	A	G	STA5B_HUMAN	CD8+ T-cells	0.0	1.325343135914425	-2.056	1.2409999999999999
chr6	130626243	G	A	STA5B_HUMAN	GM12878 (female B-cells),CD8+ T-cells	1.3130435484694605	0.0	0.981	
