Chromosome	Position	Ref	Alt	ASB in transcription factors	ASB in cell types	TFAP4_HUMAN_FDR_Ref	TFAP4_HUMAN_FDR_Alt	TFAP4_HUMAN_Effect_Size_Ref	TFAP4_HUMAN_Effect_Size_Alt
chr1	16645453	C	G	EP300_HUMAN,RFOX2_HUMAN,RAD21_HUMAN,RXRA_HUMAN,SKI_HUMAN,CEBPB_HUMAN,CTCF_HUMAN,BCL6_HUMAN,ZBT7A_HUMAN,VEZF1_HUMAN,HNF4A_HUMAN,MAX_HUMAN,COT2_HUMAN,GABPA_HUMAN,SP1_HUMAN,TAF1_HUMAN,ATF1_HUMAN,CREB1_HUMAN,KDM5A_HUMAN,HDAC2_HUMAN,SOX13_HUMAN,TFAP4_HUMAN,CEBPG_HUMAN,COT1_HUMAN,ZN622_HUMAN,HBP1_HUMAN,THB_HUMAN,RXRB_HUMAN,SOX5_HUMAN,THA11_HUMAN,RARA_HUMAN,MIER2_HUMAN,ZBT26_HUMAN,NR2F6_HUMAN,MAD4_HUMAN,FOXA3_HUMAN,ZGPAT_HUMAN,NFYC_HUMAN,ARI4B_HUMAN,KLF11_HUMAN,ZNF48_HUMAN,SMAD4_HUMAN,TFE3_HUMAN,TEAD3_HUMAN,ELF3_HUMAN,NFIL3_HUMAN,RFXK_HUMAN,CEBPA_HUMAN,NC2A_HUMAN,SP130_HUMAN,ERF_HUMAN,GABP1_HUMAN,ETV4_HUMAN,CREM_HUMAN,FOXO3_HUMAN,USF1_HUMAN,MBD4_HUMAN	MCF7 (Invasive ductal breast carcinoma),keratinocytes,GM12878 (female B-cells),HEK293 (embryonic kidney),HepG2 (hepatoblastoma),liver,neural cell	2.160871300229926	0.0	0.8029999999999999	-0.268
chr1	23825506	C	A	TFAP4_HUMAN,KMT2A_HUMAN,USF1_HUMAN	HEK293T (embryonic kidney),MCF7 (Invasive ductal breast carcinoma),HEK293 (embryonic kidney),HepG2 (hepatoblastoma),K562 (myelogenous leukemia),fetal bone marrow-derived mononuclear cells	0.0	1.3498209378695931	0.44799999999999995	1.011
chr1	24745177	A	G	TFAP4_HUMAN	SNU175 (adenocarcinoma)	4.298088524527972	0.0	1.865	-2.1590000000000003
chr1	41003665	T	C	GATA1_HUMAN,HDAC2_HUMAN,TFAP4_HUMAN,FOXK2_HUMAN,HES1_HUMAN	CD34+ hematopoietic stem cells-derived proerythroblasts,K562 (myelogenous leukemia)	1.8408990517763517	0.0	0.807	-0.68
chr1	86982219	C	T	SOX13_HUMAN,TFAP4_HUMAN,SOX5_HUMAN	HepG2 (hepatoblastoma)	0.0	3.336647133120138	-1.599	1.636
chr1	150579566	G	A	RAD21_HUMAN,FOXA1_HUMAN,JUN_HUMAN,BCL3_HUMAN,TFAP4_HUMAN,STAT1_HUMAN,BC11B_HUMAN	A549 (lung carcinoma),CD14+ monocytes,COLO-320 (colon adenocarcinoma),HEK293 (embryonic kidney),thymus-derived CD34- cells	2.1890162204587176	0.020344471843407028	0.682	-0.022000000000000002
chr1	182045500	C	T	TFAP4_HUMAN	SNU175 (adenocarcinoma)	1.4162550663744256	0.0	1.275	-1.196
chr1	182389809	G	A	EP300_HUMAN,ANDR_HUMAN,FOXA1_HUMAN,TFAP4_HUMAN	LNCaP (prostate carcinoma),LNCaP C4-2 (prostate carcinoma),HEK293 (embryonic kidney),SNU175 (adenocarcinoma),upper lobe of left lung	1.3895433390891718	0.0	1.051	-0.385
chr1	225767970	G	A	ESR1_HUMAN,BCL6_HUMAN,FOXA2_HUMAN,SOX13_HUMAN,TFAP4_HUMAN,RXRB_HUMAN,P66A_HUMAN,TEAD1_HUMAN,NR2F6_HUMAN,TEAD3_HUMAN,NFIL3_HUMAN,ETV5_HUMAN,SP130_HUMAN	HepG2 (hepatoblastoma),breast tumor tissue	2.7374935623577574	0.0	1.653	
chr10	22316469	C	G	TFAP4_HUMAN,FOXK2_HUMAN	COLO-320 (colon adenocarcinoma),GM12878 (female B-cells),HepG2 (hepatoblastoma)	0.0	1.6205424153168322	-0.424	1.248
chr10	30488272	C	T	TFAP4_HUMAN	Kasumi-1 (acute myeloblastic leukemia)	1.584590467063999	0.0	1.4480000000000002	
chr10	30542458	A	G	NFIC_HUMAN,FOXA1_HUMAN,SOX13_HUMAN,TFAP4_HUMAN,MGAP_HUMAN,PBX2_HUMAN,LMBL2_HUMAN,STAT1_HUMAN,MEIS2_HUMAN,HDAC1_HUMAN	LNCaP (prostate carcinoma),CD14+ monocytes,GM12878 (female B-cells),HepG2 (hepatoblastoma),K562 (myelogenous leukemia)	1.5566070590073477	0.0	1.383	-0.39
chr10	30542525	G	A	PRGR_HUMAN,MAFG_HUMAN,CREB1_HUMAN,TFAP4_HUMAN,MGAP_HUMAN,RAD51_HUMAN,LMBL2_HUMAN,MEIS2_HUMAN,ZN316_HUMAN	HepG2 (hepatoblastoma),K562 (myelogenous leukemia)	1.3032679238952771	0.0	0.996	
chr10	43185803	G	T	TFAP4_HUMAN	COLO-320 (colon adenocarcinoma)	1.3475955229304313	0.0	1.355	-1.206
chr10	45421465	C	G	TFAP4_HUMAN	Kasumi-1 (acute myeloblastic leukemia)	0.0	1.6983402630175528	-2.346	1.653
chr10	102743702	T	A	MNT_HUMAN,TFAP4_HUMAN,ARNT_HUMAN,SIX5_HUMAN	A549 (lung carcinoma),VCaP (prostate carcinoma),GM12878 (female B-cells),HCT-116 (colon carcinoma)	1.3540016873487424	0.0	0.8540000000000001	-0.53
chr10	103630364	T	C	TFAP4_HUMAN	Kasumi-1 (acute myeloblastic leukemia)	2.137993266015731	0.0	1.62	
chr11	62832260	C	T	TFAP4_HUMAN	Kasumi-1 (acute myeloblastic leukemia)	0.0	1.5494827371948026		1.239
chr12	132507015	C	T	TFAP4_HUMAN	Kasumi-1 (acute myeloblastic leukemia)	0.0	2.1469798551064474	-1.578	1.52
chr13	23179740	C	T	TFAP4_HUMAN	COLO-320 (colon adenocarcinoma)	0.0	1.3703083546662571	-2.68	1.4580000000000002
chr14	89293169	C	T	TFAP4_HUMAN,TF65_HUMAN	Kasumi-1 (acute myeloblastic leukemia),monocyte-derived macrophages	0.0	1.6205424153168322	-1.4380000000000002	1.29
chr15	90402643	A	G	TFAP4_HUMAN	Kasumi-1 (acute myeloblastic leukemia),HEK293 (embryonic kidney)	0.0	1.4744826934161779	-1.285	1.232
chr17	2960436	T	C	RAD21_HUMAN,SMC3_HUMAN,GCR_HUMAN,ZIC2_HUMAN,JUN_HUMAN,BCL3_HUMAN,TFAP4_HUMAN	A549 (lung carcinoma),HEK293 (embryonic kidney),SNU175 (adenocarcinoma)	0.09368823387141226	3.3189623046222203	-0.1	0.809
chr17	38482303	C	T	FOXA2_HUMAN,TFAP4_HUMAN	HepG2 (hepatoblastoma)	2.1688638420192823	0.0	1.1640000000000001	-1.178
chr17	49191944	C	G	CTCF_HUMAN,TFAP4_HUMAN,AHR_HUMAN	MCF7 (Invasive ductal breast carcinoma),COLO-320 (colon adenocarcinoma),foreskin keratinocyte	12.633305627627754	0.08477896311300734	1.619	0.07
chr17	68457876	G	T	TFAP4_HUMAN,KMT2A_HUMAN	fetal bone marrow-derived mononuclear cells	0.0	1.3703083546662571	-0.799	1.263
chr17	74193451	A	T	TFAP4_HUMAN	Kasumi-1 (acute myeloblastic leukemia),periferal blood macrophages	0.0	1.6983402630175528	-2.398	1.6340000000000001
chr17	74778538	C	G	TFAP4_HUMAN	Kasumi-1 (acute myeloblastic leukemia)	0.0	1.4815381683075537	-1.367	1.4140000000000001
chr17	75046587	G	A	TFAP4_HUMAN	HepG2 (hepatoblastoma)	0.0	1.4183341892498447	-0.43	0.898
chr19	4842711	C	T	TFAP4_HUMAN	HepG2 (hepatoblastoma)	1.584590467063999	0.0	1.453	-1.881
chr19	11197621	C	T	TFAP4_HUMAN	COLO-320 (colon adenocarcinoma),K562 (myelogenous leukemia)	0.0	1.6205424153168322	-1.29	1.331
chr19	55334018	A	G	TFAP4_HUMAN	HT29 (colon adenocarcinoma),K562 (myelogenous leukemia),SNU175 (adenocarcinoma)	1.531732972388019	0.0	1.097	-0.961
chr2	6204403	A	G	TFAP4_HUMAN	COLO-320 (colon adenocarcinoma)	0.0	1.422570023442392	-1.337	1.383
chr2	27380806	G	A	CREB1_HUMAN,MNT_HUMAN,TFAP4_HUMAN,COT1_HUMAN,GABP1_HUMAN,STAT1_HUMAN	CD14+ monocytes,cranial neural crest cells,HepG2 (hepatoblastoma),K562 (myelogenous leukemia)	0.0	7.977369447262115	-0.083	1.341
chr2	47069943	C	T	TFAP4_HUMAN,TEAD1_HUMAN,TEAD3_HUMAN	HepG2 (hepatoblastoma)	2.0186909522963985	0.0	1.7309999999999999	
chr2	127408065	C	A	ESR1_HUMAN,TFAP4_HUMAN,STAT1_HUMAN	CD14+ monocytes,COLO-320 (colon adenocarcinoma),breast tumor tissue	0.0	3.871373223402152		1.9280000000000002
chr2	176125811	G	C	TFAP4_HUMAN	COLO-320 (colon adenocarcinoma)	2.689581145316966	0.0	1.744	
chr2	182522885	T	C	TFAP4_HUMAN,PRD10_HUMAN	Kasumi-1 (acute myeloblastic leukemia)	0.0	1.5494827371948026	-1.671	1.413
chr2	199229270	A	G	TFAP4_HUMAN	Kasumi-1 (acute myeloblastic leukemia)	1.953907380226213	0.0	1.517	-1.7530000000000001
chr20	17863848	G	T	RAD21_HUMAN,RXRA_HUMAN,SKI_HUMAN,SUH_HUMAN,HNF4A_HUMAN,MAX_HUMAN,GABPA_HUMAN,SP1_HUMAN,FOXA2_HUMAN,CREB1_HUMAN,ZNF24_HUMAN,TFAP4_HUMAN,CEBPG_HUMAN,HLF_HUMAN,HM20A_HUMAN,HOMEZ_HUMAN,RXRB_HUMAN,RCOR2_HUMAN,SOX5_HUMAN,THA11_HUMAN,RARA_HUMAN,P66A_HUMAN,ZN580_HUMAN,GATD1_HUMAN,ZBT26_HUMAN,NR2F6_HUMAN,FOXA3_HUMAN,ZGPAT_HUMAN,ARI4B_HUMAN,ZNF48_HUMAN,SMAD4_HUMAN,KAT8_HUMAN,TFE3_HUMAN,TEAD3_HUMAN,SP5_HUMAN,KLF16_HUMAN,ELF3_HUMAN,DMAP1_HUMAN,NFIL3_HUMAN,CEBPA_HUMAN,IRF2_HUMAN,ETV5_HUMAN,FOXP1_HUMAN,ERF_HUMAN,CREM_HUMAN,TBX3_HUMAN	HepG2 (hepatoblastoma),liver	3.0244776118882526	0.0	1.1909999999999998	-1.012
chr20	31605268	A	C	TFAP4_HUMAN,FOXK2_HUMAN,ZBT26_HUMAN	MCF7 (Invasive ductal breast carcinoma),GM12878 (female B-cells),HepG2 (hepatoblastoma),neural cell	0.0	2.1469798551064474	-1.932	1.635
chr20	31605307	T	C	ESR1_HUMAN,TFAP4_HUMAN,FOXK2_HUMAN	MCF7 (Invasive ductal breast carcinoma),GM12878 (female B-cells),HepG2 (hepatoblastoma),K562 (myelogenous leukemia),breast tumor tissue,neural cell	1.9474395920793157	0.0	1.381	-0.34700000000000003
chr20	34704323	G	C	AP2A_HUMAN,CREB1_HUMAN,TFAP4_HUMAN,ZN629_HUMAN	LNCaP (prostate carcinoma),MCF7 (Invasive ductal breast carcinoma),cranial neural crest cells,HEK293 (embryonic kidney),HepG2 (hepatoblastoma),K562 (myelogenous leukemia)	0.0	1.4104098514148766	-1.304	1.35
chr3	36993455	G	A	ESR1_HUMAN,TFAP4_HUMAN,BHE40_HUMAN	A549 (lung carcinoma),GM12878 (female B-cells),SNU175 (adenocarcinoma),breast tumor tissue,upper lobe of left lung	2.5301970816140233	0.012388882966481265	1.673	-0.135
chr3	41352679	T	C	TFAP4_HUMAN	Kasumi-1 (acute myeloblastic leukemia),periferal blood macrophages	0.0	1.5577876888466062	-1.3869999999999998	1.391
chr3	41352727	T	C	TFAP4_HUMAN,SPI1_HUMAN	Kasumi-1 (acute myeloblastic leukemia),periferal blood macrophages	0.0	1.422570023442392		1.29
chr3	161221353	C	T	ZFX_HUMAN,CREB1_HUMAN,PKNX1_HUMAN,TFAP4_HUMAN,MAZ_HUMAN,Z512B_HUMAN,CHD1_HUMAN	HEK293T (embryonic kidney),MCF7 (Invasive ductal breast carcinoma),MCF-7 C4-12 (invasive breast ductal carcinoma),COLO-320 (colon adenocarcinoma)	0.0	7.73071667011971	-0.201	1.604
chr4	10019133	A	G	ZFX_HUMAN,MNT_HUMAN,ELF1_HUMAN,TFAP4_HUMAN,SMCA4_HUMAN,ATF7_HUMAN,HDAC1_HUMAN	Kasumi-1 (acute myeloblastic leukemia),LNCaP C4-2B (prostate carcinoma),GM12878 (female B-cells),K562 (myelogenous leukemia)	0.0	1.9994741388227886		1.611
chr4	54539781	A	G	TFAP4_HUMAN	Kasumi-1 (acute myeloblastic leukemia),adrenal gland	0.0	1.6205424153168322		1.6030000000000002
chr6	158799265	T	C	FOXA2_HUMAN,TFAP4_HUMAN,FOXK2_HUMAN,RARA_HUMAN,SMAD4_HUMAN,SP130_HUMAN	HepG2 (hepatoblastoma)	0.0	5.6665375589337845	-0.36200000000000004	2.016
chr6	158799336	C	T	RAD21_HUMAN,HNF4A_HUMAN,FOXA2_HUMAN,TFAP4_HUMAN,FOXK2_HUMAN,SOX5_HUMAN,RARA_HUMAN,NFIA_HUMAN,FOXA3_HUMAN,SMAD4_HUMAN,CEBPA_HUMAN,SP130_HUMAN	HepG2 (hepatoblastoma),liver,pancreas	0.07426538171496212	2.2960944814325495	0.027000000000000003	1.261
chr7	30678844	T	C	TFAP4_HUMAN	Kasumi-1 (acute myeloblastic leukemia)	1.531732972388019	0.0	1.42	-1.258
chr7	55178024	G	A	ESR1_HUMAN,ANDR_HUMAN,SOX13_HUMAN,TFAP4_HUMAN,NFIA_HUMAN,SMAD4_HUMAN	HepG2 (hepatoblastoma),breast tumor tissue	2.9635610515314332	0.0	1.742	
chr7	75618011	C	T	SKI_HUMAN,TFAP4_HUMAN,TFE2_HUMAN	Kasumi-1 (acute myeloblastic leukemia),U937 (adult acute monocytic leukemia),HepG2 (hepatoblastoma),HL-60 (acute myeloid leukemia),Kasumi-1 (childhood acute myeloid leukemia with maturation)	0.05960144848550196	3.862643677329179	1.069	1.851
chr7	87366606	T	C	TFAP4_HUMAN	COLO-320 (colon adenocarcinoma)	1.584590467063999	0.0	1.308	
chr7	158856589	T	C	TYY1_HUMAN,TFAP4_HUMAN,FOXK2_HUMAN,THA11_HUMAN,NRF1_HUMAN,BC11B_HUMAN	HEK293T (embryonic kidney),GM12878 (female B-cells),H1 (embryonic stem cells),HEK293 (embryonic kidney),HepG2 (hepatoblastoma),mammary epithelial cells,liver,thymus-derived CD34- cells	1.5458947600897155	0.0	1.12	-0.475
chr7	158856613	T	C	MAX_HUMAN,TFAP4_HUMAN,FOXK2_HUMAN,NRF1_HUMAN,PRDM9_HUMAN	HEK293T (embryonic kidney),GM12878 (female B-cells),HEK293 (embryonic kidney),HepG2 (hepatoblastoma),mammary epithelial cells	2.149637631251758	0.006299061089202305	0.733	-0.052000000000000005
chr8	30744100	C	T	ESR1_HUMAN,TFAP4_HUMAN	breast tumor tissue	2.205824827541333	0.0	1.51	-1.2990000000000002
chr8	120861608	C	T	NFIC_HUMAN,CEBPB_HUMAN,BCL6_HUMAN,SUH_HUMAN,TFAP4_HUMAN,HLF_HUMAN,TBX21_HUMAN	HepG2 (hepatoblastoma),Ishikawa (endometrial adenocarcinoma),SUM159PT (pleiomorphic breast carcinoma),Th1-cells	2.766781973059763	0.0	1.321	-1.018
chr9	7163938	C	T	TFAP4_HUMAN	COLO-320 (colon adenocarcinoma)	0.0	1.6205424153168322		1.403
