Chromosome	Position	Ref	Alt	ASB in transcription factors	ASB in cell types	TFE3_HUMAN_FDR_Ref	TFE3_HUMAN_FDR_Alt	TFE3_HUMAN_Effect_Size_Ref	TFE3_HUMAN_Effect_Size_Alt
chr1	16645367	A	G	SKI_HUMAN,ZFX_HUMAN,SUH_HUMAN,SOX13_HUMAN,CEBPG_HUMAN,ATF2_HUMAN,RXRB_HUMAN,SOX5_HUMAN,THA11_HUMAN,ZN580_HUMAN,GATD1_HUMAN,MIER2_HUMAN,ZBT26_HUMAN,NFIA_HUMAN,ZNF48_HUMAN,SMAD4_HUMAN,TFE3_HUMAN,MAD3_HUMAN,HM20B_HUMAN,ZF64A_HUMAN,KLF16_HUMAN,DMAP1_HUMAN,CEBPA_HUMAN,IRF2_HUMAN,SP130_HUMAN,ERF_HUMAN,AHR_HUMAN,KDM6A_HUMAN,ZN335_HUMAN,GLIS2_HUMAN,ASCL1_HUMAN	HEK293T (embryonic kidney),MCF7 (Invasive ductal breast carcinoma),GM12878 (female B-cells),HCT-116 (colon carcinoma),HEK293 (embryonic kidney),HepG2 (hepatoblastoma),G523NS (glioblastoma)	3.1885229712511864	0.0	1.405	-1.577
chr1	16645453	C	G	EP300_HUMAN,RFOX2_HUMAN,RAD21_HUMAN,RXRA_HUMAN,SKI_HUMAN,CEBPB_HUMAN,CTCF_HUMAN,BCL6_HUMAN,ZBT7A_HUMAN,VEZF1_HUMAN,HNF4A_HUMAN,MAX_HUMAN,COT2_HUMAN,GABPA_HUMAN,SP1_HUMAN,TAF1_HUMAN,ATF1_HUMAN,CREB1_HUMAN,KDM5A_HUMAN,HDAC2_HUMAN,SOX13_HUMAN,TFAP4_HUMAN,CEBPG_HUMAN,COT1_HUMAN,ZN622_HUMAN,HBP1_HUMAN,THB_HUMAN,RXRB_HUMAN,SOX5_HUMAN,THA11_HUMAN,RARA_HUMAN,MIER2_HUMAN,ZBT26_HUMAN,NR2F6_HUMAN,MAD4_HUMAN,FOXA3_HUMAN,ZGPAT_HUMAN,NFYC_HUMAN,ARI4B_HUMAN,KLF11_HUMAN,ZNF48_HUMAN,SMAD4_HUMAN,TFE3_HUMAN,TEAD3_HUMAN,ELF3_HUMAN,NFIL3_HUMAN,RFXK_HUMAN,CEBPA_HUMAN,NC2A_HUMAN,SP130_HUMAN,ERF_HUMAN,GABP1_HUMAN,ETV4_HUMAN,CREM_HUMAN,FOXO3_HUMAN,USF1_HUMAN,MBD4_HUMAN	MCF7 (Invasive ductal breast carcinoma),keratinocytes,GM12878 (female B-cells),HEK293 (embryonic kidney),HepG2 (hepatoblastoma),liver,neural cell	2.160871300229926	0.0	0.8029999999999999	-0.268
chr1	63523233	G	A	ZFX_HUMAN,MAX_HUMAN,GABPA_HUMAN,MNT_HUMAN,E2F1_HUMAN,SIN3B_HUMAN,LMBL2_HUMAN,ZBT26_HUMAN,TFE3_HUMAN,TEAD3_HUMAN,MXI1_HUMAN,GLIS1_HUMAN,MYC_HUMAN,MYCN_HUMAN,KDM5B_HUMAN	HEK293T (embryonic kidney),LNCaP (prostate carcinoma),VCaP (prostate carcinoma),MCF7 (Invasive ductal breast carcinoma),H1 (embryonic stem cells),NCI-H2171 (small cell lung carcinoma),HEK293 (embryonic kidney),HepG2 (hepatoblastoma),Ishikawa (endometrial adenocarcinoma),SK-N-SH (neuroblastoma),Tet21N (neuroblastoma),liver,MDA231-LM2-4175 (breast adenocarcinoma),neural cell	0.0	1.7100983371689946	0.506	0.529
chr1	67513990	G	C	FOXA2_HUMAN,SOX13_HUMAN,RARA_HUMAN,TFE3_HUMAN	HepG2 (hepatoblastoma)	2.5584217167107943	0.0	0.9940000000000001	-1.253
chr1	212242736	C	T	BCL6_HUMAN,FOXA2_HUMAN,SOX13_HUMAN,SOX5_HUMAN,RARA_HUMAN,FOXA3_HUMAN,SMAD4_HUMAN,TFE3_HUMAN,ETV5_HUMAN,FOXP1_HUMAN	HepG2 (hepatoblastoma)	0.0	1.3661952161973723	-1.629	1.3330000000000002
chr12	24911665	G	A	THB_HUMAN,TEAD1_HUMAN,TFE3_HUMAN,TEAD3_HUMAN	HepG2 (hepatoblastoma)	0.0	2.2461609081203524	-1.64	1.4809999999999999
chr12	124940075	G	A	CTCF_HUMAN,MAX_HUMAN,MNT_HUMAN,MGAP_HUMAN,SMCA4_HUMAN,BHE40_HUMAN,FOXK2_HUMAN,LMBL2_HUMAN,TFE3_HUMAN,GLIS1_HUMAN,ZN600_HUMAN,FEZF1_HUMAN,ZN407_HUMAN,HDAC1_HUMAN,MYCN_HUMAN,HIF1A_HUMAN,HIF3A_HUMAN	T47D (invasive ductal carcinoma),MCF7 (Invasive ductal breast carcinoma),HEK293 (embryonic kidney),HepG2 (hepatoblastoma),K562 (myelogenous leukemia),Tet21N (neuroblastoma),foreskin keratinocyte	0.0	1.4323412343679789	0.027000000000000003	0.8440000000000001
chr13	20953515	A	G	TFE3_HUMAN	HepG2 (hepatoblastoma)	1.6797756579225853	0.0	1.5030000000000001	-1.8719999999999999
chr15	75758507	A	G	CTCF_HUMAN,KDM1A_HUMAN,IKZF2_HUMAN,ZBT11_HUMAN,KAT8_HUMAN,TFE3_HUMAN,ETV5_HUMAN,GABP1_HUMAN,BCL6B_HUMAN,ZN366_HUMAN,ZN394_HUMAN	HEK293T (embryonic kidney),MCF7 (Invasive ductal breast carcinoma),GM12878 (female B-cells),HEK293 (embryonic kidney),HepG2 (hepatoblastoma),K562 (myelogenous leukemia),spleen,RH4 (alveolar rhabdomyosarcoma),Peyer's patch,testis,epithelial cell of prostate,prostate gland	0.0	2.0230445760830587	0.99	1.0590000000000002
chr15	77944587	A	G	SKI_HUMAN,AP2A_HUMAN,ZBT40_HUMAN,GABPA_HUMAN,NR2C1_HUMAN,THA11_HUMAN,KAT8_HUMAN,TFE3_HUMAN,TEAD3_HUMAN,ELF3_HUMAN,ETV5_HUMAN,GABP1_HUMAN	cranial neural crest cells,HepG2 (hepatoblastoma),K562 (myelogenous leukemia),liver	3.0406206724460327	0.0	1.5859999999999999	
chr16	46948904	G	C	BCL6_HUMAN,MNT_HUMAN,TFE3_HUMAN	HepG2 (hepatoblastoma)	2.377952912824988	0.0	1.538	
chr16	68236326	T	C	TFE3_HUMAN	HepG2 (hepatoblastoma)	0.0	1.3844066259115486	-1.321	1.482
chr16	70251998	A	G	BCL6_HUMAN,SIN3A_HUMAN,JUN_HUMAN,CREB1_HUMAN,ZNF24_HUMAN,TFE3_HUMAN,SP130_HUMAN,ERF_HUMAN,ZN143_HUMAN,TF65_HUMAN,KMT2A_HUMAN	HEK293T (embryonic kidney),A549 (lung carcinoma),MCF7 (Invasive ductal breast carcinoma),GM12873 (female B-cells),GM12878 (female B-cells),HEK293 (embryonic kidney),HepG2 (hepatoblastoma),MM1.S (plasma cell myeloma),fetal bone marrow-derived mononuclear cells,foreskin keratinocyte	0.0	1.434496407616784	-1.216	1.4609999999999999
chr17	64919496	A	T	CTCF_HUMAN,EGR1_HUMAN,ATF1_HUMAN,E2F1_HUMAN,RXRB_HUMAN,ZN580_HUMAN,NR2F6_HUMAN,TFE3_HUMAN,DMAP1_HUMAN,FOXP1_HUMAN,SP130_HUMAN,NRF1_HUMAN,BC11B_HUMAN,SNAI2_HUMAN	LNCaP (prostate carcinoma),keratinocytes,H9 (embryonic stem cells),human cardiac myocytes,HEK293 (embryonic kidney),HepG2 (hepatoblastoma),K562 (myelogenous leukemia),MCF10A (breast epithelial cells),OCI-LY7 (diffuse large B-cell lymphoma),neural progenitors,hepatocytes,pancreas,neutrophils,thymus-derived CD34- cells,transverse colon,smooth muscle cell,HCT-116-RAD21-mAC	45.44347251817967	0.0	1.5430000000000001	-1.0979999999999999
chr17	72632496	A	G	RAD21_HUMAN,SKI_HUMAN,BCL6_HUMAN,FOXA2_HUMAN,CREB1_HUMAN,MNT_HUMAN,SOX13_HUMAN,CEBPG_HUMAN,RAD51_HUMAN,RXRB_HUMAN,RCOR2_HUMAN,SOX5_HUMAN,THA11_HUMAN,RARA_HUMAN,PPARG_HUMAN,NR2F6_HUMAN,MLX_HUMAN,NFIA_HUMAN,SMAD4_HUMAN,TFE3_HUMAN,TEAD3_HUMAN,SP5_HUMAN,ELF3_HUMAN,NFIL3_HUMAN,IKZF5_HUMAN,ETV5_HUMAN,FOXP1_HUMAN,SP130_HUMAN,GABP1_HUMAN,TBX3_HUMAN	HepG2 (hepatoblastoma),lower leg skin	0.0	1.7097449837799426	-2.06	1.565
chr17	72632502	C	T	RAD21_HUMAN,SKI_HUMAN,CTCF_HUMAN,FOXA2_HUMAN,CREB1_HUMAN,MNT_HUMAN,SOX13_HUMAN,CEBPG_HUMAN,RAD51_HUMAN,RXRB_HUMAN,RCOR2_HUMAN,THA11_HUMAN,RARA_HUMAN,PPARG_HUMAN,NR2F6_HUMAN,MLX_HUMAN,NFIA_HUMAN,SMAD4_HUMAN,TFE3_HUMAN,TEAD3_HUMAN,SP5_HUMAN,ELF3_HUMAN,NFIL3_HUMAN,IKZF5_HUMAN,ETV5_HUMAN,FOXP1_HUMAN,SP130_HUMAN,ERF_HUMAN,GABP1_HUMAN,TBX3_HUMAN	HepG2 (hepatoblastoma),lower leg skin	0.0	1.3691748872999192	0.381	1.486
chr17	81727588	A	G	FOXA1_HUMAN,GABPA_HUMAN,CREB1_HUMAN,SOX13_HUMAN,GATD1_HUMAN,PPARG_HUMAN,TFE3_HUMAN,KLF16_HUMAN,ETV5_HUMAN,ERF_HUMAN,AHR_HUMAN,GABP1_HUMAN	LNCaP (prostate carcinoma),HepG2 (hepatoblastoma)	0.0	3.000614048875975	-0.213	0.685
chr2	8633979	C	T	FOSL2_HUMAN,KDM1A_HUMAN,TCF7_HUMAN,FOXK2_HUMAN,TFE3_HUMAN,ZFHX2_HUMAN,FLI1_HUMAN	GM12878 (female B-cells),HCT-116 (colon carcinoma),HEK293 (embryonic kidney),HepG2 (hepatoblastoma),A-673 clone Asp114 (Ewing sarcoma)	0.0	1.3133558005125745	-0.439	1.26
chr2	100471135	G	A	GABPA_HUMAN,REST_HUMAN,MIER2_HUMAN,TFE3_HUMAN,ERF_HUMAN,GABP1_HUMAN,GLIS1_HUMAN	HEK293 (embryonic kidney),HepG2 (hepatoblastoma),HL-60 (acute myeloid leukemia),K562 (myelogenous leukemia)	0.0	2.6856305146316735	-1.111	1.3459999999999999
chr20	5689748	C	T	FOXA1_HUMAN,BCL6_HUMAN,GABPA_HUMAN,RXRB_HUMAN,RARA_HUMAN,TFE3_HUMAN,NFIL3_HUMAN,ETV5_HUMAN	HepG2 (hepatoblastoma)	1.4046444039287767	0.0	0.501	-0.205
chr20	17863848	G	T	RAD21_HUMAN,RXRA_HUMAN,SKI_HUMAN,SUH_HUMAN,HNF4A_HUMAN,MAX_HUMAN,GABPA_HUMAN,SP1_HUMAN,FOXA2_HUMAN,CREB1_HUMAN,ZNF24_HUMAN,TFAP4_HUMAN,CEBPG_HUMAN,HLF_HUMAN,HM20A_HUMAN,HOMEZ_HUMAN,RXRB_HUMAN,RCOR2_HUMAN,SOX5_HUMAN,THA11_HUMAN,RARA_HUMAN,P66A_HUMAN,ZN580_HUMAN,GATD1_HUMAN,ZBT26_HUMAN,NR2F6_HUMAN,FOXA3_HUMAN,ZGPAT_HUMAN,ARI4B_HUMAN,ZNF48_HUMAN,SMAD4_HUMAN,KAT8_HUMAN,TFE3_HUMAN,TEAD3_HUMAN,SP5_HUMAN,KLF16_HUMAN,ELF3_HUMAN,DMAP1_HUMAN,NFIL3_HUMAN,CEBPA_HUMAN,IRF2_HUMAN,ETV5_HUMAN,FOXP1_HUMAN,ERF_HUMAN,CREM_HUMAN,TBX3_HUMAN	HepG2 (hepatoblastoma),liver	3.0244776118882526	0.0	1.1909999999999998	-1.012
chr20	43547683	G	A	SKI_HUMAN,FOXA1_HUMAN,BCL6_HUMAN,HNF4A_HUMAN,FOXA2_HUMAN,CREB1_HUMAN,MNT_HUMAN,SOX13_HUMAN,ATF2_HUMAN,THB_HUMAN,HM20A_HUMAN,RXRB_HUMAN,ZN644_HUMAN,RARA_HUMAN,P66A_HUMAN,TEAD1_HUMAN,FOXA3_HUMAN,ZGPAT_HUMAN,ARI4B_HUMAN,ZNF48_HUMAN,SMAD4_HUMAN,TFE3_HUMAN,TEAD3_HUMAN,CEBPA_HUMAN,ZN205_HUMAN,SP130_HUMAN	HepG2 (hepatoblastoma),liver	0.0	1.5352292311683253	-1.0090000000000001	0.865
chr20	43547685	G	A	RAD21_HUMAN,SKI_HUMAN,BCL6_HUMAN,FOXA2_HUMAN,MNT_HUMAN,SOX13_HUMAN,ATF2_HUMAN,THB_HUMAN,HM20A_HUMAN,RXRB_HUMAN,RARA_HUMAN,P66A_HUMAN,TEAD1_HUMAN,FOXA3_HUMAN,ZGPAT_HUMAN,ARI4B_HUMAN,ZNF48_HUMAN,SMAD4_HUMAN,TFE3_HUMAN,TEAD3_HUMAN,CEBPA_HUMAN,ZN205_HUMAN,SP130_HUMAN	HepG2 (hepatoblastoma)	1.3857996171931903	0.0	1.092	-0.945
chr20	49009368	T	C	EP300_HUMAN,FOXA2_HUMAN,SOX13_HUMAN,RARA_HUMAN,TEAD1_HUMAN,TFE3_HUMAN,TEAD3_HUMAN,FOXP1_HUMAN,ERR1_HUMAN	HepG2 (hepatoblastoma),SK-BR-3 (breast adenocarcinoma)	0.0	1.5604781458919552	-1.242	1.19
chr20	49009415	A	C	SOX13_HUMAN,ZN384_HUMAN,RARA_HUMAN,TEAD1_HUMAN,SMAD4_HUMAN,TFE3_HUMAN	HepG2 (hepatoblastoma)	2.4392215814529963	0.0	1.109	-1.295
chr20	50645619	T	C	AP2A_HUMAN,GABPA_HUMAN,CEBPG_HUMAN,TEAD1_HUMAN,TFE3_HUMAN,TEAD3_HUMAN,ETV5_HUMAN,NRF1_HUMAN,HIF1A_HUMAN	T47D (invasive ductal carcinoma),cranial neural crest cells,HepG2 (hepatoblastoma),breast tumor tissue	1.4373051952028637	0.0	1.074	
chr4	993488	T	C	MAFF_HUMAN,TFE3_HUMAN,MAFK_HUMAN	HepG2 (hepatoblastoma)	1.9739845650925485	0.0	1.364	-1.126
chr5	1567682	A	G	SMAD4_HUMAN,TFE3_HUMAN	HepG2 (hepatoblastoma)	2.9241668414446327	0.0	1.555	
chr6	63527910	C	T	HNF4A_HUMAN,MNT_HUMAN,SOX13_HUMAN,COT1_HUMAN,TFE3_HUMAN	GM12878 (female B-cells),HepG2 (hepatoblastoma),liver	0.0	2.6188533618498537	-1.715	1.46
chr7	55186493	G	A	TFE3_HUMAN	A549 (lung carcinoma),HepG2 (hepatoblastoma)	1.8811488475560556	0.0	1.271	-1.087
chr7	79452387	A	G	CREB1_HUMAN,MNT_HUMAN,RAD51_HUMAN,MLX_HUMAN,ARI4B_HUMAN,TFE3_HUMAN,TEAD3_HUMAN,ZN341_HUMAN,USF1_HUMAN	HEK293 (embryonic kidney),HepG2 (hepatoblastoma)	0.0	4.39417380533602	-0.601	0.9359999999999999
chr7	127651950	C	T	RFOX2_HUMAN,PRDM1_HUMAN,GABPA_HUMAN,MAFG_HUMAN,ELF1_HUMAN,MYB_HUMAN,NR2C1_HUMAN,IKZF1_HUMAN,SRF_HUMAN,ZN622_HUMAN,LMBL2_HUMAN,ELK1_HUMAN,THA11_HUMAN,TFE3_HUMAN,GABP1_HUMAN,NR2C2_HUMAN,STAT1_HUMAN,CREM_HUMAN,ZN143_HUMAN,AFF1_HUMAN,ZN394_HUMAN	MCF7 (Invasive ductal breast carcinoma),CD14+ monocytes,GM12878 (female B-cells),HEK293 (embryonic kidney),HepG2 (hepatoblastoma),hMADS-3 (adipose-derived stem cells),Jurkat (T-cells),K562 (myelogenous leukemia)	2.286873941363031	0.0	1.389	-0.752
chr7	127651967	G	A	RFOX2_HUMAN,GABPA_HUMAN,MAFG_HUMAN,ELF1_HUMAN,HCFC1_HUMAN,NR2C1_HUMAN,IKZF1_HUMAN,FOXK2_HUMAN,SRF_HUMAN,ZN622_HUMAN,THA11_HUMAN,TFE3_HUMAN,GABP1_HUMAN,NR2C2_HUMAN,NRF1_HUMAN,CREM_HUMAN,ZN143_HUMAN,AFF1_HUMAN,ZN394_HUMAN	MCF7 (Invasive ductal breast carcinoma),GM12878 (female B-cells),HEK293 (embryonic kidney),HepG2 (hepatoblastoma),K562 (myelogenous leukemia),periferal blood macrophages,liver	3.224881653502456	0.0	1.6640000000000001	
chr7	131325670	C	T	TFE3_HUMAN	HEK293 (embryonic kidney),HepG2 (hepatoblastoma)	1.3130717879712623	0.0	1.2009999999999998	-1.365
chr7	138257742	G	T	GATA1_HUMAN,BCL6_HUMAN,FOXA2_HUMAN,CREB1_HUMAN,CEBPG_HUMAN,HM20A_HUMAN,RXRB_HUMAN,RARA_HUMAN,MIER3_HUMAN,TEAD1_HUMAN,NR2F6_HUMAN,FOXA3_HUMAN,ZGPAT_HUMAN,TFE3_HUMAN,TEAD3_HUMAN,NFIL3_HUMAN,CEBPA_HUMAN,NC2A_HUMAN,FOXP1_HUMAN,TBX3_HUMAN,LCORL_HUMAN	CD34+ hematopoietic stem cells-derived proerythroblasts,HepG2 (hepatoblastoma)	2.0547591949847566	0.0	1.3019999999999998	-1.735
