Chromosome	Position	Ref	Alt	ASB in transcription factors	ASB in cell types	THA11_HUMAN_FDR_Ref	THA11_HUMAN_FDR_Alt	THA11_HUMAN_Effect_Size_Ref	THA11_HUMAN_Effect_Size_Alt
chr1	11908299	G	A	CTCF_HUMAN,GCR_HUMAN,FOXA2_HUMAN,ILF3_HUMAN,THA11_HUMAN,P66A_HUMAN,KLF16_HUMAN,ZBT25_HUMAN,ZN316_HUMAN	BEAS-2B (bronchial epithelium),HepG2 (hepatoblastoma),K562 (myelogenous leukemia),liver,foreskin keratinocyte	0.053020561537538854	4.53311850304737	0.799	0.556
chr1	14962117	G	C	THA11_HUMAN	HepG2 (hepatoblastoma)	1.3155215000942322	0.0	1.198	-1.121
chr1	16608312	C	T	ESR1_HUMAN,SKI_HUMAN,ANDR_HUMAN,FOXA1_HUMAN,PRGR_HUMAN,SUH_HUMAN,CREB1_HUMAN,MNT_HUMAN,ZNF24_HUMAN,CLOCK_HUMAN,SOX13_HUMAN,ZKSC8_HUMAN,ZN687_HUMAN,FOXK2_HUMAN,HM20A_HUMAN,HOMEZ_HUMAN,RCOR2_HUMAN,THA11_HUMAN,ZN580_HUMAN,MIER3_HUMAN,PPARG_HUMAN,TEAD1_HUMAN,ZBT26_HUMAN,NR2F6_HUMAN,KMT2B_HUMAN,MLX_HUMAN,ZSC9_HUMAN,FOXA3_HUMAN,ZGPAT_HUMAN,NFYC_HUMAN,ARI4B_HUMAN,TEAD3_HUMAN,ZN792_HUMAN,KLF16_HUMAN,ZN511_HUMAN,ELF3_HUMAN,CEBPA_HUMAN,IRF2_HUMAN,NC2A_HUMAN,ZN205_HUMAN,ETV5_HUMAN,FOXP1_HUMAN,SP130_HUMAN,ZBT25_HUMAN,ERF_HUMAN,FOS_HUMAN	VCaP (prostate carcinoma),MCF7 (Invasive ductal breast carcinoma),GM12878 (female B-cells),HepG2 (hepatoblastoma),K562 (myelogenous leukemia)	37.9385041050611	0.0	1.163	-0.37
chr1	16645367	A	G	SKI_HUMAN,ZFX_HUMAN,SUH_HUMAN,SOX13_HUMAN,CEBPG_HUMAN,ATF2_HUMAN,RXRB_HUMAN,SOX5_HUMAN,THA11_HUMAN,ZN580_HUMAN,GATD1_HUMAN,MIER2_HUMAN,ZBT26_HUMAN,NFIA_HUMAN,ZNF48_HUMAN,SMAD4_HUMAN,TFE3_HUMAN,MAD3_HUMAN,HM20B_HUMAN,ZF64A_HUMAN,KLF16_HUMAN,DMAP1_HUMAN,CEBPA_HUMAN,IRF2_HUMAN,SP130_HUMAN,ERF_HUMAN,AHR_HUMAN,KDM6A_HUMAN,ZN335_HUMAN,GLIS2_HUMAN,ASCL1_HUMAN	HEK293T (embryonic kidney),MCF7 (Invasive ductal breast carcinoma),GM12878 (female B-cells),HCT-116 (colon carcinoma),HEK293 (embryonic kidney),HepG2 (hepatoblastoma),G523NS (glioblastoma)	3.1885229712511864	0.0	1.405	-1.577
chr1	16645453	C	G	EP300_HUMAN,RFOX2_HUMAN,RAD21_HUMAN,RXRA_HUMAN,SKI_HUMAN,CEBPB_HUMAN,CTCF_HUMAN,BCL6_HUMAN,ZBT7A_HUMAN,VEZF1_HUMAN,HNF4A_HUMAN,MAX_HUMAN,COT2_HUMAN,GABPA_HUMAN,SP1_HUMAN,TAF1_HUMAN,ATF1_HUMAN,CREB1_HUMAN,KDM5A_HUMAN,HDAC2_HUMAN,SOX13_HUMAN,TFAP4_HUMAN,CEBPG_HUMAN,COT1_HUMAN,ZN622_HUMAN,HBP1_HUMAN,THB_HUMAN,RXRB_HUMAN,SOX5_HUMAN,THA11_HUMAN,RARA_HUMAN,MIER2_HUMAN,ZBT26_HUMAN,NR2F6_HUMAN,MAD4_HUMAN,FOXA3_HUMAN,ZGPAT_HUMAN,NFYC_HUMAN,ARI4B_HUMAN,KLF11_HUMAN,ZNF48_HUMAN,SMAD4_HUMAN,TFE3_HUMAN,TEAD3_HUMAN,ELF3_HUMAN,NFIL3_HUMAN,RFXK_HUMAN,CEBPA_HUMAN,NC2A_HUMAN,SP130_HUMAN,ERF_HUMAN,GABP1_HUMAN,ETV4_HUMAN,CREM_HUMAN,FOXO3_HUMAN,USF1_HUMAN,MBD4_HUMAN	MCF7 (Invasive ductal breast carcinoma),keratinocytes,GM12878 (female B-cells),HEK293 (embryonic kidney),HepG2 (hepatoblastoma),liver,neural cell	2.160871300229926	0.0	0.8029999999999999	-0.268
chr1	16905229	A	G	EP300_HUMAN,RFOX2_HUMAN,TAF7_HUMAN,T2AG_HUMAN,HDAC8_HUMAN,T2EB_HUMAN,TAL1_HUMAN,RUNX1_HUMAN,CEBPB_HUMAN,CTCF_HUMAN,MAX_HUMAN,GABPA_HUMAN,KLF1_HUMAN,CREB1_HUMAN,MNT_HUMAN,ZNF24_HUMAN,ELF1_HUMAN,PKNX1_HUMAN,MGAP_HUMAN,ATF3_HUMAN,ILF3_HUMAN,CBX1_HUMAN,HTF4_HUMAN,ATF2_HUMAN,BHE40_HUMAN,IKZF1_HUMAN,IKZF2_HUMAN,ZN687_HUMAN,SRF_HUMAN,SKIL_HUMAN,BCLF1_HUMAN,ZBED1_HUMAN,PEBB_HUMAN,GATA4_HUMAN,ELK1_HUMAN,ZN639_HUMAN,MBD2_HUMAN,THA11_HUMAN,RARA_HUMAN,GATD1_HUMAN,PPARG_HUMAN,KLF6_HUMAN,NFIA_HUMAN,FOXA3_HUMAN,ZGPAT_HUMAN,ARI4B_HUMAN,TEAD3_HUMAN,KLF16_HUMAN,ZN205_HUMAN,RING2_HUMAN,ZMIZ1_HUMAN,ERR1_HUMAN,MTG16_HUMAN,IRF9_HUMAN,MTA3_HUMAN,ETS2_HUMAN,ARI1B_HUMAN,MYC_HUMAN,CEBPD_HUMAN,KMT2A_HUMAN,KDM5B_HUMAN,DLX1_HUMAN,PML_HUMAN,RUNX3_HUMAN,TBP_HUMAN	VCaP (prostate carcinoma),CD14+ monocytes,GM12878 (female B-cells),HepG2 (hepatoblastoma),K562 (myelogenous leukemia),LoVo (colorectal adenocarcinoma),fetal bone marrow-derived mononuclear cells	2.446611558251805	0.0	0.763	0.239
chr1	153945926	G	A	GABPA_HUMAN,FOXK2_HUMAN,THA11_HUMAN,GABP1_HUMAN,STAT1_HUMAN,KMT2A_HUMAN	CD14+ monocytes,GM12878 (female B-cells),HepG2 (hepatoblastoma),fetal bone marrow-derived mononuclear cells	0.0	2.3111209008471207	-1.037	0.9990000000000001
chr1	212242691	T	A	BCL6_HUMAN,FOXA2_HUMAN,SOX13_HUMAN,HM20A_HUMAN,RXRB_HUMAN,SOX5_HUMAN,THA11_HUMAN,RARA_HUMAN,P66A_HUMAN,NR2F6_HUMAN,FOXA3_HUMAN,SMAD4_HUMAN,TEAD3_HUMAN	HepG2 (hepatoblastoma)	2.5665825258538524	0.0	1.577	-1.946
chr1	229299251	A	G	THA11_HUMAN	HepG2 (hepatoblastoma)	0.0	1.4269210604238827	-1.214	1.163
chr10	78998398	C	T	LMBL2_HUMAN,THA11_HUMAN	HepG2 (hepatoblastoma),K562 (myelogenous leukemia)	1.6599649868007522	0.0	1.311	-1.237
chr11	57712260	G	C	GABPA_HUMAN,CREB1_HUMAN,MYB_HUMAN,THA11_HUMAN,KLF11_HUMAN,HIF1A_HUMAN	T47D (invasive ductal carcinoma),HepG2 (hepatoblastoma),hMADS-3 (adipose-derived stem cells),Jurkat (T-cells),liver	11.649831100331586	0.0	1.423	-0.3
chr11	83156939	C	G	RFX1_HUMAN,IKZF1_HUMAN,THA11_HUMAN,NRF1_HUMAN,KMT2A_HUMAN	A549 (lung carcinoma),HepG2 (hepatoblastoma),K562 (myelogenous leukemia),fetal bone marrow-derived mononuclear cells	3.141061731290832	0.0	0.179	-0.32899999999999996
chr12	6336816	A	C	EP300_HUMAN,THA11_HUMAN	HepG2 (hepatoblastoma),tibial nerve	2.935567168695223	0.0	0.904	0.531
chr12	69360050	G	A	RFOX2_HUMAN,CLOCK_HUMAN,FOXK2_HUMAN,THA11_HUMAN,ETV5_HUMAN,GABP1_HUMAN,E4F1_HUMAN,ZN398_HUMAN	HEK293T (embryonic kidney),MCF7 (Invasive ductal breast carcinoma),GM12878 (female B-cells),HEK293 (embryonic kidney),HepG2 (hepatoblastoma),K562 (myelogenous leukemia),liver	1.6931050032567043	0.0	1.135	-1.4080000000000001
chr12	120302559	C	G	FOXA2_HUMAN,TGIF2_HUMAN,THA11_HUMAN,FOXA3_HUMAN,ARI4B_HUMAN,SP130_HUMAN,TF65_HUMAN	HepG2 (hepatoblastoma),HAEC (human aortic endothelial cells)	12.391599412656717	0.0	1.3769999999999998	
chr12	124939956	A	G	PRGR_HUMAN,MAX_HUMAN,CREB1_HUMAN,MNT_HUMAN,NFXL1_HUMAN,ELF4_HUMAN,MGAP_HUMAN,FOXK2_HUMAN,RAD51_HUMAN,LEF1_HUMAN,LMBL2_HUMAN,THA11_HUMAN,NRF1_HUMAN,GLIS1_HUMAN,FEZF1_HUMAN,ZBT10_HUMAN,MTA1_HUMAN,ZN407_HUMAN,USF1_HUMAN,TBP_HUMAN	HEK293T (embryonic kidney),GM12878 (female B-cells),HCT-116 (colon carcinoma),HEK293 (embryonic kidney),HeLa S3 (cervical adenocarcinoma),HepG2 (hepatoblastoma),K562 (myelogenous leukemia),breast tumor xenograft	2.2529228978360516	0.0	0.8740000000000001	0.46399999999999997
chr14	20613499	A	C	CTCF_HUMAN,ZBT40_HUMAN,MNT_HUMAN,CEBPG_HUMAN,FOXK2_HUMAN,THA11_HUMAN,RARA_HUMAN,SMAD4_HUMAN	A549 (lung carcinoma),GM12878 (female B-cells),HepG2 (hepatoblastoma),neural progenitors,hepatocytes,adrenal gland,foreskin keratinocyte	5.506376839157329	0.0	0.528	0.222
chr14	20613619	T	C	SKI_HUMAN,FOXA2_HUMAN,CREB1_HUMAN,MNT_HUMAN,SOX13_HUMAN,THA11_HUMAN,FOXP1_HUMAN	GM12878 (female B-cells),HepG2 (hepatoblastoma),erythroid progenitors,lower leg skin	0.0	2.865730338873181	-1.4680000000000002	1.3030000000000002
chr14	25032567	C	T	RAD21_HUMAN,THA11_HUMAN,GATD1_HUMAN,SP130_HUMAN	HepG2 (hepatoblastoma)	1.793690278437822	0.0	0.997	-0.049
chr14	39097319	G	A	FOXA2_HUMAN,CREB1_HUMAN,MNT_HUMAN,SOX13_HUMAN,FOXK2_HUMAN,HLF_HUMAN,THA11_HUMAN,RARA_HUMAN,ARI4B_HUMAN,CEBPA_HUMAN,ETV5_HUMAN,TBX3_HUMAN	GM12878 (female B-cells),HepG2 (hepatoblastoma)	1.5143384890247877	0.0	1.226	-1.422
chr15	67542728	T	A	JUN_HUMAN,GABPA_HUMAN,THA11_HUMAN,KMT2A_HUMAN	A549 (lung carcinoma),HepG2 (hepatoblastoma),fetal bone marrow-derived mononuclear cells	1.681610056044127	0.0	1.157	-1.079
chr15	77944587	A	G	SKI_HUMAN,AP2A_HUMAN,ZBT40_HUMAN,GABPA_HUMAN,NR2C1_HUMAN,THA11_HUMAN,KAT8_HUMAN,TFE3_HUMAN,TEAD3_HUMAN,ELF3_HUMAN,ETV5_HUMAN,GABP1_HUMAN	cranial neural crest cells,HepG2 (hepatoblastoma),K562 (myelogenous leukemia),liver	3.0406206724460327	0.0	1.5859999999999999	
chr16	15888167	G	A	FOXK2_HUMAN,THA11_HUMAN,GATD1_HUMAN,NFYC_HUMAN	GM12878 (female B-cells),HepG2 (hepatoblastoma)	1.6490558919563785	0.0	1.235	-0.495
chr16	28863883	A	T	ZFX_HUMAN,JUN_HUMAN,FOXK2_HUMAN,ZN639_HUMAN,THA11_HUMAN,GATD1_HUMAN,ARI4B_HUMAN,SP130_HUMAN,SNAI2_HUMAN	A549 (lung carcinoma),MCF7 (Invasive ductal breast carcinoma),keratinocytes,GM12878 (female B-cells),HepG2 (hepatoblastoma),neural cell	0.0	1.5472862566527135	-0.063	0.866
chr16	74666845	G	C	GABPA_HUMAN,CREB1_HUMAN,THA11_HUMAN,GATD1_HUMAN,NFYC_HUMAN,KAT8_HUMAN,GABP1_HUMAN	HepG2 (hepatoblastoma)	3.68115255382225	0.0	1.072	-0.7070000000000001
chr17	3049001	C	G	FOXA2_HUMAN,THA11_HUMAN	A549 (lung carcinoma),HepG2 (hepatoblastoma),thymus-derived CD34- cells	0.0	3.7384611981879736	-1.702	1.6380000000000001
chr17	3049010	C	G	FOXA2_HUMAN,THA11_HUMAN	A549 (lung carcinoma),HepG2 (hepatoblastoma),neural progenitors,thymus-derived CD34- cells	0.0	3.1509707029089475	-1.5190000000000001	1.554
chr17	3049015	A	T	FOXA1_HUMAN,FOXA2_HUMAN,THA11_HUMAN	A549 (lung carcinoma),HepG2 (hepatoblastoma),neural progenitors	0.0	2.6235547381112565		1.4380000000000002
chr17	3049016	C	G	FOXA1_HUMAN,FOXA2_HUMAN,THA11_HUMAN	A549 (lung carcinoma),HepG2 (hepatoblastoma),neural progenitors	0.0	2.3338606372491126	-1.3869999999999998	1.391
chr17	3049041	G	C	FOXA1_HUMAN,GABPA_HUMAN,FOXA2_HUMAN,THA11_HUMAN,GATD1_HUMAN,BC11B_HUMAN	A549 (lung carcinoma),HepG2 (hepatoblastoma),thymus-derived CD34- cells	0.0	2.058306829233066		1.29
chr17	3049044	T	A	FOXA1_HUMAN,GABPA_HUMAN,FOXA2_HUMAN,THA11_HUMAN,GATD1_HUMAN	A549 (lung carcinoma),HepG2 (hepatoblastoma)	0.0	1.7941899236923473		1.206
chr17	31549862	G	A	ZBT8A_HUMAN,THA11_HUMAN,MXI1_HUMAN,HDAC1_HUMAN	A549 (lung carcinoma),GM12878 (female B-cells),HepG2 (hepatoblastoma),K562 (myelogenous leukemia)	0.0	1.4522746391835089		0.589
chr17	40100896	G	A	BCL6_HUMAN,CREB1_HUMAN,THA11_HUMAN,TEAD3_HUMAN,NFIL3_HUMAN,NRF1_HUMAN	HepG2 (hepatoblastoma)	0.0	2.303684432018306		1.7280000000000002
chr17	44014899	C	T	THA11_HUMAN	HepG2 (hepatoblastoma)	1.4899435512216423	0.0	1.5819999999999999	
chr17	64150533	A	G	EP300_HUMAN,ESR1_HUMAN,CEBPB_HUMAN,ANDR_HUMAN,FOXA1_HUMAN,PRGR_HUMAN,GCR_HUMAN,FOXA2_HUMAN,CREB1_HUMAN,SOX5_HUMAN,THA11_HUMAN,MIXL1_HUMAN,CEBPA_HUMAN,ETV5_HUMAN,FOXP1_HUMAN,SP130_HUMAN,KDM6A_HUMAN	A549 (lung carcinoma),LNCaP (prostate carcinoma),T47D (invasive ductal carcinoma),MCF7 (Invasive ductal breast carcinoma),HepG2 (hepatoblastoma),LHSAR (prostate epithelial cells),PC3 (prostate carcinoma),macrophages	0.0	1.5893252270641756	-0.106	1.018
chr17	68019890	T	C	CEBPB_HUMAN,CTCF_HUMAN,FOXK2_HUMAN,THA11_HUMAN,TEAD1_HUMAN	GM12878 (female B-cells),HepG2 (hepatoblastoma),macrophages,foreskin keratinocyte	2.1385061321457557	0.25664546439004865	1.179	0.508
chr17	72632496	A	G	RAD21_HUMAN,SKI_HUMAN,BCL6_HUMAN,FOXA2_HUMAN,CREB1_HUMAN,MNT_HUMAN,SOX13_HUMAN,CEBPG_HUMAN,RAD51_HUMAN,RXRB_HUMAN,RCOR2_HUMAN,SOX5_HUMAN,THA11_HUMAN,RARA_HUMAN,PPARG_HUMAN,NR2F6_HUMAN,MLX_HUMAN,NFIA_HUMAN,SMAD4_HUMAN,TFE3_HUMAN,TEAD3_HUMAN,SP5_HUMAN,ELF3_HUMAN,NFIL3_HUMAN,IKZF5_HUMAN,ETV5_HUMAN,FOXP1_HUMAN,SP130_HUMAN,GABP1_HUMAN,TBX3_HUMAN	HepG2 (hepatoblastoma),lower leg skin	0.0	1.7097449837799426	-2.06	1.565
chr17	72632502	C	T	RAD21_HUMAN,SKI_HUMAN,CTCF_HUMAN,FOXA2_HUMAN,CREB1_HUMAN,MNT_HUMAN,SOX13_HUMAN,CEBPG_HUMAN,RAD51_HUMAN,RXRB_HUMAN,RCOR2_HUMAN,THA11_HUMAN,RARA_HUMAN,PPARG_HUMAN,NR2F6_HUMAN,MLX_HUMAN,NFIA_HUMAN,SMAD4_HUMAN,TFE3_HUMAN,TEAD3_HUMAN,SP5_HUMAN,ELF3_HUMAN,NFIL3_HUMAN,IKZF5_HUMAN,ETV5_HUMAN,FOXP1_HUMAN,SP130_HUMAN,ERF_HUMAN,GABP1_HUMAN,TBX3_HUMAN	HepG2 (hepatoblastoma),lower leg skin	0.0	1.3691748872999192	0.381	1.486
chr17	75289560	T	A	THA11_HUMAN	HUES64 (embryonic stem cells)	3.6974577246380522	0.0	1.0190000000000001	-0.996
chr18	10243446	G	A	THA11_HUMAN	HUES64 (embryonic stem cells)	1.4459329695804461	0.0	1.18	
chr19	485953	C	A	ESR1_HUMAN,MNT_HUMAN,SOX13_HUMAN,THA11_HUMAN,ARI4B_HUMAN	HepG2 (hepatoblastoma)	1.3279320260501237	0.0	1.2570000000000001	-2.59
chr19	507450	G	T	GABPA_HUMAN,NFRKB_HUMAN,THA11_HUMAN,GABP1_HUMAN	HepG2 (hepatoblastoma),K562 (myelogenous leukemia)	0.0	12.871056901858017	0.114	1.3730000000000002
chr19	1095582	A	G	CREB1_HUMAN,FOXK2_HUMAN,THA11_HUMAN,ZN143_HUMAN	GM12878 (female B-cells),HepG2 (hepatoblastoma)	1.3258673318416225	0.0	0.55	-0.083
chr19	2395962	T	C	SKI_HUMAN,FOXA2_HUMAN,THA11_HUMAN,ZGPAT_HUMAN,SMAD4_HUMAN,TEAD3_HUMAN,ATF7_HUMAN	HepG2 (hepatoblastoma)	2.520503149502836	0.0	1.226	-1.403
chr19	3036352	T	C	AP2A_HUMAN,PKNX1_HUMAN,IKZF1_HUMAN,FOXK2_HUMAN,THA11_HUMAN,GABP1_HUMAN,ZN143_HUMAN,PBX3_HUMAN,TBP_HUMAN	cranial neural crest cells,GM12878 (female B-cells),HEK293 (embryonic kidney),HepG2 (hepatoblastoma),SK-N-SH (neuroblastoma),liver	1.5056567585704232	0.0	1.254	-0.966
chr19	3185565	C	T	ZBT40_HUMAN,GABPA_HUMAN,ELF1_HUMAN,PKNX1_HUMAN,HCFC1_HUMAN,FOXK2_HUMAN,THA11_HUMAN,ZN143_HUMAN,SPI1_HUMAN,SIX5_HUMAN	VCaP (prostate carcinoma),GM12878 (female B-cells),HL-60 (acute myeloid leukemia),HUES64 (embryonic stem cells),monocyte-derived dendritic cells,CD34+ hematopoietic stem progenitor cells,liver,Th2-cells	2.9099908764673184	0.0	0.312	-0.903
chr19	9136713	C	T	CTCF_HUMAN,SOX13_HUMAN,SOX5_HUMAN,THA11_HUMAN	MCF7 (Invasive ductal breast carcinoma),HepG2 (hepatoblastoma)	0.0	1.4627033013882236	0.235	0.48700000000000004
chr19	39824762	G	A	CTCF_HUMAN,THA11_HUMAN,ZN143_HUMAN	MCF7 (Invasive ductal breast carcinoma),CUTLL1 (T-cell lymphoblastic lymphoma 1),GM12878 (female B-cells),HEK293 (embryonic kidney),HepG2 (hepatoblastoma),HUES64 (embryonic stem cells),K562 (myelogenous leukemia),tibial artery	3.990883991120991	0.0	0.764	0.016
chr19	39996975	C	G	AP2A_HUMAN,FOXK2_HUMAN,THA11_HUMAN,ERF_HUMAN,STAT1_HUMAN	CD14+ monocytes,cranial neural crest cells,GM12878 (female B-cells)	1.6385582087681618	0.0	1.2229999999999999	-1.119
chr19	40191464	G	T	THA11_HUMAN	HepG2 (hepatoblastoma)	0.0	1.640603717491937	-1.063	0.919
chr19	40191465	G	T	THA11_HUMAN	HepG2 (hepatoblastoma)	0.0	1.640603717491937	-1.063	0.919
chr19	44401517	T	C	ELF1_HUMAN,THA11_HUMAN,NRF1_HUMAN,ZN143_HUMAN	GM12878 (female B-cells),HepG2 (hepatoblastoma),mammary epithelial cells	1.9260364277350883	0.0	1.205	
chr19	44401613	T	C	ELF1_HUMAN,IKZF1_HUMAN,THA11_HUMAN,IRF2_HUMAN,GABP1_HUMAN,NRF1_HUMAN,ZN143_HUMAN	GM12878 (female B-cells),HepG2 (hepatoblastoma)	3.2143760663169365	0.0	1.175	-1.081
chr19	44500683	G	C	ZFX_HUMAN,GABPA_HUMAN,MNT_HUMAN,REQU_HUMAN,THA11_HUMAN,GLIS2_HUMAN	MCF7 (Invasive ductal breast carcinoma),GM12878 (female B-cells),HEK293 (embryonic kidney),HepG2 (hepatoblastoma),foreskin keratinocyte	0.21494862760759897	1.6284263336305815	0.131	1.34
chr19	44713260	G	A	THA11_HUMAN	HepG2 (hepatoblastoma)	0.0	1.958259595106926	-1.304	1.1740000000000002
chr19	48965830	T	C	RFOX2_HUMAN,FOXK2_HUMAN,THA11_HUMAN,HDAC1_HUMAN	GM12878 (female B-cells),HEK293 (embryonic kidney),HepG2 (hepatoblastoma),K562 (myelogenous leukemia),SEM (childhood B acute lymphoblastic leukemia)	2.487805052852116	0.0	1.3619999999999999	-0.79
chr19	50333592	T	A	ESR1_HUMAN,BCL6_HUMAN,CREB1_HUMAN,COT1_HUMAN,THA11_HUMAN,STAT1_HUMAN,ZN143_HUMAN	CD14+ monocytes,germinal center B-cells,GM12878 (female B-cells),HUES64 (embryonic stem cells),CD4+ T-cells	1.3387750078972598	0.0	0.882	0.228
chr19	58401421	C	A	CREB1_HUMAN,THA11_HUMAN,GATD1_HUMAN,ZBT26_HUMAN,NRF1_HUMAN,CREM_HUMAN	GM12878 (female B-cells),H1 (embryonic stem cells),HEK293 (embryonic kidney),HepG2 (hepatoblastoma)	15.093481614957074	0.0	1.166	-0.6890000000000001
chr2	86195670	G	C	ESR1_HUMAN,ZBT40_HUMAN,MNT_HUMAN,SOX13_HUMAN,THA11_HUMAN,GATD1_HUMAN,MAD4_HUMAN,KMT2B_HUMAN,NFYC_HUMAN,ARI4B_HUMAN,SMAD4_HUMAN,ELF3_HUMAN,SP130_HUMAN,ZBT25_HUMAN,ERF_HUMAN,TBX21_HUMAN,SNAI2_HUMAN	HEK293T (embryonic kidney),VCaP (prostate carcinoma),MCF7 (Invasive ductal breast carcinoma),keratinocytes,GM12878 (female B-cells),HEK293 (embryonic kidney),HepG2 (hepatoblastoma),Th1-cells,breast tumor tissue	2.474037949885852	0.0	1.5830000000000002	
chr2	96266108	T	C	AP2A_HUMAN,CREB1_HUMAN,CLOCK_HUMAN,IKZF2_HUMAN,FOXK2_HUMAN,THA11_HUMAN,ETS1_HUMAN,NRF1_HUMAN,TF65_HUMAN,MEIS2_HUMAN,HDAC1_HUMAN,KMT2A_HUMAN	786-O (renal carcinoma),A549 (lung carcinoma),VCaP (prostate carcinoma),MCF7 (Invasive ductal breast carcinoma),CD34+ hematopoietic stem cells-derived proerythroblasts,cranial neural crest cells,GM12878 (female B-cells),HepG2 (hepatoblastoma),HUES64 (embryonic stem cells),monocyte-derived macrophages,Jurkat (T-cells),K562 (myelogenous leukemia),SK-N-SH (neuroblastoma),fetal bone marrow-derived mononuclear cells,upper lobe of left lung	0.0	2.8661391499992934		1.801
chr2	196639821	C	G	THA11_HUMAN,NRF1_HUMAN	GM12878 (female B-cells),HepG2 (hepatoblastoma)	1.3523802184815925	0.0	1.496	
chr20	3658948	A	G	SKI_HUMAN,FOXA2_HUMAN,ATF1_HUMAN,CREB1_HUMAN,THA11_HUMAN,NFYC_HUMAN	HepG2 (hepatoblastoma)	1.5302948979869024	0.0	1.284	-1.043
chr20	17863848	G	T	RAD21_HUMAN,RXRA_HUMAN,SKI_HUMAN,SUH_HUMAN,HNF4A_HUMAN,MAX_HUMAN,GABPA_HUMAN,SP1_HUMAN,FOXA2_HUMAN,CREB1_HUMAN,ZNF24_HUMAN,TFAP4_HUMAN,CEBPG_HUMAN,HLF_HUMAN,HM20A_HUMAN,HOMEZ_HUMAN,RXRB_HUMAN,RCOR2_HUMAN,SOX5_HUMAN,THA11_HUMAN,RARA_HUMAN,P66A_HUMAN,ZN580_HUMAN,GATD1_HUMAN,ZBT26_HUMAN,NR2F6_HUMAN,FOXA3_HUMAN,ZGPAT_HUMAN,ARI4B_HUMAN,ZNF48_HUMAN,SMAD4_HUMAN,KAT8_HUMAN,TFE3_HUMAN,TEAD3_HUMAN,SP5_HUMAN,KLF16_HUMAN,ELF3_HUMAN,DMAP1_HUMAN,NFIL3_HUMAN,CEBPA_HUMAN,IRF2_HUMAN,ETV5_HUMAN,FOXP1_HUMAN,ERF_HUMAN,CREM_HUMAN,TBX3_HUMAN	HepG2 (hepatoblastoma),liver	3.0244776118882526	0.0	1.1909999999999998	-1.012
chr20	46513652	C	G	GABPA_HUMAN,ELF1_HUMAN,IKZF1_HUMAN,THA11_HUMAN	GM12878 (female B-cells),HUES64 (embryonic stem cells),SK-N-SH (neuroblastoma)	0.0	1.8310608741987386	-0.033	1.171
chr20	62144538	C	T	THA11_HUMAN	HepG2 (hepatoblastoma)	1.4459329695804461	0.0	1.18	
chr3	14124429	C	A	ESR1_HUMAN,ZBT40_HUMAN,GABPA_HUMAN,CREB1_HUMAN,ELF1_HUMAN,NR2C1_HUMAN,THA11_HUMAN,ZN143_HUMAN,RUNX3_HUMAN	GM12878 (female B-cells),HepG2 (hepatoblastoma),Jurkat (T-cells),R3/R4 erythroid cells,breast tumor tissue	1.6533650300573042	0.0	1.338	-1.122
chr3	43106046	T	G	ZFX_HUMAN,ZBT8A_HUMAN,THA11_HUMAN,GABP1_HUMAN,NRF1_HUMAN	HEK293T (embryonic kidney),LNCaP C4-2B (prostate carcinoma),HEK293 (embryonic kidney),HepG2 (hepatoblastoma)	0.0	3.397391238413845	-0.637	1.272
chr3	141647032	G	A	THA11_HUMAN	HepG2 (hepatoblastoma)	3.422302512410935	0.0	1.07	0.364
chr3	141647041	G	A	GABPA_HUMAN,THA11_HUMAN	HepG2 (hepatoblastoma)	1.535054212517961	0.0	0.579	-0.20199999999999999
chr3	150546992	G	A	GABPA_HUMAN,FOXK2_HUMAN,THA11_HUMAN	A549 (lung carcinoma),GM12878 (female B-cells),HepG2 (hepatoblastoma)	4.350620704670815	0.0	1.07	-0.289
chr4	4117172	G	T	THA11_HUMAN	HepG2 (hepatoblastoma)	3.5309018979530897	0.0	1.6480000000000001	-1.68
chr4	8853503	T	G	HCFC1_HUMAN,THA11_HUMAN,NFYC_HUMAN,ZN143_HUMAN	MCF7 (Invasive ductal breast carcinoma),HepG2 (hepatoblastoma)	3.25162431932635	0.13645536817243148	1.8880000000000001	-0.22699999999999998
chr4	25914236	C	A	ESR1_HUMAN,GABPA_HUMAN,CREB1_HUMAN,MYB_HUMAN,COT1_HUMAN,THA11_HUMAN,STAT1_HUMAN	CD14+ monocytes,cranial neural crest cells,HepG2 (hepatoblastoma),breast tumor tissue	2.0010820113429264	0.06363232296205425	0.8370000000000001	0.395
chr4	40577093	G	A	FOXK2_HUMAN,THA11_HUMAN	GM12878 (female B-cells),HepG2 (hepatoblastoma),K562 (myelogenous leukemia)	4.088317966219877	0.0	1.4269999999999998	-0.11
chr4	163166907	C	T	CREB1_HUMAN,THA11_HUMAN,GATD1_HUMAN,GABP1_HUMAN,ENL_HUMAN,MYC_HUMAN	MCF7 (Invasive ductal breast carcinoma),GM12878 (female B-cells),HepG2 (hepatoblastoma)	0.0	1.6298952240585682	0.264	0.813
chr5	126595330	T	G	GABPA_HUMAN,THA11_HUMAN,FOXA3_HUMAN,GABP1_HUMAN	HepG2 (hepatoblastoma)	0.0	4.188587567340996	-0.815	1.107
chr5	138633033	C	G	FOXK2_HUMAN,THA11_HUMAN	GM12878 (female B-cells),HepG2 (hepatoblastoma)	1.5160924230302222	0.0	1.034	
chr5	173284037	C	T	NFIC_HUMAN,THA11_HUMAN	HCT-116 (colon carcinoma),HepG2 (hepatoblastoma),K562 (myelogenous leukemia),erythroid progenitors	1.359556943883142	0.0	1.483	-1.272
chr5	181184340	A	G	ESR1_HUMAN,BCL6_HUMAN,CREB1_HUMAN,THA11_HUMAN,GATD1_HUMAN	VCaP (prostate carcinoma),HepG2 (hepatoblastoma),breast tumor tissue,tibial nerve	0.0	2.4509624150331595		1.6640000000000001
chr6	3912041	C	T	NFIC_HUMAN,FOXA1_HUMAN,BCL6_HUMAN,EGR1_HUMAN,FOXA2_HUMAN,CREB1_HUMAN,HDAC2_HUMAN,KDM1A_HUMAN,SMCE1_HUMAN,SOX13_HUMAN,CTBP1_HUMAN,ATF3_HUMAN,SMCA4_HUMAN,HTF4_HUMAN,IKZF1_HUMAN,MTA2_HUMAN,REQU_HUMAN,THA11_HUMAN,RARA_HUMAN,NFIA_HUMAN,SMAD4_HUMAN,TEAD3_HUMAN,CEBPA_HUMAN,FOXP1_HUMAN,SP130_HUMAN,RING2_HUMAN,MITF_HUMAN,PRD10_HUMAN,ZEB2_HUMAN,MTG16_HUMAN,TBX3_HUMAN,ARI1B_HUMAN,HDAC1_HUMAN,TIF1A_HUMAN	HepG2 (hepatoblastoma),K562 (myelogenous leukemia)	0.0	9.8446394091719		0.74
chr6	8435597	T	C	THA11_HUMAN,NC2A_HUMAN,NRF1_HUMAN,TBX3_HUMAN	CD14+ monocytes,HepG2 (hepatoblastoma)	1.799778842521561	0.0	1.557	-1.256
chr6	26285531	A	G	ESR1_HUMAN,BMI1_HUMAN,THA11_HUMAN	A549 (lung carcinoma),GM12878 (female B-cells),HepG2 (hepatoblastoma),breast tumor tissue,upper lobe of left lung	1.4859739593307268	0.13796044838241733	0.813	-0.006999999999999999
chr6	28080757	A	G	GABPA_HUMAN,CREB1_HUMAN,THA11_HUMAN,STAT1_HUMAN,ZN143_HUMAN	GM12878 (female B-cells),HepG2 (hepatoblastoma)	2.9577323109441336	0.0	1.043	0.23600000000000002
chr6	28080760	A	G	GABPA_HUMAN,CREB1_HUMAN,BHE40_HUMAN,THA11_HUMAN,ZN143_HUMAN	GM12878 (female B-cells),HepG2 (hepatoblastoma)	3.68115255382225	0.0	1.063	0.03
chr6	28080846	T	C	GABPA_HUMAN,ATF1_HUMAN,CREB1_HUMAN,THA11_HUMAN,CREM_HUMAN,ZN143_HUMAN,ERG_HUMAN	LNCaP (prostate carcinoma),VCaP (prostate carcinoma),GM12878 (female B-cells),HepG2 (hepatoblastoma)	6.325970383917743	0.0	1.13	0.365
chr6	28589356	T	A	FOXA2_HUMAN,FOXK2_HUMAN,THA11_HUMAN	GM12878 (female B-cells),HepG2 (hepatoblastoma)	1.61843546633363	0.0	1.459	-1.097
chr6	43725357	G	T	RUNX1_HUMAN,CREB1_HUMAN,MNT_HUMAN,FOXK2_HUMAN,THA11_HUMAN,NFIL3_HUMAN,NRF1_HUMAN,NFIB_HUMAN,PBX1_HUMAN	T47D (invasive ductal carcinoma),MCF7 (Invasive ductal breast carcinoma),GM12878 (female B-cells),HepG2 (hepatoblastoma),ICN12 (primary pre-B acute lymphomablastic leukemia),SKH1 (chronic myelogenous leukemia, BCR-ABL1 positive)	0.0	1.9330389601945988	0.006	0.8640000000000001
chr6	44387945	G	A	AP2A_HUMAN,CREB1_HUMAN,THA11_HUMAN	cranial neural crest cells,HepG2 (hepatoblastoma)	0.0	1.314555639938415	-1.213	1.364
chr6	116571518	G	C	CTCF_HUMAN,MAX_HUMAN,CREB1_HUMAN,FOXK2_HUMAN,THA11_HUMAN,NFYC_HUMAN	GM12878 (female B-cells),HepG2 (hepatoblastoma),foreskin keratinocyte	3.99619028216557	0.5919407555421599	1.011	0.41700000000000004
chr7	6707107	T	C	FOXK2_HUMAN,THA11_HUMAN	GM12878 (female B-cells),K562 (myelogenous leukemia),heart left ventricle	1.9392800841931752	0.1243713593413856	1.15	0.051
chr7	93232313	C	T	CTCF_HUMAN,GABPA_HUMAN,THA11_HUMAN,STAT1_HUMAN,USF1_HUMAN	CD14+ monocytes,HepG2 (hepatoblastoma),HUES64 (embryonic stem cells),K562 (myelogenous leukemia),SK-N-SH (neuroblastoma)	0.04512789830473706	1.8962547230665643	0.222	0.524
chr7	127651950	C	T	RFOX2_HUMAN,PRDM1_HUMAN,GABPA_HUMAN,MAFG_HUMAN,ELF1_HUMAN,MYB_HUMAN,NR2C1_HUMAN,IKZF1_HUMAN,SRF_HUMAN,ZN622_HUMAN,LMBL2_HUMAN,ELK1_HUMAN,THA11_HUMAN,TFE3_HUMAN,GABP1_HUMAN,NR2C2_HUMAN,STAT1_HUMAN,CREM_HUMAN,ZN143_HUMAN,AFF1_HUMAN,ZN394_HUMAN	MCF7 (Invasive ductal breast carcinoma),CD14+ monocytes,GM12878 (female B-cells),HEK293 (embryonic kidney),HepG2 (hepatoblastoma),hMADS-3 (adipose-derived stem cells),Jurkat (T-cells),K562 (myelogenous leukemia)	2.286873941363031	0.0	1.389	-0.752
chr7	127651967	G	A	RFOX2_HUMAN,GABPA_HUMAN,MAFG_HUMAN,ELF1_HUMAN,HCFC1_HUMAN,NR2C1_HUMAN,IKZF1_HUMAN,FOXK2_HUMAN,SRF_HUMAN,ZN622_HUMAN,THA11_HUMAN,TFE3_HUMAN,GABP1_HUMAN,NR2C2_HUMAN,NRF1_HUMAN,CREM_HUMAN,ZN143_HUMAN,AFF1_HUMAN,ZN394_HUMAN	MCF7 (Invasive ductal breast carcinoma),GM12878 (female B-cells),HEK293 (embryonic kidney),HepG2 (hepatoblastoma),K562 (myelogenous leukemia),periferal blood macrophages,liver	3.224881653502456	0.0	1.6640000000000001	
chr7	150992855	G	A	MNT_HUMAN,ATF3_HUMAN,THA11_HUMAN,HDAC1_HUMAN	HepG2 (hepatoblastoma),K562 (myelogenous leukemia)	0.0	1.5753867759219724	0.062	1.0070000000000001
chr7	158856569	C	T	AP2A_HUMAN,MAX_HUMAN,FOXK2_HUMAN,THA11_HUMAN,NRF1_HUMAN	cranial neural crest cells,GM12878 (female B-cells),HepG2 (hepatoblastoma),thymus-derived CD34- cells	2.423515683273634	0.0	1.661	
chr7	158856589	T	C	TYY1_HUMAN,TFAP4_HUMAN,FOXK2_HUMAN,THA11_HUMAN,NRF1_HUMAN,BC11B_HUMAN	HEK293T (embryonic kidney),GM12878 (female B-cells),H1 (embryonic stem cells),HEK293 (embryonic kidney),HepG2 (hepatoblastoma),mammary epithelial cells,liver,thymus-derived CD34- cells	1.5458947600897155	0.0	1.12	-0.475
chr8	27311385	G	A	ZBT40_HUMAN,SP1_HUMAN,ELF1_HUMAN,BHE40_HUMAN,IKZF1_HUMAN,THA11_HUMAN,NFYC_HUMAN,TEAD3_HUMAN,GABP1_HUMAN,TBX21_HUMAN	GM12878 (female B-cells),HCT-116 (colon carcinoma),HepG2 (hepatoblastoma),HL-60 (acute myeloid leukemia),liver,Th1-cells	0.0	4.533977703524629	-1.004	0.6609999999999999
chr8	27311397	G	A	RAD21_HUMAN,ZBT40_HUMAN,SP1_HUMAN,ELF1_HUMAN,BHE40_HUMAN,IKZF1_HUMAN,REQU_HUMAN,THA11_HUMAN,NFYC_HUMAN,TEAD3_HUMAN,SP130_HUMAN,GABP1_HUMAN,NRF1_HUMAN	GM12878 (female B-cells),HCT-116 (colon carcinoma),HepG2 (hepatoblastoma),Jurkat (T-cells),liver,Th1-cells,neural cell	0.0	1.3963566627803845		0.956
chr8	38030499	C	G	ZIC2_HUMAN,ELF1_HUMAN,ZBT8A_HUMAN,THA11_HUMAN,GABP1_HUMAN,SP3_HUMAN,ZN341_HUMAN,ZFHX2_HUMAN,HIC1_HUMAN	HEK293T (embryonic kidney),GM12878 (female B-cells),HEK293 (embryonic kidney),HepG2 (hepatoblastoma),ME-1 (acute myeloid leukemia )	2.0315891110888504	0.0	1.6380000000000001	
chr8	81842617	G	C	TADBP_HUMAN,CTCF_HUMAN,ZBT40_HUMAN,CREB1_HUMAN,TRI22_HUMAN,IKZF2_HUMAN,FOXK2_HUMAN,THA11_HUMAN,GABP1_HUMAN,ATF7_HUMAN,ZN143_HUMAN,TBX21_HUMAN	GM12878 (female B-cells),HepG2 (hepatoblastoma),spleen,breast epithelial cells,Th1-cells,thyroid gland,adrenal gland,tibial nerve	2.612458369393003	0.0	1.7530000000000001	
chr8	132120550	C	T	CEBPB_HUMAN,JUND_HUMAN,THA11_HUMAN	coronary artery smooth muscle,HCT-116 (colon carcinoma)	1.5978731579305119	0.0	1.0090000000000001	-0.8590000000000001
chr9	19103030	G	A	THA11_HUMAN	HUES64 (embryonic stem cells)	0.0	2.184750343847253	-0.531	0.9440000000000001
chr9	37753795	C	T	ESR1_HUMAN,GABPA_HUMAN,THA11_HUMAN,GABP1_HUMAN	HepG2 (hepatoblastoma),Jurkat (T-cells),breast tumor tissue	2.051970157542147	0.0	1.423	-1.306
chr9	37753801	C	T	ESR1_HUMAN,GABPA_HUMAN,CREB1_HUMAN,THA11_HUMAN,GABP1_HUMAN	HepG2 (hepatoblastoma),breast tumor tissue	1.7601057760123886	0.0	1.328	-1.227
chr9	95876024	C	T	ESR1_HUMAN,CTCF_HUMAN,GABPA_HUMAN,FOXK2_HUMAN,THA11_HUMAN,GATD1_HUMAN	GM12878 (female B-cells),HepG2 (hepatoblastoma),liver,breast tumor tissue	1.6796248005798189	0.0	1.335	
chr9	130549307	C	G	GABPA_HUMAN,CREB1_HUMAN,USF2_HUMAN,THA11_HUMAN,USF1_HUMAN	GM12878 (female B-cells),H1 (embryonic stem cells),HepG2 (hepatoblastoma)	6.142184615229836	0.0	1.382	-0.11599999999999999
