Chromosome	Position	Ref	Alt	ASB in transcription factors	ASB in cell types	YBOX1_HUMAN_FDR_Ref	YBOX1_HUMAN_FDR_Alt	YBOX1_HUMAN_Effect_Size_Ref	YBOX1_HUMAN_Effect_Size_Alt
chr10	38526893	T	G	EP300_HUMAN,NFIC_HUMAN,CTCF_HUMAN,ZFX_HUMAN,SUZ12_HUMAN,SMCE1_HUMAN,YBOX1_HUMAN,HTF4_HUMAN,FOXK2_HUMAN,PRDM4_HUMAN,NCOA3_HUMAN,NFIB_HUMAN,MCM2_HUMAN,HDAC1_HUMAN,SPI1_HUMAN	A549 (lung carcinoma),LNCaP (prostate carcinoma),MCF7 (Invasive ductal breast carcinoma),GM12878 (female B-cells),HEK293 (embryonic kidney),HepG2 (hepatoblastoma),K562 (myelogenous leukemia),ovary,sigmoid colon	5.075585670313908	0.0	0.848	-0.027000000000000003
chr10	38526979	T	C	EP300_HUMAN,CTCF_HUMAN,GCR_HUMAN,ZBT40_HUMAN,CREB1_HUMAN,YBOX1_HUMAN,ELF1_HUMAN,FOXK2_HUMAN,ETV6_HUMAN,IRF5_HUMAN,NCOA3_HUMAN,NFIB_HUMAN,MCM3_HUMAN	22RV1 (prostate carcinoma),HEK293T (embryonic kidney),MCF7 (Invasive ductal breast carcinoma),GM12878 (female B-cells),HEK293 (embryonic kidney),HepG2 (hepatoblastoma),K562 (myelogenous leukemia),MDA-MB-231 (breast adenocarcinoma),RWPE1 (prostate epithelial cells),Reh (ATCC CRL-8286)	0.0	1.4915093711381413	-0.315	1.032
chr10	38527025	A	G	EP300_HUMAN,CTCF_HUMAN,ANDR_HUMAN,YBOX1_HUMAN,FOXK2_HUMAN,FOXP1_HUMAN,ZC11A_HUMAN,MCM3_HUMAN	A549 (lung carcinoma),LNCaP (prostate carcinoma),HeLa S3 (cervical adenocarcinoma),HepG2 (hepatoblastoma),K562 (myelogenous leukemia),RWPE1 (prostate epithelial cells)	0.0	1.97034677622382	-0.9420000000000001	0.8370000000000001
chr10	38527289	G	T	EP300_HUMAN,KAISO_HUMAN,ZNF24_HUMAN,YBOX1_HUMAN,CTBP1_HUMAN,HTF4_HUMAN,FOXP1_HUMAN,ZKSC1_HUMAN,ZN426_HUMAN,NCOA3_HUMAN,Z512B_HUMAN,MCM3_HUMAN	HEK293T (embryonic kidney),MCF7 (Invasive ductal breast carcinoma),GM12878 (female B-cells),HEK293 (embryonic kidney),HepG2 (hepatoblastoma),K562 (myelogenous leukemia),esophagus muscularis mucosa	1.5415153214186332	0.0	1.321	-1.168
chr10	38527602	A	T	EP300_HUMAN,TADBP_HUMAN,CAVN1_HUMAN,CTCF_HUMAN,GATA3_HUMAN,FOXA1_HUMAN,SIN3A_HUMAN,ZFX_HUMAN,NONO_HUMAN,KAISO_HUMAN,SP1_HUMAN,FOXA2_HUMAN,CREB1_HUMAN,SUZ12_HUMAN,KDM1A_HUMAN,ZN217_HUMAN,P66B_HUMAN,MNT_HUMAN,ZNF24_HUMAN,YBOX1_HUMAN,NFXL1_HUMAN,ELF1_HUMAN,CLOCK_HUMAN,ZN507_HUMAN,NBN_HUMAN,NFRKB_HUMAN,ZN384_HUMAN,TTP_HUMAN,NR2C1_HUMAN,NCOR1_HUMAN,ZN592_HUMAN,RFX1_HUMAN,NCOA2_HUMAN,TAF9B_HUMAN,HTF4_HUMAN,IKZF1_HUMAN,IKZF2_HUMAN,ZN687_HUMAN,FOXK2_HUMAN,MTA2_HUMAN,BCLF1_HUMAN,BMI1_HUMAN,MEF2B_HUMAN,TEAD2_HUMAN,FOXP1_HUMAN,RING2_HUMAN,SRBP1_HUMAN,ZKSC1_HUMAN,NDF1_HUMAN,PRDM4_HUMAN,ERR1_HUMAN,ATF7_HUMAN,E4F1_HUMAN,ZN207_HUMAN,NCOA3_HUMAN,HES1_HUMAN,NFIB_HUMAN,ZNF8_HUMAN,ZN444_HUMAN,T22D4_HUMAN,ZBT7B_HUMAN,CHD1_HUMAN,ARI1B_HUMAN,ZN316_HUMAN,ZBTB5_HUMAN,MCM3_HUMAN,MCM7_HUMAN,HDAC1_HUMAN,TR150_HUMAN,ATM_HUMAN,PLRG1_HUMAN,KDM5C_HUMAN	22RV1 (prostate carcinoma),HEK293T (embryonic kidney),A549 (lung carcinoma),LNCaP (prostate carcinoma),MCF7 (Invasive ductal breast carcinoma),Caki-1 (renal carcinoma),GM12878 (female B-cells),HCT-116 (colon carcinoma),HEK293 (embryonic kidney),HepG2 (hepatoblastoma),K562 (myelogenous leukemia),spleen,suprapubic skin,subcutaneous adipose tissue,stomach,upper lobe of left lung	0.0	6.988629402214581	-1.1079999999999999	1.47
chr10	38527827	A	G	EP300_HUMAN,CTCF_HUMAN,SMC3_HUMAN,GCR_HUMAN,ZFX_HUMAN,JUN_HUMAN,CREB1_HUMAN,ZN217_HUMAN,ZNF24_HUMAN,SIX4_HUMAN,YBOX1_HUMAN,CLOCK_HUMAN,TRI22_HUMAN,NCOR1_HUMAN,RFX1_HUMAN,TAF9B_HUMAN,HTF4_HUMAN,ATF2_HUMAN,IKZF1_HUMAN,IKZF2_HUMAN,FOXK2_HUMAN,REQU_HUMAN,BMI1_HUMAN,HDGF_HUMAN,ZC11A_HUMAN,ZKSC1_HUMAN,NCOA3_HUMAN,Z512B_HUMAN,ZBT7B_HUMAN,ZBTB5_HUMAN,MCM2_HUMAN,ASCL1_HUMAN,SPI1_HUMAN	22RV1 (prostate carcinoma),HEK293T (embryonic kidney),A549 (lung carcinoma),MCF7 (Invasive ductal breast carcinoma),coronary artery smooth muscle,GM12878 (female B-cells),HCT-116 (colon carcinoma),HEK293 (embryonic kidney),HepG2 (hepatoblastoma),K562 (myelogenous leukemia),MDA-MB-231 (breast adenocarcinoma),monocyte-derived dendritic cells,G523NS (glioblastoma),suprapubic skin,subcutaneous adipose tissue,omental fat pad,gastroesophageal sphincter,sigmoid colon,neural cell	0.0	10.109704972821095	-0.784	1.334
chr10	38527828	T	G	CTCF_HUMAN,FOXA1_HUMAN,ZFX_HUMAN,FOXA2_HUMAN,ZNF24_HUMAN,YBOX1_HUMAN,HTF4_HUMAN,IKZF1_HUMAN,FOXK2_HUMAN,FOXP1_HUMAN,ZN282_HUMAN,ATM_HUMAN,PLRG1_HUMAN	GM12878 (female B-cells),HCT-116 (colon carcinoma),HepG2 (hepatoblastoma)	0.0	1.3311695106510395		0.7190000000000001
chr10	38527964	G	T	EP300_HUMAN,CTCF_HUMAN,YBOX1_HUMAN,NFIB_HUMAN	22RV1 (prostate carcinoma),A549 (lung carcinoma),MCF7 (Invasive ductal breast carcinoma),HepG2 (hepatoblastoma)	1.6654758834233314	0.0	0.7909999999999999	-0.836
chr10	38527968	G	A	EP300_HUMAN,CTCF_HUMAN,YBOX1_HUMAN,NFIB_HUMAN	22RV1 (prostate carcinoma),A549 (lung carcinoma),LNCaP (prostate carcinoma),MCF7 (Invasive ductal breast carcinoma),GM12878 (female B-cells),HepG2 (hepatoblastoma),K562 (myelogenous leukemia)	2.062385552379524	0.0	0.741	-0.7809999999999999
chr10	38528169	A	T	EP300_HUMAN,CTCF_HUMAN,GCR_HUMAN,ZFX_HUMAN,FOXA2_HUMAN,CREB1_HUMAN,YBOX1_HUMAN,NFRKB_HUMAN,CTBP1_HUMAN,HTF4_HUMAN,IKZF2_HUMAN,FOXK2_HUMAN,ARNT_HUMAN,ENL_HUMAN,SOX6_HUMAN,MCM3_HUMAN,ATM_HUMAN	22RV1 (prostate carcinoma),HEK293T (embryonic kidney),A549 (lung carcinoma),LNCaP (prostate carcinoma),MCF7 (Invasive ductal breast carcinoma),LNCaP C4-2B (prostate carcinoma),GM12878 (female B-cells),HCT-116 (colon carcinoma),HepG2 (hepatoblastoma),K562 (myelogenous leukemia),RWPE1 (prostate epithelial cells),stomach	0.0	2.428177546549917	-0.81	0.9890000000000001
chr10	38528688	G	C	EP300_HUMAN,T2FA_HUMAN,EZH2_HUMAN,TADBP_HUMAN,ESR1_HUMAN,NFIC_HUMAN,CTCF_HUMAN,GATA3_HUMAN,ANDR_HUMAN,GCR_HUMAN,ZBT40_HUMAN,SP1_HUMAN,CUX1_HUMAN,REST_HUMAN,FOXA2_HUMAN,CREB1_HUMAN,HDAC2_HUMAN,KDM1A_HUMAN,PAX8_HUMAN,ZN217_HUMAN,SMCA5_HUMAN,P66B_HUMAN,SMCE1_HUMAN,MNT_HUMAN,ZNF24_HUMAN,YBOX1_HUMAN,NFXL1_HUMAN,ELF1_HUMAN,ZN507_HUMAN,NBN_HUMAN,NFRKB_HUMAN,TRI22_HUMAN,PKNX1_HUMAN,CTBP1_HUMAN,CEBPG_HUMAN,HSF1_HUMAN,NR2C1_HUMAN,MYBB_HUMAN,RFX1_HUMAN,RCOR1_HUMAN,ATF2_HUMAN,IKZF1_HUMAN,IKZF2_HUMAN,FOXK2_HUMAN,MTA2_HUMAN,ARNT_HUMAN,RAD51_HUMAN,BCLF1_HUMAN,BMI1_HUMAN,MEF2B_HUMAN,LMBL2_HUMAN,HDGF_HUMAN,STAT1_HUMAN,RING2_HUMAN,ZN512_HUMAN,SRBP1_HUMAN,MAFK_HUMAN,ZC11A_HUMAN,ZKSC1_HUMAN,PRDM4_HUMAN,MAZ_HUMAN,ZN426_HUMAN,ERR1_HUMAN,DACH1_HUMAN,ATF7_HUMAN,IRF5_HUMAN,E4F1_HUMAN,ZN207_HUMAN,ENL_HUMAN,NCOA3_HUMAN,NFIB_HUMAN,ZBT7B_HUMAN,CHD1_HUMAN,SOX6_HUMAN,ARI1B_HUMAN,ZBTB5_HUMAN,ZN282_HUMAN,MCM2_HUMAN,HDAC1_HUMAN,MCM5_HUMAN,TR150_HUMAN,PLRG1_HUMAN,KDM5C_HUMAN	22RV1 (prostate carcinoma),HEK293T (embryonic kidney),A549 (lung carcinoma),LNCaP (prostate carcinoma),T47D (invasive ductal carcinoma),MCF7 (Invasive ductal breast carcinoma),Caki-1 (renal carcinoma),CD14+ monocytes,GM12878 (female B-cells),HEK293 (embryonic kidney),HeLa S3 (cervical adenocarcinoma),HepG2 (hepatoblastoma),K562 (myelogenous leukemia),MDA-MB-231 (breast adenocarcinoma),spleen,RWPE1 (prostate epithelial cells),pancreas,suprapubic skin,subcutaneous adipose tissue,testis,omental fat pad,gastroesophageal sphincter,epithelial cell of prostate,esophagus muscularis mucosa,sigmoid colon,upper lobe of left lung,bone marrow-derived nuclear cells (adult)	0.0	14.859096729675624	-0.18600000000000003	1.3130000000000002
chr10	38529108	G	C	CTCF_HUMAN,FOXA1_HUMAN,CREB1_HUMAN,MNT_HUMAN,ZNF24_HUMAN,YBOX1_HUMAN,NFXL1_HUMAN,ELF1_HUMAN,TTP_HUMAN,RFX1_HUMAN,TAF9B_HUMAN,HTF4_HUMAN,ATF2_HUMAN,IKZF1_HUMAN,MTA2_HUMAN,SRBP1_HUMAN,ZC11A_HUMAN,IRF5_HUMAN,E4F1_HUMAN,ZN207_HUMAN,TBX3_HUMAN,ASCL1_HUMAN	A549 (lung carcinoma),LNCaP (prostate carcinoma),MCF7 (Invasive ductal breast carcinoma),GM12878 (female B-cells),HEK293 (embryonic kidney),HepG2 (hepatoblastoma),K562 (myelogenous leukemia),G523NS (glioblastoma),upper lobe of left lung	6.582632365499397	0.0	0.89	0.03
chr10	38529113	G	T	CTCF_HUMAN,GATA3_HUMAN,FOXA1_HUMAN,ZFX_HUMAN,ZBT40_HUMAN,NONO_HUMAN,KAISO_HUMAN,SP1_HUMAN,CREB1_HUMAN,P66B_HUMAN,MNT_HUMAN,YBOX1_HUMAN,NFXL1_HUMAN,ZN574_HUMAN,NBN_HUMAN,PKNX1_HUMAN,CTBP1_HUMAN,ZN592_HUMAN,ATF2_HUMAN,ARI3A_HUMAN,FOXK2_HUMAN,BMI1_HUMAN,SRBP1_HUMAN,ZC11A_HUMAN,E4F1_HUMAN,ENL_HUMAN,NCOA3_HUMAN,HES1_HUMAN,NFIB_HUMAN,TF65_HUMAN,SOX6_HUMAN	22RV1 (prostate carcinoma),HEK293T (embryonic kidney),A549 (lung carcinoma),LNCaP (prostate carcinoma),MCF7 (Invasive ductal breast carcinoma),LNCaP C4-2B (prostate carcinoma),GM12878 (female B-cells),HCT-116 (colon carcinoma),HepG2 (hepatoblastoma),spleen	19.501804888757547	0.0	1.314	-0.9570000000000001
chr10	38529213	T	G	EP300_HUMAN,CTCF_HUMAN,FOXA1_HUMAN,ZFX_HUMAN,FOXA2_HUMAN,MNT_HUMAN,ZNF24_HUMAN,YBOX1_HUMAN,NFXL1_HUMAN,ELF1_HUMAN,CLOCK_HUMAN,NBN_HUMAN,NFRKB_HUMAN,PKNX1_HUMAN,HSF1_HUMAN,NCOR1_HUMAN,NCOA2_HUMAN,TAF9B_HUMAN,HTF4_HUMAN,FOXK2_HUMAN,MEF2B_HUMAN,SRBP1_HUMAN,ZC11A_HUMAN,PF21A_HUMAN,E4F1_HUMAN,ZN207_HUMAN,NCOA3_HUMAN,TBX3_HUMAN,SOX6_HUMAN,ZBTB5_HUMAN,MCM3_HUMAN,ATM_HUMAN,KDM5C_HUMAN	22RV1 (prostate carcinoma),HEK293T (embryonic kidney),A549 (lung carcinoma),LNCaP (prostate carcinoma),VCaP (prostate carcinoma),MCF7 (Invasive ductal breast carcinoma),LNCaP C4-2B (prostate carcinoma),Caki-1 (renal carcinoma),GM12878 (female B-cells),HEK293 (embryonic kidney),HepG2 (hepatoblastoma),K562 (myelogenous leukemia),RWPE1 (prostate epithelial cells),suprapubic skin,omental fat pad,gastroesophageal sphincter,stomach,sigmoid colon,upper lobe of left lung	0.0	10.737649416811394	-0.544	1.216
chr10	38529225	T	A	EP300_HUMAN,CTCF_HUMAN,FOXA1_HUMAN,ZFX_HUMAN,SMAD1_HUMAN,ZBT40_HUMAN,FOXA2_HUMAN,CREB1_HUMAN,HDAC2_HUMAN,MNT_HUMAN,ZNF24_HUMAN,YBOX1_HUMAN,NFXL1_HUMAN,ELF1_HUMAN,NFRKB_HUMAN,PKNX1_HUMAN,HSF1_HUMAN,RFX1_HUMAN,NCOA2_HUMAN,TAF9B_HUMAN,HTF4_HUMAN,IKZF1_HUMAN,FOXK2_HUMAN,MEF2B_HUMAN,TEAD2_HUMAN,STAT1_HUMAN,SRBP1_HUMAN,ZC11A_HUMAN,PF21A_HUMAN,TBX21_HUMAN,E4F1_HUMAN,ZN207_HUMAN,NCOA3_HUMAN,ZBTB5_HUMAN,MCM2_HUMAN,MCM3_HUMAN,MCM7_HUMAN,ATM_HUMAN,KDM5C_HUMAN	22RV1 (prostate carcinoma),HEK293T (embryonic kidney),A549 (lung carcinoma),LNCaP (prostate carcinoma),VCaP (prostate carcinoma),U2OS (osteosarcoma),MCF7 (Invasive ductal breast carcinoma),LNCaP C4-2B (prostate carcinoma),Caki-1 (renal carcinoma),GM12878 (female B-cells),HCT-116 (colon carcinoma),HEK293 (embryonic kidney),HepG2 (hepatoblastoma),K562 (myelogenous leukemia),spleen,Th1-cells,suprapubic skin,subcutaneous adipose tissue,gastroesophageal sphincter,stomach,sigmoid colon,upper lobe of left lung	0.0	14.859096729675624	-0.627	1.304
chr10	38529506	C	T	EP300_HUMAN,GRHL2_HUMAN,ESR1_HUMAN,CTCF_HUMAN,GCR_HUMAN,JUN_HUMAN,ZBT40_HUMAN,CREB1_HUMAN,SMCA5_HUMAN,P66B_HUMAN,MNT_HUMAN,ZNF24_HUMAN,YBOX1_HUMAN,NR2C1_HUMAN,RFX1_HUMAN,ATF2_HUMAN,IKZF1_HUMAN,IKZF2_HUMAN,FOXK2_HUMAN,RING2_HUMAN,SRBP1_HUMAN,ZN207_HUMAN,ENL_HUMAN,T22D4_HUMAN,ASCL1_HUMAN	HEK293T (embryonic kidney),A549 (lung carcinoma),LNCaP (prostate carcinoma),VCaP (prostate carcinoma),MCF7 (Invasive ductal breast carcinoma),coronary artery smooth muscle,GM12878 (female B-cells),HeLa S3 (cervical adenocarcinoma),HepG2 (hepatoblastoma),K562 (myelogenous leukemia),MDA-MB-231 (breast adenocarcinoma),spleen,G523NS (glioblastoma),esophagus muscularis mucosa,lower leg skin	0.0	5.25435362402653	-0.27699999999999997	0.88
chr10	41884182	A	G	NFIC_HUMAN,CTCF_HUMAN,ZBT40_HUMAN,SP1_HUMAN,ZNF24_HUMAN,YBOX1_HUMAN,NBN_HUMAN,MYBB_HUMAN,IKZF1_HUMAN,FOXK2_HUMAN,ARNT_HUMAN,EHMT2_HUMAN,NFIB_HUMAN,Z512B_HUMAN,ZN282_HUMAN,PHB2_HUMAN	HEK293T (embryonic kidney),MCF7 (Invasive ductal breast carcinoma),GM12878 (female B-cells),HepG2 (hepatoblastoma),K562 (myelogenous leukemia)	0.0	1.7899453684825224		1.3619999999999999
chr10	41884546	A	G	FOXA1_HUMAN,MNT_HUMAN,ZNF24_HUMAN,YBOX1_HUMAN,NBN_HUMAN,NFRKB_HUMAN,NCOR1_HUMAN,TAF9B_HUMAN,HTF4_HUMAN,IKZF1_HUMAN,FOXK2_HUMAN,ARNT_HUMAN,FOXP1_HUMAN,ATF7_HUMAN,E4F1_HUMAN,TF65_HUMAN,ZN282_HUMAN,LCORL_HUMAN	GM12878 (female B-cells),HepG2 (hepatoblastoma),K562 (myelogenous leukemia)	1.7786723299328082	0.0	1.167	-0.9259999999999999
chr10	82914763	C	T	YBOX1_HUMAN,MEF2B_HUMAN	GM12878 (female B-cells)	0.0	1.46901779301663	-1.4780000000000002	1.422
chr12	131395494	C	T	CREB1_HUMAN,HDAC2_HUMAN,KDM1A_HUMAN,YBOX1_HUMAN,HDAC1_HUMAN	MCF7 (Invasive ductal breast carcinoma),HepG2 (hepatoblastoma),K562 (myelogenous leukemia)	7.318966314039994	0.0	0.5589999999999999	
chr12	131395503	A	G	HDAC2_HUMAN,KDM1A_HUMAN,YBOX1_HUMAN,HDAC1_HUMAN	HepG2 (hepatoblastoma),K562 (myelogenous leukemia)	1.865751311017562	0.0	1.641	-2.367
chr12	131396068	A	G	HDAC2_HUMAN,KDM1A_HUMAN,YBOX1_HUMAN	MCF7 (Invasive ductal breast carcinoma),HepG2 (hepatoblastoma),K562 (myelogenous leukemia)	1.6223950354780827	0.0	1.2329999999999999	
chr12	132464501	G	A	CREB1_HUMAN,KDM1A_HUMAN,YBOX1_HUMAN	MCF7 (Invasive ductal breast carcinoma),HepG2 (hepatoblastoma),K562 (myelogenous leukemia)	2.576587253000075	0.0	0.33399999999999996	
chr14	105617740	C	T	ZFX_HUMAN,CUX1_HUMAN,CREB1_HUMAN,SUZ12_HUMAN,P66B_HUMAN,YBOX1_HUMAN,NFXL1_HUMAN,ZN574_HUMAN,CLOCK_HUMAN,ZN592_HUMAN,FOXK2_HUMAN,REQU_HUMAN,NRF1_HUMAN,SRBP1_HUMAN,ERR1_HUMAN,ZN207_HUMAN,NCOA3_HUMAN,NFIB_HUMAN,Z512B_HUMAN,ZBT7B_HUMAN	MCF7 (Invasive ductal breast carcinoma),MCF-7 C4-12 (invasive breast ductal carcinoma)	5.976130801672775	0.0	1.369	0.095
chr15	101089389	G	A	CTCF_HUMAN,ZFX_HUMAN,TYY1_HUMAN,YBOX1_HUMAN,CTBP1_HUMAN,ZSCA4_HUMAN	HEK293T (embryonic kidney),MCF7 (Invasive ductal breast carcinoma),HEK293 (embryonic kidney),HepG2 (hepatoblastoma)	2.351352144553942	0.0	0.977	-0.397
chr16	29661661	A	C	YBOX1_HUMAN	GM12878 (female B-cells)	0.0	1.3095286022629467	-1.444	1.386
chr16	51239663	G	A	YBOX1_HUMAN	HepG2 (hepatoblastoma)	2.665063711182943	0.0	1.88	
chr16	80576735	A	G	CREB1_HUMAN,YBOX1_HUMAN,CTBP1_HUMAN,FOS_HUMAN	MCF7 (Invasive ductal breast carcinoma),HEK293 (embryonic kidney),K562 (myelogenous leukemia)	7.253751686224404	0.0	0.649	
chr16	80576757	G	A	CREB1_HUMAN,YBOX1_HUMAN,CTBP1_HUMAN,FOS_HUMAN	MCF7 (Invasive ductal breast carcinoma),HEK293 (embryonic kidney)	5.340344586582233	0.0	0.47700000000000004	
chr17	59857293	A	G	FOXA1_HUMAN,PRGR_HUMAN,SUZ12_HUMAN,YBOX1_HUMAN,CLOCK_HUMAN,RFX1_HUMAN,MTA1_HUMAN	MCF7 (Invasive ductal breast carcinoma),K562 (myelogenous leukemia)	0.0	1.3172429769715848		0.981
chr17	61574921	T	A	TADBP_HUMAN,GATA3_HUMAN,ZFX_HUMAN,SP1_HUMAN,CUX1_HUMAN,CREB1_HUMAN,SUZ12_HUMAN,ZN217_HUMAN,SMCA5_HUMAN,ZN579_HUMAN,P66B_HUMAN,SMCE1_HUMAN,MNT_HUMAN,ZNF24_HUMAN,YBOX1_HUMAN,NFXL1_HUMAN,ELF1_HUMAN,ZN574_HUMAN,CSN2_HUMAN,NFRKB_HUMAN,TRI22_HUMAN,PKNX1_HUMAN,RFX1_HUMAN,RCOR1_HUMAN,ZN687_HUMAN,REQU_HUMAN,ELK1_HUMAN,RFX5_HUMAN,MAZ_HUMAN,ERR1_HUMAN,ZN207_HUMAN,NCOA3_HUMAN,HES1_HUMAN,Z512B_HUMAN,MTA1_HUMAN,P53_HUMAN	MCF7 (Invasive ductal breast carcinoma),MCF-7 C4-12 (invasive breast ductal carcinoma)	0.0	1.620180199623561		1.6780000000000002
chr17	61574927	C	A	TADBP_HUMAN,ESR1_HUMAN,ZFX_HUMAN,SP1_HUMAN,CUX1_HUMAN,CREB1_HUMAN,SUZ12_HUMAN,ZN217_HUMAN,SMCA5_HUMAN,P66B_HUMAN,SMCE1_HUMAN,MNT_HUMAN,YBOX1_HUMAN,NFXL1_HUMAN,ELF1_HUMAN,ZN574_HUMAN,CSN2_HUMAN,NFRKB_HUMAN,TRI22_HUMAN,PKNX1_HUMAN,RFX1_HUMAN,ZN687_HUMAN,REQU_HUMAN,ELK1_HUMAN,RFX5_HUMAN,MAZ_HUMAN,ERR1_HUMAN,ATF7_HUMAN,ZN207_HUMAN,NCOA3_HUMAN,HES1_HUMAN,Z512B_HUMAN,ZNF8_HUMAN,MTA1_HUMAN,P53_HUMAN	MCF7 (Invasive ductal breast carcinoma),MCF-7 C4-12 (invasive breast ductal carcinoma)	0.0	1.6383820678077743		1.6869999999999998
chr17	61575074	T	C	RAD21_HUMAN,ESR1_HUMAN,SMC3_HUMAN,FOXA1_HUMAN,SIN3A_HUMAN,JUN_HUMAN,KAISO_HUMAN,REST_HUMAN,CREB1_HUMAN,SUZ12_HUMAN,PAX8_HUMAN,ZN217_HUMAN,SMCE1_HUMAN,MNT_HUMAN,ZNF24_HUMAN,YBOX1_HUMAN,NFXL1_HUMAN,ZN574_HUMAN,CLOCK_HUMAN,CSN2_HUMAN,NBN_HUMAN,SNIP1_HUMAN,TRI22_HUMAN,HCFC1_HUMAN,RFX1_HUMAN,FOXK2_HUMAN,BMI1_HUMAN,HDGF_HUMAN,ELK1_HUMAN,ZKSC1_HUMAN,NDF1_HUMAN,ERR1_HUMAN,ENL_HUMAN,NCOA3_HUMAN,NFIB_HUMAN,ZN444_HUMAN,MTA1_HUMAN,ZBT7B_HUMAN,KDM5B_HUMAN	A549 (lung carcinoma),MCF7 (Invasive ductal breast carcinoma),HCT-116 (colon carcinoma),K562 (myelogenous leukemia),SK-N-SH (neuroblastoma),pancreas,HCT-116-RAD21-mAC	11.236015405889827	0.0	1.344	0.792
chr17	61575083	T	C	RAD21_HUMAN,SMC3_HUMAN,SIN3A_HUMAN,JUN_HUMAN,KAISO_HUMAN,CREB1_HUMAN,SUZ12_HUMAN,PAX8_HUMAN,ZN217_HUMAN,P66B_HUMAN,SMCE1_HUMAN,MNT_HUMAN,ZNF24_HUMAN,YBOX1_HUMAN,NFXL1_HUMAN,ZN574_HUMAN,CLOCK_HUMAN,ZN507_HUMAN,CSN2_HUMAN,NBN_HUMAN,SNIP1_HUMAN,TRI22_HUMAN,HCFC1_HUMAN,RFX1_HUMAN,FOXK2_HUMAN,BMI1_HUMAN,HDGF_HUMAN,ELK1_HUMAN,ZKSC1_HUMAN,NDF1_HUMAN,ERR1_HUMAN,ATF7_HUMAN,E4F1_HUMAN,NCOA3_HUMAN,NFIB_HUMAN,ZN444_HUMAN,MTA1_HUMAN,ZBT7B_HUMAN	A549 (lung carcinoma),MCF7 (Invasive ductal breast carcinoma),HCT-116 (colon carcinoma),K562 (myelogenous leukemia),pancreas,MCF10AT1 (breast premetastatic epithelial cells),HCT-116-RAD21-mAC	7.864403942683658	0.0	1.197	0.58
chr17	61602310	G	A	YBOX1_HUMAN	MCF7 (Invasive ductal breast carcinoma)	0.0	1.4772545006352742		2.802
chr17	61657064	C	T	ZBT40_HUMAN,ZN217_HUMAN,MNT_HUMAN,SIX4_HUMAN,YBOX1_HUMAN,CSN2_HUMAN,NBN_HUMAN,NFRKB_HUMAN,HCFC1_HUMAN,RFX1_HUMAN,HES1_HUMAN	MCF7 (Invasive ductal breast carcinoma)	0.0	1.659325973853996		1.527
chr17	75601463	A	G	CTCF_HUMAN,YBOX1_HUMAN	BCBL-1 (B-cell lymphoma),MCF7 (Invasive ductal breast carcinoma),CD34+ stem cells-derived erythroblasts,HepG2 (hepatoblastoma),K562 (myelogenous leukemia),foreskin keratinocyte	6.5638816407461595	0.0	0.716	0.255
chr2	237517240	C	T	YBOX1_HUMAN	MCF7 (Invasive ductal breast carcinoma)	0.0	4.112673006699033	-2.254	1.911
chr2	237559271	A	G	ESR1_HUMAN,FOXA1_HUMAN,ZFX_HUMAN,ZN217_HUMAN,YBOX1_HUMAN,NFXL1_HUMAN,CLOCK_HUMAN,AHR_HUMAN,NDF1_HUMAN,FOS_HUMAN,MYC_HUMAN,ZXDC_HUMAN	MCF7 (Invasive ductal breast carcinoma),LY-2 (invasive ductal carcinoma)	0.0	47.531803245812235	0.36200000000000004	1.264
chr20	42388203	A	T	ZFX_HUMAN,ZBT40_HUMAN,YBOX1_HUMAN,NFRKB_HUMAN,NRF1_HUMAN,FOS_HUMAN	MCF7 (Invasive ductal breast carcinoma)	3.163266981377504	0.0	1.815	-2.42
chr20	50686957	A	G	DDX20_HUMAN,ZFX_HUMAN,YBOX1_HUMAN,ELF1_HUMAN,HSF1_HUMAN,NFIB_HUMAN,MTA1_HUMAN	MCF7 (Invasive ductal breast carcinoma),MCF-7 C4-12 (invasive breast ductal carcinoma)	0.0	3.2249855778881793		1.98
chr20	50686966	A	G	DDX20_HUMAN,ZFX_HUMAN,YBOX1_HUMAN,ELF1_HUMAN,MTA1_HUMAN	MCF7 (Invasive ductal breast carcinoma),MCF-7 C4-12 (invasive breast ductal carcinoma)	0.0	3.7471930431614004		2.108
chr20	50808519	G	A	P66B_HUMAN,YBOX1_HUMAN,BMI1_HUMAN	MCF7 (Invasive ductal breast carcinoma),HEK293 (embryonic kidney)	0.0	1.8505682328304056		1.82
chr20	57218916	A	G	YBOX1_HUMAN	MCF7 (Invasive ductal breast carcinoma)	0.0	2.0759527129362927		2.056
chr20	61585844	T	A	ZBT40_HUMAN,HDAC2_HUMAN,KDM1A_HUMAN,YBOX1_HUMAN,FOXK2_HUMAN,SOX6_HUMAN	MCF7 (Invasive ductal breast carcinoma),HepG2 (hepatoblastoma),K562 (myelogenous leukemia)	2.3168106073406705	0.0	1.5030000000000001	-1.5319999999999998
chr20	61620234	A	G	YBOX1_HUMAN	MCF7 (Invasive ductal breast carcinoma),HepG2 (hepatoblastoma)	1.7323675912544092	0.0	1.331	-1.087
chr21	10721103	C	A	YBOX1_HUMAN,FOXK2_HUMAN	MCF7 (Invasive ductal breast carcinoma),HepG2 (hepatoblastoma)	0.0	2.0467509818256424		1.466
chr21	10726112	T	C	YBOX1_HUMAN	MCF7 (Invasive ductal breast carcinoma),HepG2 (hepatoblastoma),K562 (myelogenous leukemia),spleen	0.0	1.3095286022629467		1.406
chr21	10730618	T	C	YBOX1_HUMAN,FOXK2_HUMAN	MCF7 (Invasive ductal breast carcinoma),HepG2 (hepatoblastoma)	0.0	1.4878822409263646		1.34
chr4	49120945	C	A	ZNF24_HUMAN,YBOX1_HUMAN,NFRKB_HUMAN,TRI22_HUMAN,FOXP1_HUMAN,ATF7_HUMAN,TBX3_HUMAN,PLRG1_HUMAN	HepG2 (hepatoblastoma)	2.784230940253891	0.0	1.145	
chr4	49150144	C	G	YBOX1_HUMAN,ATF7_HUMAN,PLRG1_HUMAN	HepG2 (hepatoblastoma)	1.4525297464916263	0.0	1.565	-2.07
chr5	178083514	G	A	YBOX1_HUMAN	MCF7 (Invasive ductal breast carcinoma)	1.4800644243558716	0.0	1.723	
chr8	138742454	C	G	CREB1_HUMAN,YBOX1_HUMAN	GM12878 (female B-cells),HepG2 (hepatoblastoma)	8.730158110105274	0.0	1.5530000000000002	
chr8	143123456	T	C	CREB1_HUMAN,PAX8_HUMAN,MNT_HUMAN,YBOX1_HUMAN,CLOCK_HUMAN,CTBP1_HUMAN,ZN687_HUMAN,ZKSC1_HUMAN	MCF7 (Invasive ductal breast carcinoma)	2.525646099400054	0.0	1.3119999999999998	-0.946
