Chromosome	Position	Ref	Alt	ASB in transcription factors	ASB in cell types	Z512B_HUMAN_FDR_Ref	Z512B_HUMAN_FDR_Alt	Z512B_HUMAN_Effect_Size_Ref	Z512B_HUMAN_Effect_Size_Alt
chr1	114510044	T	A	ZKSC1_HUMAN,Z512B_HUMAN	MCF7 (Invasive ductal breast carcinoma),K562 (myelogenous leukemia)	0.0	1.4501275492339711		1.71
chr1	205657776	G	A	Z512B_HUMAN	MCF7 (Invasive ductal breast carcinoma),HeLa Kyoto (cervical adenocarcinoma),adrenal gland	0.0	1.4643383714821787	-1.197	1.222
chr10	38527093	C	T	EP300_HUMAN,CTCF_HUMAN,ANDR_HUMAN,FOXK2_HUMAN,ZKSC1_HUMAN,NFIB_HUMAN,Z512B_HUMAN	LNCaP (prostate carcinoma),MCF7 (Invasive ductal breast carcinoma),GM12878 (female B-cells),HEK293 (embryonic kidney),HepG2 (hepatoblastoma),K562 (myelogenous leukemia),sigmoid colon	0.0	2.5443704493191666	-0.7709999999999999	1.023
chr10	38527289	G	T	EP300_HUMAN,KAISO_HUMAN,ZNF24_HUMAN,YBOX1_HUMAN,CTBP1_HUMAN,HTF4_HUMAN,FOXP1_HUMAN,ZKSC1_HUMAN,ZN426_HUMAN,NCOA3_HUMAN,Z512B_HUMAN,MCM3_HUMAN	HEK293T (embryonic kidney),MCF7 (Invasive ductal breast carcinoma),GM12878 (female B-cells),HEK293 (embryonic kidney),HepG2 (hepatoblastoma),K562 (myelogenous leukemia),esophagus muscularis mucosa	1.5415153214186332	0.0	1.321	-1.168
chr10	38527290	A	G	EP300_HUMAN,ESR1_HUMAN,SUMO2_HUMAN,CTCF_HUMAN,GCR_HUMAN,ZFX_HUMAN,SP1_HUMAN,SUZ12_HUMAN,PAX8_HUMAN,SIX4_HUMAN,ZN574_HUMAN,NBN_HUMAN,NFRKB_HUMAN,PKNX1_HUMAN,CTBP1_HUMAN,ZN592_HUMAN,RCOR1_HUMAN,BHE40_HUMAN,ZN687_HUMAN,REQU_HUMAN,SRBP1_HUMAN,ZKSC1_HUMAN,PRDM4_HUMAN,ERR1_HUMAN,NCOA3_HUMAN,NFIB_HUMAN,Z512B_HUMAN,ZBTB5_HUMAN	22RV1 (prostate carcinoma),HEK293T (embryonic kidney),A549 (lung carcinoma),LNCaP (prostate carcinoma),MCF7 (Invasive ductal breast carcinoma),coronary artery smooth muscle,GM12878 (female B-cells),HEK293 (embryonic kidney),HepG2 (hepatoblastoma),K562 (myelogenous leukemia)	0.0	3.1183462293590227	-0.32	0.862
chr10	38527827	A	G	EP300_HUMAN,CTCF_HUMAN,SMC3_HUMAN,GCR_HUMAN,ZFX_HUMAN,JUN_HUMAN,CREB1_HUMAN,ZN217_HUMAN,ZNF24_HUMAN,SIX4_HUMAN,YBOX1_HUMAN,CLOCK_HUMAN,TRI22_HUMAN,NCOR1_HUMAN,RFX1_HUMAN,TAF9B_HUMAN,HTF4_HUMAN,ATF2_HUMAN,IKZF1_HUMAN,IKZF2_HUMAN,FOXK2_HUMAN,REQU_HUMAN,BMI1_HUMAN,HDGF_HUMAN,ZC11A_HUMAN,ZKSC1_HUMAN,NCOA3_HUMAN,Z512B_HUMAN,ZBT7B_HUMAN,ZBTB5_HUMAN,MCM2_HUMAN,ASCL1_HUMAN,SPI1_HUMAN	22RV1 (prostate carcinoma),HEK293T (embryonic kidney),A549 (lung carcinoma),MCF7 (Invasive ductal breast carcinoma),coronary artery smooth muscle,GM12878 (female B-cells),HCT-116 (colon carcinoma),HEK293 (embryonic kidney),HepG2 (hepatoblastoma),K562 (myelogenous leukemia),MDA-MB-231 (breast adenocarcinoma),monocyte-derived dendritic cells,G523NS (glioblastoma),suprapubic skin,subcutaneous adipose tissue,omental fat pad,gastroesophageal sphincter,sigmoid colon,neural cell	0.0	10.109704972821095	-0.784	1.334
chr10	38529230	A	C	EP300_HUMAN,CTCF_HUMAN,ZBT40_HUMAN,FOXA2_HUMAN,HDAC2_HUMAN,SMCA5_HUMAN,MNT_HUMAN,NFXL1_HUMAN,ZN507_HUMAN,NFRKB_HUMAN,SNIP1_HUMAN,CTBP1_HUMAN,TTP_HUMAN,IKZF1_HUMAN,IKZF2_HUMAN,ARI3A_HUMAN,FOXK2_HUMAN,MTA2_HUMAN,ARNT_HUMAN,BMI1_HUMAN,HDGF_HUMAN,ZC11A_HUMAN,ZKSC1_HUMAN,ENL_HUMAN,Z512B_HUMAN,SOX6_HUMAN,ZBTB5_HUMAN,ATM_HUMAN	A549 (lung carcinoma),MCF7 (Invasive ductal breast carcinoma),GM12878 (female B-cells),HepG2 (hepatoblastoma),K562 (myelogenous leukemia),breast epithelial cells,suprapubic skin,subcutaneous adipose tissue,esophagus muscularis mucosa,neural cell	5.7777457728974735	0.0	1.551	-1.463
chr10	38529676	A	T	EP300_HUMAN,GRHL2_HUMAN,CTCF_HUMAN,GATA3_HUMAN,ZBT40_HUMAN,P66B_HUMAN,ZNF24_HUMAN,ZN687_HUMAN,FOXK2_HUMAN,NDF1_HUMAN,ZN207_HUMAN,NCOA3_HUMAN,Z512B_HUMAN,ZBT7B_HUMAN	HEK293T (embryonic kidney),A549 (lung carcinoma),LNCaP (prostate carcinoma),MCF7 (Invasive ductal breast carcinoma),GM12878 (female B-cells),HEK293 (embryonic kidney),HepG2 (hepatoblastoma),RWPE1 (prostate epithelial cells),esophagus muscularis mucosa	0.0	4.195694022045838	-0.893	1.3530000000000002
chr10	41884182	A	G	NFIC_HUMAN,CTCF_HUMAN,ZBT40_HUMAN,SP1_HUMAN,ZNF24_HUMAN,YBOX1_HUMAN,NBN_HUMAN,MYBB_HUMAN,IKZF1_HUMAN,FOXK2_HUMAN,ARNT_HUMAN,EHMT2_HUMAN,NFIB_HUMAN,Z512B_HUMAN,ZN282_HUMAN,PHB2_HUMAN	HEK293T (embryonic kidney),MCF7 (Invasive ductal breast carcinoma),GM12878 (female B-cells),HepG2 (hepatoblastoma),K562 (myelogenous leukemia)	0.0	1.7899453684825224		1.3619999999999999
chr10	41884550	T	G	NFIC_HUMAN,CTCF_HUMAN,GATA3_HUMAN,ZFX_HUMAN,ZBT40_HUMAN,SP1_HUMAN,HDAC2_HUMAN,KDM1A_HUMAN,MNT_HUMAN,SIX4_HUMAN,CLOCK_HUMAN,PKNX1_HUMAN,CTBP1_HUMAN,NR2C1_HUMAN,NCOA2_HUMAN,HTF4_HUMAN,ZN687_HUMAN,FOXK2_HUMAN,Z354B_HUMAN,EHMT2_HUMAN,ZKSC1_HUMAN,ZBTB1_HUMAN,PHF20_HUMAN,ATF7_HUMAN,E4F1_HUMAN,HES1_HUMAN,NFIB_HUMAN,Z512B_HUMAN,ZNF8_HUMAN,T22D4_HUMAN,PHB2_HUMAN,HDAC1_HUMAN,ATM_HUMAN,LCORL_HUMAN,PLRG1_HUMAN	HEK293T (embryonic kidney),A549 (lung carcinoma),LNCaP (prostate carcinoma),MCF7 (Invasive ductal breast carcinoma),MCF-7 C4-12 (invasive breast ductal carcinoma),GM12878 (female B-cells),HCT-116 (colon carcinoma),HEK293 (embryonic kidney),HepG2 (hepatoblastoma),K562 (myelogenous leukemia),RWPE1 (prostate epithelial cells),sigmoid colon	0.0	4.228808033943112		1.7919999999999998
chr12	60322	A	T	SP1_HUMAN,TRI22_HUMAN,ZN687_HUMAN,BMI1_HUMAN,Z512B_HUMAN	MCF7 (Invasive ductal breast carcinoma),HEK293 (embryonic kidney),HepG2 (hepatoblastoma),K562 (myelogenous leukemia)	0.010812928588662092	1.4293743770820146	0.273	1.008
chr12	100143167	T	G	Z512B_HUMAN,SPI1_HUMAN	MCF7 (Invasive ductal breast carcinoma),monocyte-derived macrophages,periferal blood macrophages	0.0	1.5023423242083582		1.403
chr14	37592537	C	T	T2FA_HUMAN,ESR1_HUMAN,GATA3_HUMAN,SIN3A_HUMAN,ZFX_HUMAN,ELF1_HUMAN,RFX1_HUMAN,ERR1_HUMAN,Z512B_HUMAN	MCF7 (Invasive ductal breast carcinoma),MCF-7 C4-12 (invasive breast ductal carcinoma),MDA-MB-453 (breast adenocarcinoma)	0.0	1.3772278942485303	-2.11	1.52
chr14	37596608	T	G	GATA3_HUMAN,ZFX_HUMAN,CREB1_HUMAN,P66B_HUMAN,ELF1_HUMAN,CLOCK_HUMAN,PKNX1_HUMAN,ZN592_HUMAN,ZN687_HUMAN,BMI1_HUMAN,ZKSC1_HUMAN,ERR1_HUMAN,ENL_HUMAN,NFIB_HUMAN,Z512B_HUMAN,CHD1_HUMAN	MCF7 (Invasive ductal breast carcinoma),MCF-7 C4-12 (invasive breast ductal carcinoma),HepG2 (hepatoblastoma)	0.0	2.388021010857925	-1.841	1.544
chr14	105617710	C	A	ZFX_HUMAN,CUX1_HUMAN,CREB1_HUMAN,SUZ12_HUMAN,ZN579_HUMAN,P66B_HUMAN,MNT_HUMAN,NFXL1_HUMAN,ZN574_HUMAN,CLOCK_HUMAN,CTBP1_HUMAN,ZN592_HUMAN,RFX1_HUMAN,RCOR1_HUMAN,ARI3A_HUMAN,ZN687_HUMAN,FOXK2_HUMAN,REQU_HUMAN,NRF1_HUMAN,SRBP1_HUMAN,NDF1_HUMAN,MAZ_HUMAN,ERR1_HUMAN,ZN207_HUMAN,NCOA3_HUMAN,NFIB_HUMAN,Z512B_HUMAN,ZNF8_HUMAN,ZBT7B_HUMAN,FOS_HUMAN	MCF7 (Invasive ductal breast carcinoma),MCF-7 C4-12 (invasive breast ductal carcinoma)	0.0	4.930179429065656	-0.071	1.251
chr14	105617740	C	T	ZFX_HUMAN,CUX1_HUMAN,CREB1_HUMAN,SUZ12_HUMAN,P66B_HUMAN,YBOX1_HUMAN,NFXL1_HUMAN,ZN574_HUMAN,CLOCK_HUMAN,ZN592_HUMAN,FOXK2_HUMAN,REQU_HUMAN,NRF1_HUMAN,SRBP1_HUMAN,ERR1_HUMAN,ZN207_HUMAN,NCOA3_HUMAN,NFIB_HUMAN,Z512B_HUMAN,ZBT7B_HUMAN	MCF7 (Invasive ductal breast carcinoma),MCF-7 C4-12 (invasive breast ductal carcinoma)	5.976130801672775	0.0	1.369	0.095
chr15	84654022	T	C	NFXL1_HUMAN,RFX1_HUMAN,EMSY_HUMAN,NRF1_HUMAN,Z512B_HUMAN,ARI1B_HUMAN,ERG_HUMAN	A549 (lung carcinoma),VCaP (prostate carcinoma),MCF7 (Invasive ductal breast carcinoma),GM12878 (female B-cells),K562 (myelogenous leukemia),neural cell	0.0	1.5682171111549161	-0.861	0.97
chr17	58631845	T	G	T2FA_HUMAN,TAF7_HUMAN,TAL1_HUMAN,CEBPB_HUMAN,CTCF_HUMAN,GATA3_HUMAN,JUND_HUMAN,EGR1_HUMAN,CUX1_HUMAN,PAX8_HUMAN,CLOCK_HUMAN,PKNX1_HUMAN,RFX1_HUMAN,FOXK2_HUMAN,MAFK_HUMAN,NDF1_HUMAN,ETV6_HUMAN,ZMIZ1_HUMAN,SMAD5_HUMAN,NFIB_HUMAN,Z512B_HUMAN,FOS_HUMAN,PO2F2_HUMAN,NFAC1_HUMAN,PML_HUMAN,TBP_HUMAN	786-O (renal carcinoma),VCaP (prostate carcinoma),MCF7 (Invasive ductal breast carcinoma),H1 (embryonic stem cells),HCT-116 (colon carcinoma),HT29 (colon adenocarcinoma),K562 (myelogenous leukemia),spleen,SK-N-SH (neuroblastoma),D283 Med (medulloblastoma),heart left ventricle,gastrocnemius medialis,Peyer's patch,transverse colon,thyroid gland	1.3426519179865315	0.7342071339978363	1.165	0.493
chr17	58631861	A	G	T2FA_HUMAN,TAF7_HUMAN,CEBPB_HUMAN,CTCF_HUMAN,GATA3_HUMAN,FOXA1_HUMAN,CUX1_HUMAN,PAX8_HUMAN,MNT_HUMAN,ZN574_HUMAN,CLOCK_HUMAN,HCFC1_HUMAN,RCOR1_HUMAN,FOXK2_HUMAN,MAFK_HUMAN,NDF1_HUMAN,ETV6_HUMAN,ZMIZ1_HUMAN,PRD10_HUMAN,NFIB_HUMAN,Z512B_HUMAN,MTA1_HUMAN,TEAD4_HUMAN,NFAC1_HUMAN,PML_HUMAN,TBP_HUMAN	786-O (renal carcinoma),MCF7 (Invasive ductal breast carcinoma),CD14+ monocytes,H1 (embryonic stem cells),HCT-116 (colon carcinoma),HT29 (colon adenocarcinoma),K562 (myelogenous leukemia),spleen,SK-N-SH (neuroblastoma),D283 Med (medulloblastoma),Peyer's patch,transverse colon,thyroid gland,upper lobe of left lung	0.8406019390745642	3.13735744408344	0.8059999999999999	0.6
chr17	61492168	T	G	Z512B_HUMAN,ZNF8_HUMAN	MCF7 (Invasive ductal breast carcinoma)	0.0	1.7279418951440848		1.37
chr17	61574921	T	A	TADBP_HUMAN,GATA3_HUMAN,ZFX_HUMAN,SP1_HUMAN,CUX1_HUMAN,CREB1_HUMAN,SUZ12_HUMAN,ZN217_HUMAN,SMCA5_HUMAN,ZN579_HUMAN,P66B_HUMAN,SMCE1_HUMAN,MNT_HUMAN,ZNF24_HUMAN,YBOX1_HUMAN,NFXL1_HUMAN,ELF1_HUMAN,ZN574_HUMAN,CSN2_HUMAN,NFRKB_HUMAN,TRI22_HUMAN,PKNX1_HUMAN,RFX1_HUMAN,RCOR1_HUMAN,ZN687_HUMAN,REQU_HUMAN,ELK1_HUMAN,RFX5_HUMAN,MAZ_HUMAN,ERR1_HUMAN,ZN207_HUMAN,NCOA3_HUMAN,HES1_HUMAN,Z512B_HUMAN,MTA1_HUMAN,P53_HUMAN	MCF7 (Invasive ductal breast carcinoma),MCF-7 C4-12 (invasive breast ductal carcinoma)	0.0	1.620180199623561		1.6780000000000002
chr17	61574927	C	A	TADBP_HUMAN,ESR1_HUMAN,ZFX_HUMAN,SP1_HUMAN,CUX1_HUMAN,CREB1_HUMAN,SUZ12_HUMAN,ZN217_HUMAN,SMCA5_HUMAN,P66B_HUMAN,SMCE1_HUMAN,MNT_HUMAN,YBOX1_HUMAN,NFXL1_HUMAN,ELF1_HUMAN,ZN574_HUMAN,CSN2_HUMAN,NFRKB_HUMAN,TRI22_HUMAN,PKNX1_HUMAN,RFX1_HUMAN,ZN687_HUMAN,REQU_HUMAN,ELK1_HUMAN,RFX5_HUMAN,MAZ_HUMAN,ERR1_HUMAN,ATF7_HUMAN,ZN207_HUMAN,NCOA3_HUMAN,HES1_HUMAN,Z512B_HUMAN,ZNF8_HUMAN,MTA1_HUMAN,P53_HUMAN	MCF7 (Invasive ductal breast carcinoma),MCF-7 C4-12 (invasive breast ductal carcinoma)	0.0	1.6383820678077743		1.6869999999999998
chr17	62111080	G	A	ZBT40_HUMAN,NFXL1_HUMAN,RFX1_HUMAN,RCOR1_HUMAN,ARI3A_HUMAN,BMI1_HUMAN,E4F1_HUMAN,Z512B_HUMAN,ZN444_HUMAN,FOS_HUMAN	MCF7 (Invasive ductal breast carcinoma),GM12878 (female B-cells)	4.866106448772222	0.0	2.4290000000000003	
chr17	62751165	G	A	ESR1_HUMAN,GATA3_HUMAN,CREB1_HUMAN,ZN217_HUMAN,CLOCK_HUMAN,PKNX1_HUMAN,RCOR1_HUMAN,ERR1_HUMAN,NCOA3_HUMAN,NFIB_HUMAN,Z512B_HUMAN,MTA3_HUMAN	MCF7 (Invasive ductal breast carcinoma)	15.922136219186312	0.0	1.364	0.028999999999999998
chr17	63985232	G	A	GATA3_HUMAN,ZFX_HUMAN,KAISO_HUMAN,FOXA2_HUMAN,CREB1_HUMAN,KDM1A_HUMAN,ZN579_HUMAN,MNT_HUMAN,CLOCK_HUMAN,NBN_HUMAN,ATF3_HUMAN,ZKSC1_HUMAN,MTG16_HUMAN,DACH1_HUMAN,HES1_HUMAN,Z512B_HUMAN,ZN444_HUMAN,FOS_HUMAN	MCF7 (Invasive ductal breast carcinoma),HepG2 (hepatoblastoma),K562 (myelogenous leukemia)	0.0	3.1438116538503347		1.828
chr17	75413329	T	C	Z512B_HUMAN	MCF7 (Invasive ductal breast carcinoma),HepG2 (hepatoblastoma)	0.0	1.7139284734354014	-1.425	1.189
chr17	75456448	C	T	ESR1_HUMAN,ZN579_HUMAN,NFIB_HUMAN,Z512B_HUMAN	MCF7 (Invasive ductal breast carcinoma),HCT-116 (colon carcinoma),breast tumor tissue	0.0	3.404340621150355	-0.16	1.564
chr2	89818363	T	C	P66B_HUMAN,RFX1_HUMAN,NFIB_HUMAN,Z512B_HUMAN	MCF7 (Invasive ductal breast carcinoma)	0.0	3.030644333477483		1.556
chr2	223957326	C	G	SMC3_HUMAN,FOXA1_HUMAN,JUN_HUMAN,GABPA_HUMAN,BCL3_HUMAN,BHE40_HUMAN,Z512B_HUMAN	A549 (lung carcinoma),VCaP (prostate carcinoma),MCF7 (Invasive ductal breast carcinoma),GM12878 (female B-cells),MDA-MB-453 (breast adenocarcinoma)	0.0	1.6215058541392644	-0.307	0.49
chr2	225512664	C	T	Z512B_HUMAN	MCF7 (Invasive ductal breast carcinoma),HepG2 (hepatoblastoma)	0.0	3.9337317806209247	-1.633	1.449
chr2	237517349	G	A	SP1_HUMAN,SUZ12_HUMAN,PAX8_HUMAN,P66B_HUMAN,ZN574_HUMAN,FOXK2_HUMAN,MTA2_HUMAN,ZKSC1_HUMAN,ERR1_HUMAN,Z512B_HUMAN,ZNF8_HUMAN,ZN444_HUMAN,ZBT7B_HUMAN	MCF7 (Invasive ductal breast carcinoma),HEK293 (embryonic kidney)	0.22424704663659908	1.5989639709134136	0.18	1.3219999999999998
chr2	238126725	C	T	Z512B_HUMAN	MCF7 (Invasive ductal breast carcinoma)	0.0	1.3013444890554613	-0.617	0.9790000000000001
chr20	26074247	C	G	KAISO_HUMAN,CREB1_HUMAN,ZN574_HUMAN,PKNX1_HUMAN,REQU_HUMAN,ZKSC1_HUMAN,NCOA3_HUMAN,Z512B_HUMAN	MCF7 (Invasive ductal breast carcinoma),HEK293 (embryonic kidney)	1.643765658398662	0.0	1.139	-1.089
chr20	48164178	G	A	NONO_HUMAN,NFIB_HUMAN,Z512B_HUMAN,MTA3_HUMAN	MCF7 (Invasive ductal breast carcinoma)	0.07578778346668937	1.5408329602483908	-0.149	1.531
chr20	50794732	A	G	ZFX_HUMAN,NDF1_HUMAN,Z512B_HUMAN,KDM5B_HUMAN	HEK293T (embryonic kidney),MCF7 (Invasive ductal breast carcinoma),MCF-7 C4-12 (invasive breast ductal carcinoma),GM12878 (female B-cells),HEK293 (embryonic kidney),breast epithelial cells	0.0	2.539676981477213	-0.5720000000000001	1.3419999999999999
chr20	50798538	C	T	NCOA3_HUMAN,Z512B_HUMAN	MCF7 (Invasive ductal breast carcinoma)	0.0	2.4702739762047377		1.7269999999999999
chr20	50805891	T	C	ZN217_HUMAN,P66B_HUMAN,MNT_HUMAN,SIX4_HUMAN,NFXL1_HUMAN,CTBP1_HUMAN,Z512B_HUMAN	MCF7 (Invasive ductal breast carcinoma)	0.0	1.390373295376513		1.671
chr20	50809460	C	T	SIX4_HUMAN,Z512B_HUMAN,ZNF8_HUMAN	MCF7 (Invasive ductal breast carcinoma)	0.0	4.888394281695332		2.812
chr20	50809564	C	T	JUN_HUMAN,ZBT40_HUMAN,KAISO_HUMAN,P66B_HUMAN,SIX4_HUMAN,ZN574_HUMAN,CLOCK_HUMAN,CTBP1_HUMAN,ZN592_HUMAN,RFX1_HUMAN,MTA2_HUMAN,BMI1_HUMAN,SRBP1_HUMAN,ZN207_HUMAN,Z512B_HUMAN,ZBT7B_HUMAN	MCF7 (Invasive ductal breast carcinoma)	0.0	3.308838412883594		1.8219999999999998
chr20	50809568	G	A	JUN_HUMAN,ZBT40_HUMAN,KAISO_HUMAN,P66B_HUMAN,SIX4_HUMAN,ZN574_HUMAN,CLOCK_HUMAN,CTBP1_HUMAN,ZN592_HUMAN,RFX1_HUMAN,MTA2_HUMAN,BMI1_HUMAN,HDGF_HUMAN,SRBP1_HUMAN,E4F1_HUMAN,Z512B_HUMAN,ZBT7B_HUMAN	MCF7 (Invasive ductal breast carcinoma)	0.0	3.4540242502899146		1.85
chr20	53503849	C	T	ZBT40_HUMAN,KDM1A_HUMAN,RING2_HUMAN,Z512B_HUMAN,ARI1B_HUMAN	MCF7 (Invasive ductal breast carcinoma),K562 (myelogenous leukemia)	1.758086721876712	0.0	1.626	-2.42
chr20	54000007	G	A	Z512B_HUMAN	MCF7 (Invasive ductal breast carcinoma),GM12878 (female B-cells)	0.0	1.3131620351840492		1.486
chr20	54905180	C	T	ZN579_HUMAN,Z512B_HUMAN	MCF7 (Invasive ductal breast carcinoma)	0.0	1.4227022839023835		1.633
chr20	56716294	G	A	Z512B_HUMAN	MCF7 (Invasive ductal breast carcinoma)	0.0	1.3013444890554613	-1.629	1.45
chr20	57137874	C	G	Z512B_HUMAN	MCF7 (Invasive ductal breast carcinoma)	0.0	1.436870035280818		1.5590000000000002
chr20	57168747	C	T	Z512B_HUMAN,ZNF8_HUMAN	MCF7 (Invasive ductal breast carcinoma)	0.0	1.3634508186795513		1.626
chr20	57169848	T	C	TADBP_HUMAN,ESR1_HUMAN,SIN3A_HUMAN,SP1_HUMAN,SIX4_HUMAN,NDF1_HUMAN,MAZ_HUMAN,NFIB_HUMAN,Z512B_HUMAN,P53_HUMAN	MCF7 (Invasive ductal breast carcinoma)	0.0	1.3141041562328277		1.6869999999999998
chr20	57169849	G	C	ESR1_HUMAN,SIN3A_HUMAN,SP1_HUMAN,SIX4_HUMAN,NDF1_HUMAN,MAZ_HUMAN,NFIB_HUMAN,Z512B_HUMAN,P53_HUMAN	MCF7 (Invasive ductal breast carcinoma)	0.0	1.568246777571732		1.2930000000000001
chr20	57230111	G	A	Z512B_HUMAN	MCF7 (Invasive ductal breast carcinoma)	0.0	1.5023423242083582		1.6680000000000001
chr3	161031231	C	A	ESR1_HUMAN,GATA3_HUMAN,PRGR_HUMAN,ZBT40_HUMAN,CREB1_HUMAN,ZN217_HUMAN,P66B_HUMAN,SMCE1_HUMAN,ELF1_HUMAN,CTBP1_HUMAN,RCOR1_HUMAN,REQU_HUMAN,BMI1_HUMAN,AHR_HUMAN,NCOA3_HUMAN,Z512B_HUMAN	T47D (invasive ductal carcinoma),MCF7 (Invasive ductal breast carcinoma)	0.0	30.752479193096352	0.736	1.23
chr3	161221353	C	T	ZFX_HUMAN,CREB1_HUMAN,PKNX1_HUMAN,TFAP4_HUMAN,MAZ_HUMAN,Z512B_HUMAN,CHD1_HUMAN	HEK293T (embryonic kidney),MCF7 (Invasive ductal breast carcinoma),MCF-7 C4-12 (invasive breast ductal carcinoma),COLO-320 (colon adenocarcinoma)	0.0	7.73071667011971	-0.201	1.604
chr3	161371672	G	A	T2FA_HUMAN,FOXA1_HUMAN,CUX1_HUMAN,MNT_HUMAN,ZNF24_HUMAN,ELF1_HUMAN,CLOCK_HUMAN,CTBP1_HUMAN,ZN687_HUMAN,REQU_HUMAN,MAZ_HUMAN,ENL_HUMAN,Z512B_HUMAN,ZN444_HUMAN,RUNX2_HUMAN	MCF7 (Invasive ductal breast carcinoma)	1.5346222221893742	0.0	1.406	-1.569
chr3	161372828	C	T	ZFX_HUMAN,CLOCK_HUMAN,ZN687_HUMAN,Z512B_HUMAN,CHD1_HUMAN	HEK293T (embryonic kidney),MCF7 (Invasive ductal breast carcinoma),HEK293 (embryonic kidney)	0.0	2.031225399939414	-0.43200000000000005	1.101
chr5	74640835	T	C	Z512B_HUMAN	HEK293T (embryonic kidney),MCF7 (Invasive ductal breast carcinoma),periferal blood macrophages	0.01874164654338113	1.4643383714821787	-0.506	1.266
chr5	178076119	A	G	RAD21_HUMAN,SMC3_HUMAN,CREB1_HUMAN,MNT_HUMAN,ZN574_HUMAN,ATF3_HUMAN,PRD10_HUMAN,Z512B_HUMAN,HDAC1_HUMAN	A549 (lung carcinoma),VCaP (prostate carcinoma),T47D (invasive ductal carcinoma),MCF7 (Invasive ductal breast carcinoma),K562 (myelogenous leukemia)	0.9911244703528409	2.370174999004791	0.905	0.7020000000000001
chr5	178076123	G	A	RAD21_HUMAN,SMC3_HUMAN,MNT_HUMAN,ZN574_HUMAN,ATF3_HUMAN,REQU_HUMAN,Z512B_HUMAN,ZN444_HUMAN,HDAC1_HUMAN	A549 (lung carcinoma),VCaP (prostate carcinoma),T47D (invasive ductal carcinoma),MCF7 (Invasive ductal breast carcinoma),DOHH2 (diffuse large B-cell lymphoma),K562 (myelogenous leukemia)	0.7020337744061333	3.5795220564024186	0.9670000000000001	0.748
chr5	178080766	T	C	GATA3_HUMAN,FOXA1_HUMAN,ZNF24_HUMAN,Z512B_HUMAN	T47D (invasive ductal carcinoma),MCF7 (Invasive ductal breast carcinoma)	1.7032214798972285	0.015397696920479863	0.9109999999999999	-0.584
chr5	178081457	C	G	REQU_HUMAN,NFIB_HUMAN,Z512B_HUMAN	MCF7 (Invasive ductal breast carcinoma)	1.8360896038421264	0.0	1.161	
chr5	178131928	G	T	ERR1_HUMAN,ENL_HUMAN,HES1_HUMAN,Z512B_HUMAN	MCF7 (Invasive ductal breast carcinoma)	0.0	1.4241236198030445		1.4180000000000001
chr6	151676075	G	C	T2FA_HUMAN,CTCF_HUMAN,GATA3_HUMAN,SIN3A_HUMAN,ZFX_HUMAN,JUN_HUMAN,ZBT40_HUMAN,CREB1_HUMAN,ZN217_HUMAN,ZN579_HUMAN,P66B_HUMAN,NBN_HUMAN,ZN592_HUMAN,ZN687_HUMAN,RFX5_HUMAN,MAZ_HUMAN,ZN207_HUMAN,NFIB_HUMAN,Z512B_HUMAN,MTA1_HUMAN,SNAI2_HUMAN	MCF7 (Invasive ductal breast carcinoma),keratinocytes,GM12878 (female B-cells),HepG2 (hepatoblastoma),K562 (myelogenous leukemia),SK-N-SH (neuroblastoma),foreskin keratinocyte	0.0	1.6051320853667068	-1.386	1.494
chr7	150003509	C	T	NONO_HUMAN,SP1_HUMAN,CREB1_HUMAN,SUZ12_HUMAN,MNT_HUMAN,ZNF24_HUMAN,PKNX1_HUMAN,FOXK2_HUMAN,ZKSC1_HUMAN,ERR1_HUMAN,ATF7_HUMAN,E4F1_HUMAN,ZN207_HUMAN,Z512B_HUMAN,SOX6_HUMAN	HEK293T (embryonic kidney),MCF7 (Invasive ductal breast carcinoma),GM12878 (female B-cells),HEK293 (embryonic kidney),HepG2 (hepatoblastoma),K562 (myelogenous leukemia)	0.0	2.4267806938864336	-0.15	1.5130000000000001
chr7	158781311	C	G	NFIB_HUMAN,Z512B_HUMAN	MCF7 (Invasive ductal breast carcinoma),K562 (myelogenous leukemia)	0.0	1.358899663162603		1.354
chr8	57209879	T	C	CTCF_HUMAN,ZFX_HUMAN,ZN350_HUMAN,ZN174_HUMAN,KDM1A_HUMAN,P66B_HUMAN,MNT_HUMAN,ZNF24_HUMAN,NFXL1_HUMAN,CSN2_HUMAN,BHE40_HUMAN,FOXK2_HUMAN,MTA2_HUMAN,HDGF_HUMAN,ZBT26_HUMAN,RING2_HUMAN,NCOA3_HUMAN,Z512B_HUMAN,TBX3_HUMAN,ATM_HUMAN,P53_HUMAN	HEK293T (embryonic kidney),LNCaP (prostate carcinoma),VCaP (prostate carcinoma),MCF7 (Invasive ductal breast carcinoma),MCF-7 C4-12 (invasive breast ductal carcinoma),LNCaP C4-2B (prostate carcinoma),GM12878 (female B-cells),H929 (plasma cell myeloma),HCT-116 (colon carcinoma),HEK293 (embryonic kidney),HepG2 (hepatoblastoma),K562 (myelogenous leukemia),SK-N-SH (neuroblastoma),pancreas	0.0	32.64466101447676	0.11	1.435
chr8	115648232	A	G	Z512B_HUMAN	MCF7 (Invasive ductal breast carcinoma),monocyte-derived macrophages	1.3239201282309596	0.0	1.156	-0.868
chr8	115668248	G	A	Z512B_HUMAN	MCF7 (Invasive ductal breast carcinoma)	0.0	1.6728733646938325	-0.292	1.188
chr8	143123610	A	T	CREB1_HUMAN,PAX8_HUMAN,CLOCK_HUMAN,PKNX1_HUMAN,ZN687_HUMAN,NCOA3_HUMAN,NFIB_HUMAN,Z512B_HUMAN,MTA3_HUMAN	MCF7 (Invasive ductal breast carcinoma)	3.3116070095215266	0.0	1.79	
chr8	143123618	A	G	CREB1_HUMAN,PAX8_HUMAN,ZN574_HUMAN,CLOCK_HUMAN,PKNX1_HUMAN,ENL_HUMAN,NCOA3_HUMAN,NFIB_HUMAN,Z512B_HUMAN	MCF7 (Invasive ductal breast carcinoma),HEK293 (embryonic kidney)	2.981836408795929	0.0	1.732	
chr8	143123995	T	C	KDM1A_HUMAN,PAX8_HUMAN,MNT_HUMAN,ZN574_HUMAN,CLOCK_HUMAN,CTBP1_HUMAN,NCOA3_HUMAN,Z512B_HUMAN	MCF7 (Invasive ductal breast carcinoma)	0.0	1.4509801821693609		1.598
chr8	143182575	C	T	CREB1_HUMAN,P66B_HUMAN,ZN574_HUMAN,CLOCK_HUMAN,ZKSC1_HUMAN,NFIB_HUMAN,Z512B_HUMAN	MCF7 (Invasive ductal breast carcinoma)	1.418812482284609	0.0	1.194	-0.35200000000000004
chr8	143182580	G	A	CREB1_HUMAN,P66B_HUMAN,ZN574_HUMAN,CLOCK_HUMAN,NFIB_HUMAN,Z512B_HUMAN	MCF7 (Invasive ductal breast carcinoma)	2.1815466449342185	0.0	1.272	-0.5589999999999999
chr9	113381162	T	C	CREB1_HUMAN,FOXK2_HUMAN,IRF5_HUMAN,Z512B_HUMAN	MCF7 (Invasive ductal breast carcinoma),GM12878 (female B-cells)	0.0	1.7551469788042933	-1.232	1.047
