Chromosome	Position	Ref	Alt	ASB in transcription factors	ASB in cell types	ZBT8A_HUMAN_FDR_Ref	ZBT8A_HUMAN_FDR_Alt	ZBT8A_HUMAN_Effect_Size_Ref	ZBT8A_HUMAN_Effect_Size_Alt
chr1	995982	G	A	ZBT8A_HUMAN,STAT1_HUMAN	CD14+ monocytes,HEK293 (embryonic kidney)	0.0	1.4492046827352112	-1.442	1.475
chr1	998719	G	C	ZFX_HUMAN,ZBT8A_HUMAN,ZBT26_HUMAN,SP3_HUMAN,ZN189_HUMAN	HEK293T (embryonic kidney),HEK293 (embryonic kidney)	0.0	1.629236915458936	-1.43	1.587
chr1	998726	A	G	ZBT8A_HUMAN,ZBT26_HUMAN,SP3_HUMAN,ZN189_HUMAN	HEK293T (embryonic kidney),HEK293 (embryonic kidney)	0.0	2.305714091732126		1.733
chr1	16614011	C	T	CTCF_HUMAN,ZFX_HUMAN,KLF9_HUMAN,ZBT8A_HUMAN,OZF_HUMAN,FOXK2_HUMAN,COT1_HUMAN,LMBL2_HUMAN,GLIS1_HUMAN,ZN600_HUMAN,ZN629_HUMAN,ZNF10_HUMAN,TZAP_HUMAN,SP7_HUMAN,BC11B_HUMAN,KLF17_HUMAN,PRD10_HUMAN,ZN524_HUMAN,ZN341_HUMAN,ZSC21_HUMAN,WT1_HUMAN,ZXDB_HUMAN,ZNF2_HUMAN,ZBT17_HUMAN,ZBT20_HUMAN,SP2_HUMAN,ZN623_HUMAN,ZN335_HUMAN,ZNF18_HUMAN,PATZ1_HUMAN,ZN510_HUMAN,ZN577_HUMAN,ZN843_HUMAN,ZN426_HUMAN,ZNF34_HUMAN,ZN555_HUMAN,ZN398_HUMAN,ZN362_HUMAN,ZN394_HUMAN,ZN189_HUMAN,PRDM9_HUMAN	HEK293T (embryonic kidney),cranial neural crest cells,HCT-116 (colon carcinoma),HEK293 (embryonic kidney)	4.697803819939258	0.0	1.0759999999999998	-0.498
chr1	16614029	T	C	CTCF_HUMAN,SMC3_HUMAN,ZFX_HUMAN,TYY1_HUMAN,ZN350_HUMAN,KLF9_HUMAN,ZNF24_HUMAN,ZBT8A_HUMAN,IKZF2_HUMAN,FOXK2_HUMAN,MEF2B_HUMAN,LMBL2_HUMAN,HDGF_HUMAN,ZBT11_HUMAN,RXRB_HUMAN,ZBT26_HUMAN,KLF16_HUMAN,RING2_HUMAN,MXI1_HUMAN,SP3_HUMAN,ZN692_HUMAN,ZN600_HUMAN,ZN629_HUMAN,ZN558_HUMAN,PRD10_HUMAN,ZXDB_HUMAN,ZNF2_HUMAN,ZBT20_HUMAN,ZNF76_HUMAN,ZN335_HUMAN,ZNF18_HUMAN,PATZ1_HUMAN,ZEB2_HUMAN,ZN577_HUMAN,ZN221_HUMAN,ZN768_HUMAN,REPI1_HUMAN,ZN426_HUMAN,ZN398_HUMAN,ZN121_HUMAN,ZN501_HUMAN,ZN362_HUMAN,ZFP37_HUMAN,ZN776_HUMAN,ZN394_HUMAN,PRDM9_HUMAN	HEK293T (embryonic kidney),GM12878 (female B-cells),HEK293 (embryonic kidney),HepG2 (hepatoblastoma),K562 (myelogenous leukemia),neural cell	0.0	8.262770192654722	-0.517	1.167
chr1	16614273	G	A	CEBPB_HUMAN,CTCF_HUMAN,KLF1_HUMAN,HDAC2_HUMAN,ZNF24_HUMAN,ZN507_HUMAN,ZN740_HUMAN,NR2C1_HUMAN,MGAP_HUMAN,GMEB1_HUMAN,ZBT8A_HUMAN,SMCA4_HUMAN,IKZF1_HUMAN,Z354B_HUMAN,ZN512_HUMAN,ZN697_HUMAN,ZEB2_HUMAN,ERR1_HUMAN,ENL_HUMAN,TF65_HUMAN,ZN316_HUMAN,ZN407_HUMAN,HDAC1_HUMAN,ZN189_HUMAN	HEK293T (embryonic kidney),A549 (lung carcinoma),MCF7 (Invasive ductal breast carcinoma),GM12878 (female B-cells),HEK293 (embryonic kidney),K562 (myelogenous leukemia),sigmoid colon	0.0	3.1162792247236335	-1.746	1.564
chr1	16621342	T	C	CTCF_HUMAN,PKNX1_HUMAN,ZBT8A_HUMAN,ZN692_HUMAN,ZN600_HUMAN,ZN629_HUMAN,SP7_HUMAN,KLF17_HUMAN,ZSC21_HUMAN,ZNF2_HUMAN,ZBT17_HUMAN,ZN654_HUMAN,ZEB2_HUMAN,ZN501_HUMAN,ZFP37_HUMAN,HIC1_HUMAN,SCRT2_HUMAN,ZN366_HUMAN,ZN394_HUMAN,ZN189_HUMAN,PRDM9_HUMAN	HEK293T (embryonic kidney),LNCaP (prostate carcinoma),LNCaP C4-2B (prostate carcinoma),GM12878 (female B-cells),HEK293 (embryonic kidney),K562 (myelogenous leukemia),pancreas,Peyer's patch,esophagus squamous epithelium,gastroesophageal sphincter,thoracic aorta,esophagus muscularis mucosa,sigmoid colon,prostate gland,tibial nerve,neural cell,upper lobe of left lung,foreskin keratinocyte	0.0	57.54445125451384	0.337	1.5930000000000002
chr1	16727384	T	C	CTCF_HUMAN,ZBT7A_HUMAN,BC11A_HUMAN,ZN148_HUMAN,ZEB1_HUMAN,PKNX1_HUMAN,ZBT8A_HUMAN,ZBT26_HUMAN,KLF16_HUMAN,ZN692_HUMAN,GLIS1_HUMAN,ZSC16_HUMAN,PRDM4_HUMAN,ZN600_HUMAN,ZN629_HUMAN,FEZF1_HUMAN,BC11B_HUMAN,ZN524_HUMAN,ZFHX2_HUMAN,ZSA5C_HUMAN,WT1_HUMAN,ZF69B_HUMAN,ZNF2_HUMAN,ZN664_HUMAN,ZBT20_HUMAN,SP2_HUMAN,ZN335_HUMAN,ZNF18_HUMAN,GLIS2_HUMAN,ZN132_HUMAN,KLF8_HUMAN,ZEB2_HUMAN,ZN626_HUMAN,ZBT12_HUMAN,ZN449_HUMAN,ZN770_HUMAN,ZN426_HUMAN,ZNF34_HUMAN,ZN555_HUMAN,ZN398_HUMAN,HIC1_HUMAN,ZN776_HUMAN,SCRT2_HUMAN,ZN366_HUMAN	HEK293T (embryonic kidney),HEK293 (embryonic kidney)	0.0	3.116609670892271	-0.904	1.49
chr1	16960806	A	G	AP2A_HUMAN,ZBT8A_HUMAN	HEK293T (embryonic kidney),cranial neural crest cells,HEK293 (embryonic kidney)	1.3431045168249631	0.0	1.0270000000000001	
chr1	32500567	C	G	ZBT8A_HUMAN,PRDM9_HUMAN	HEK293T (embryonic kidney),HEK293 (embryonic kidney)	0.0	1.3514368679838882		1.494
chr1	43389907	G	C	BC11A_HUMAN,ZBT8A_HUMAN,ZBT11_HUMAN,ZBT26_HUMAN,STAT1_HUMAN,PRD10_HUMAN,MAZ_HUMAN,SP2_HUMAN,GLIS2_HUMAN,ZN189_HUMAN	HEK293T (embryonic kidney),HEK293 (embryonic kidney),K562 (myelogenous leukemia),Human Umbilical Cord Blood-Derived Erythroid Progenitor Cells-2 (HUDEP-2)	0.0	4.022932020615835	-0.355	1.4409999999999998
chr1	43389955	G	C	ZBT8A_HUMAN,ZBT11_HUMAN,ZBT26_HUMAN,SP3_HUMAN,GLIS1_HUMAN,ZFHX2_HUMAN,ZBT20_HUMAN,SP2_HUMAN,GLIS2_HUMAN,ZN398_HUMAN	HEK293T (embryonic kidney),HEK293 (embryonic kidney)	2.067725949789679	0.0	1.681	
chr1	48472274	A	G	ZBT8A_HUMAN	HEK293 (embryonic kidney)	0.0	2.1097392078400197	-1.584	1.6369999999999998
chr1	48472277	G	A	ZBT8A_HUMAN,HIC1_HUMAN	HEK293 (embryonic kidney)	0.0	2.1097392078400197	-1.584	1.6369999999999998
chr1	61810743	T	C	ZBT8A_HUMAN,ZBT11_HUMAN,ZN697_HUMAN,ZN623_HUMAN,ZN781_HUMAN,Z518A_HUMAN,ZN426_HUMAN,ZNF34_HUMAN,ZN555_HUMAN	HEK293 (embryonic kidney)	1.5603877029707214	0.0	1.5859999999999999	-1.3719999999999999
chr1	65687903	A	C	CTCF_HUMAN,ZBT8A_HUMAN,IKZF1_HUMAN,STAT1_HUMAN	HEK293T (embryonic kidney),MCF7 (Invasive ductal breast carcinoma),HEK293 (embryonic kidney),HepG2 (hepatoblastoma),K562 (myelogenous leukemia),B-cells,ascending aorta	3.225264783340614	0.0	0.659	0.627
chr1	111755261	C	G	GATA1_HUMAN,ZBT8A_HUMAN,ZN629_HUMAN	CD34+ hematopoietic stem cells-derived proerythroblasts,GM12878 (female B-cells),HEK293 (embryonic kidney)	3.996137641167354	0.0	1.5519999999999998	-2.219
chr1	111755544	G	C	CTCF_HUMAN,CREB1_HUMAN,ZBT8A_HUMAN,STAT1_HUMAN,ZN629_HUMAN,ZBT21_HUMAN,ZN449_HUMAN	HEK293 (embryonic kidney),foreskin keratinocyte	1.5097494129741666	0.1783624491634147	0.375	0.28800000000000003
chr1	154609653	C	T	ZBT8A_HUMAN,ZN623_HUMAN	GM12878 (female B-cells),HEK293 (embryonic kidney)	0.0	3.049467552604578		1.778
chr1	155140628	G	T	CTCF_HUMAN,GABPA_HUMAN,ZBT8A_HUMAN	HEK293 (embryonic kidney),HepG2 (hepatoblastoma),HL-60 (acute myeloid leukemia),SK-N-SH (neuroblastoma)	1.9555863657412647	0.1038631592951886	0.508	0.395
chr1	169894024	A	C	ZBT8A_HUMAN,ZN770_HUMAN,ZN189_HUMAN,SPI1_HUMAN,ZSC22_HUMAN	HEK293 (embryonic kidney),HUVEC (umbilical vein endothelial cells),periferal blood macrophages	1.3795544554957417	0.0	1.615	-2.282
chr1	177978706	A	G	ZBT8A_HUMAN,ZN697_HUMAN,Z518A_HUMAN,ZNF34_HUMAN,ZN555_HUMAN	HEK293 (embryonic kidney)	1.7255573612625354	0.0	1.59	-1.466
chr1	179883024	G	C	CTCF_HUMAN,JUN_HUMAN,ZBT8A_HUMAN,SP2_HUMAN	22RV1 (prostate carcinoma),A549 (lung carcinoma),HEK293 (embryonic kidney),bipolar neuron	0.0	12.166068927944387	-0.16399999999999998	1.2790000000000001
chr1	179883025	C	T	CTCF_HUMAN,JUN_HUMAN,ZBT8A_HUMAN,SP2_HUMAN	22RV1 (prostate carcinoma),A549 (lung carcinoma),HEK293 (embryonic kidney),SK-N-SH (neuroblastoma),bipolar neuron	0.0	12.47002471195881	-0.16899999999999998	1.27
chr1	182299780	C	T	ZBT8A_HUMAN	K562 (myelogenous leukemia)	1.5102666982805688	0.0	1.595	
chr1	183081475	A	G	ZBT8A_HUMAN,ZBT11_HUMAN,ZF64A_HUMAN,ZN697_HUMAN,ZN781_HUMAN,Z518A_HUMAN,ZN426_HUMAN,ZNF34_HUMAN,ZN555_HUMAN,ZN394_HUMAN	HEK293 (embryonic kidney)	1.3239676281058013	0.0	1.51	-1.2990000000000002
chr1	200669534	G	A	AP2C_HUMAN,JUN_HUMAN,ZBT8A_HUMAN,FOXK2_HUMAN	A549 (lung carcinoma),LNCaP C4-2B (prostate carcinoma),GM12878 (female B-cells),HEK293 (embryonic kidney),MDA-MB-453 (breast adenocarcinoma),SK-BR-3 (breast adenocarcinoma),fetal bone marrow-derived mononuclear cells	0.0	1.7537284126145245		1.746
chr1	206557363	G	C	CTCF_HUMAN,ZBT8A_HUMAN	MCF7 (Invasive ductal breast carcinoma),HEK293 (embryonic kidney)	1.7115557599387983	0.002900673631641347	0.502	0.055
chr1	212285673	G	T	ZBT8A_HUMAN,ZBT26_HUMAN,ZBT17_HUMAN	HEK293 (embryonic kidney),HepG2 (hepatoblastoma)	0.0	1.3738445092328964		1.501
chr1	212414864	C	G	GRHL2_HUMAN,KLF1_HUMAN,ZBT8A_HUMAN,FOXK2_HUMAN,KMT2B_HUMAN,BC11B_HUMAN,PRDM9_HUMAN	HEK293T (embryonic kidney),LNCaP (prostate carcinoma),T47D (invasive ductal carcinoma),GM12878 (female B-cells),HEK293 (embryonic kidney),HepG2 (hepatoblastoma),thymus-derived CD34- cells	1.6257309746786188	0.0	0.9109999999999999	-0.198
chr1	214514267	T	C	ZBT8A_HUMAN	HEK293 (embryonic kidney)	0.0	1.3485726403461558		1.646
chr1	227318273	A	T	ZBT8A_HUMAN,FOXM1_HUMAN,SP3_HUMAN,PRD10_HUMAN,ZN341_HUMAN,GLIS2_HUMAN,ZN398_HUMAN	HEK293T (embryonic kidney),HEK293 (embryonic kidney)	0.0	1.8179665514809613		2.523
chr1	227318303	A	G	ZBT8A_HUMAN,PRD10_HUMAN,ZN341_HUMAN,ZN398_HUMAN	HEK293T (embryonic kidney),MCF7 (Invasive ductal breast carcinoma),HEK293 (embryonic kidney)	0.0	1.3744245258022658		2.439
chr1	230642745	G	C	CTCF_HUMAN,REST_HUMAN,HDAC2_HUMAN,MNT_HUMAN,NR2C1_HUMAN,ZBT8A_HUMAN,FOXK2_HUMAN,NRF1_HUMAN,ENL_HUMAN,MEIS2_HUMAN,MYC_HUMAN,PRDM9_HUMAN	HEK293T (embryonic kidney),A549 (lung carcinoma),CD14+ monocytes,GM12878 (female B-cells),HEK293 (embryonic kidney),K562 (myelogenous leukemia),MDA-MB-453 (breast adenocarcinoma)	0.25881182911041234	1.7191852795529479	0.312	0.596
chr11	633744	A	T	ZBT8A_HUMAN,ZBT11_HUMAN,ZF64A_HUMAN,ZN623_HUMAN,ZN555_HUMAN,ZN394_HUMAN	HEK293 (embryonic kidney)	3.397830180687434	0.0	1.587	-1.6380000000000001
chr11	3160399	T	G	AP2A_HUMAN,ZBT8A_HUMAN	cranial neural crest cells	0.0	1.3789804716528193	-2.575	1.554
chr11	6154388	A	G	ZBT8A_HUMAN,ZF64A_HUMAN,ZN781_HUMAN,ZN426_HUMAN,ZNF34_HUMAN,ZN555_HUMAN,ZN394_HUMAN	HEK293 (embryonic kidney)	1.9164900926330009	0.0	1.2919999999999998	
chr11	6154392	A	G	ZBT8A_HUMAN,ZF64A_HUMAN,ZN781_HUMAN,ZN426_HUMAN,ZNF34_HUMAN,ZN555_HUMAN,ZN394_HUMAN	HEK293 (embryonic kidney)	2.0937888093292996	0.0	1.3330000000000002	
chr11	19511741	G	C	ZBT8A_HUMAN	HEK293 (embryonic kidney)	2.067725949789679	0.0	1.344	-1.2429999999999999
chr11	110713124	A	C	ZBT8A_HUMAN	HEK293 (embryonic kidney)	1.4086961495458277	0.0	1.3330000000000002	-1.35
chr11	110713253	A	T	ZBT8A_HUMAN	HEK293 (embryonic kidney)	1.3239676281058013	0.0	1.2670000000000001	
chr12	104832	A	G	FOXA1_HUMAN,ZNF24_HUMAN,ZBT8A_HUMAN,ZBT26_HUMAN,ZN692_HUMAN,FEZF1_HUMAN,TZAP_HUMAN	VCaP (prostate carcinoma),HEK293 (embryonic kidney)	0.0	3.2580138374929306	-0.07	0.6579999999999999
chr12	10879819	G	A	ZBT8A_HUMAN,ZN697_HUMAN,ZN781_HUMAN,Z518A_HUMAN,ZN426_HUMAN,ZNF34_HUMAN,ZN555_HUMAN	HEK293 (embryonic kidney)	0.0	1.7563860931624262	-1.504	1.5590000000000002
chr12	10879907	A	C	ZBT8A_HUMAN,ZBT11_HUMAN,ZF64A_HUMAN,ZN101_HUMAN,ZXDB_HUMAN,ZN697_HUMAN,ZN781_HUMAN,Z518A_HUMAN,ZN577_HUMAN,ZN426_HUMAN,ZNF34_HUMAN,ZN555_HUMAN,ZN394_HUMAN	HEK293 (embryonic kidney)	0.0	1.545463341656067	-2.197	1.666
chr12	10879913	G	A	ZBT8A_HUMAN,ZBT11_HUMAN,ZF64A_HUMAN,ZN101_HUMAN,ZN697_HUMAN,ZN781_HUMAN,Z518A_HUMAN,ZN577_HUMAN,ZN426_HUMAN,ZNF34_HUMAN,ZN555_HUMAN,ZN394_HUMAN	HEK293 (embryonic kidney)	0.0	2.14481210488623		1.735
chr12	30755162	G	A	AP2A_HUMAN,ZFX_HUMAN,ZBT8A_HUMAN,ZF64A_HUMAN,ZBT20_HUMAN	HEK293T (embryonic kidney),HEK293 (embryonic kidney),MM1.S (plasma cell myeloma),breast tumor tissue,gastroesophageal sphincter	1.50130069364058	0.0	1.3940000000000001	-1.8769999999999998
chr12	32310081	T	G	MNT_HUMAN,ZBT8A_HUMAN,GLIS1_HUMAN	HEK293 (embryonic kidney),K562 (myelogenous leukemia)	0.0	1.4752254616024272	-0.8	1.037
chr12	41984142	G	A	ZBT8A_HUMAN,PRDM4_HUMAN,FEZF1_HUMAN,SP7_HUMAN,PRDM6_HUMAN,OSR2_HUMAN,GFI1B_HUMAN	HEK293 (embryonic kidney)	1.4142663004489384	0.0	1.51	-1.3980000000000001
chr12	63779793	C	A	ESR1_HUMAN,KLF9_HUMAN,ZBT8A_HUMAN,SP2_HUMAN,ZN335_HUMAN	HEK293 (embryonic kidney),breast tumor tissue	1.762608456821759	0.0	1.3659999999999999	
chr12	69739168	C	T	CTBP1_HUMAN,ZBT8A_HUMAN,ZBT26_HUMAN,NRF1_HUMAN,PRD10_HUMAN,ZFHX2_HUMAN	HEK293 (embryonic kidney),K562 (myelogenous leukemia)	0.0	1.4674062730377189	-2.207	1.63
chr12	95735869	A	T	ZBT8A_HUMAN,ZBT11_HUMAN,ZXDB_HUMAN,ZN697_HUMAN,Z518A_HUMAN,ZN510_HUMAN,ZN577_HUMAN,ZN426_HUMAN,ZNF34_HUMAN,ZN555_HUMAN	HEK293 (embryonic kidney)	2.680825542514855	0.0	1.88	
chr12	107645871	T	G	ZBT8A_HUMAN,FEZF1_HUMAN,WT1_HUMAN,ZN664_HUMAN,ZBT20_HUMAN,SP2_HUMAN,PATZ1_HUMAN,ZN398_HUMAN,ZN189_HUMAN	HEK293 (embryonic kidney)	0.0	2.3030624300285996		1.7890000000000001
chr12	110418319	C	T	ZBT8A_HUMAN,ZN629_HUMAN,ZFHX2_HUMAN,PRDM6_HUMAN,ZBT17_HUMAN,ZN366_HUMAN	HEK293 (embryonic kidney)	0.0	2.050787404364125		1.584
chr12	120291911	T	C	FOXA1_HUMAN,GCR_HUMAN,ATF1_HUMAN,CREB1_HUMAN,MNT_HUMAN,CLOCK_HUMAN,ZBT8A_HUMAN,FOXK2_HUMAN,BCLF1_HUMAN,GATA4_HUMAN,RING2_HUMAN,NRF1_HUMAN,CEBPD_HUMAN,HIF1A_HUMAN,PML_HUMAN	HEK293T (embryonic kidney),T47D (invasive ductal carcinoma),MCF7 (Invasive ductal breast carcinoma),GM12878 (female B-cells),HEK293 (embryonic kidney),HepG2 (hepatoblastoma),K562 (myelogenous leukemia)	1.3675410937210903	0.0	0.47700000000000004	-0.05
chr12	120291913	C	T	GCR_HUMAN,KAISO_HUMAN,ATF1_HUMAN,CREB1_HUMAN,MNT_HUMAN,CLOCK_HUMAN,ZBT8A_HUMAN,FOXK2_HUMAN,RING2_HUMAN,NRF1_HUMAN,FOS_HUMAN,CEBPD_HUMAN,PML_HUMAN	HEK293T (embryonic kidney),LNCaP (prostate carcinoma),T47D (invasive ductal carcinoma),MCF7 (Invasive ductal breast carcinoma),GM12878 (female B-cells),HEK293 (embryonic kidney),HepG2 (hepatoblastoma),K562 (myelogenous leukemia)	1.6057685214156883	0.012857943076182378	0.823	-0.235
chr12	120291915	G	A	FOXA1_HUMAN,KAISO_HUMAN,ATF1_HUMAN,FOSL1_HUMAN,CREB1_HUMAN,MNT_HUMAN,CLOCK_HUMAN,ZBT8A_HUMAN,FOXK2_HUMAN,RING2_HUMAN,NRF1_HUMAN,FOS_HUMAN,NCOA1_HUMAN,CEBPD_HUMAN,PML_HUMAN	HEK293T (embryonic kidney),LNCaP (prostate carcinoma),T47D (invasive ductal carcinoma),MCF7 (Invasive ductal breast carcinoma),GM12878 (female B-cells),HEK293 (embryonic kidney),HepG2 (hepatoblastoma),K562 (myelogenous leukemia)	1.4718347578462416	0.0	0.441	-0.08199999999999999
chr12	124940172	C	G	BC11A_HUMAN,HDAC2_HUMAN,MNT_HUMAN,MGAP_HUMAN,ZBT8A_HUMAN,SMCA4_HUMAN,LMBL2_HUMAN,ZN600_HUMAN,FEZF1_HUMAN,HDAC1_HUMAN	HEK293T (embryonic kidney),HEK293 (embryonic kidney),K562 (myelogenous leukemia),foreskin keratinocyte	0.0	1.4412664464386553	-1.251	1.564
chr13	49444706	T	G	ZBT8A_HUMAN,SP2_HUMAN	HEK293T (embryonic kidney),HEK293 (embryonic kidney)	0.0	1.4470581468108437	-1.4680000000000002	1.319
chr13	50910309	C	T	ZFX_HUMAN,CREB1_HUMAN,ZBT8A_HUMAN,ZBT26_HUMAN,ZF64A_HUMAN	HEK293T (embryonic kidney),GM12878 (female B-cells),HEK293 (embryonic kidney)	1.4395019949723595	0.0	1.024	1.588
chr13	52450239	G	C	ZBT8A_HUMAN,FOXK2_HUMAN,ZBT26_HUMAN,STAT1_HUMAN,PRDM9_HUMAN	CD14+ monocytes,GM12878 (female B-cells),HEK293 (embryonic kidney),MDA-MB-453 (breast adenocarcinoma),foreskin keratinocyte	2.1480859316810808	0.0	0.6	
chr13	110982476	C	T	ZBT8A_HUMAN	HEK293 (embryonic kidney)	0.0	1.5643586530338316	-2.303	1.61
chr13	113490884	C	T	ZBT8A_HUMAN,SP2_HUMAN,TF65_HUMAN	HEK293 (embryonic kidney),HAEC (human aortic endothelial cells)	0.0	3.3601378672836466		1.859
chr14	20342926	T	G	ZBT8A_HUMAN,FOXK2_HUMAN,ZN629_HUMAN,ZBT10_HUMAN	GM12878 (female B-cells),HEK293 (embryonic kidney)	0.0	2.829295467582157		0.449
chr14	24429988	C	T	CREB1_HUMAN,ZBT8A_HUMAN,NFYC_HUMAN	HEK293 (embryonic kidney),HepG2 (hepatoblastoma)	0.0	3.702028522869586	-0.192	1.255
chr14	32203504	C	A	ZBT8A_HUMAN,FOXK2_HUMAN	HEK293T (embryonic kidney),GM12878 (female B-cells),HEK293 (embryonic kidney),HepG2 (hepatoblastoma)	0.0	1.6397321568827825	-1.609	1.442
chr14	32941815	A	G	ZBT8A_HUMAN	HEK293 (embryonic kidney)	0.0	2.5919596884334966		1.6540000000000001
chr14	58848540	G	A	ZBT8A_HUMAN,ZN623_HUMAN,ZN781_HUMAN,Z518A_HUMAN,ZN426_HUMAN,ZNF34_HUMAN,ZN555_HUMAN,ZN394_HUMAN	HEK293 (embryonic kidney)	0.0	3.1366876161956254		1.659
chr14	74019223	C	A	CTCF_HUMAN,ZBT8A_HUMAN,STAT1_HUMAN	CD14+ monocytes,HEK293 (embryonic kidney)	1.3615983458669476	0.1295946671037952	0.395	0.17800000000000002
chr15	72806298	T	A	ZBT8A_HUMAN,ZBT11_HUMAN,ZF64A_HUMAN,ZN558_HUMAN,ZN697_HUMAN,ZN623_HUMAN,ZN781_HUMAN,Z518A_HUMAN,ZN577_HUMAN,ZN426_HUMAN,ZNF34_HUMAN,ZN555_HUMAN,ZN394_HUMAN	HEK293 (embryonic kidney)	1.7255573612625354	0.0	1.093	-1.2790000000000001
chr15	77527334	G	A	ZFX_HUMAN,REST_HUMAN,ZBT8A_HUMAN,TZAP_HUMAN,SP7_HUMAN,ZN341_HUMAN,ZBT17_HUMAN,ZBT20_HUMAN,PATZ1_HUMAN,ZN398_HUMAN,PRDM9_HUMAN	HEK293T (embryonic kidney),HEK293 (embryonic kidney),K562 (myelogenous leukemia)	0.0	3.2824171070916695	-0.20800000000000002	0.716
chr15	77527436	G	A	ZBT8A_HUMAN,GLIS1_HUMAN,SP7_HUMAN,ZN341_HUMAN,ZBT20_HUMAN,SP2_HUMAN,ZN335_HUMAN,GLIS2_HUMAN	HEK293 (embryonic kidney)	1.4142663004489384	0.0	1.581	-2.375
chr15	81941753	C	T	ZBT8A_HUMAN	HEK293 (embryonic kidney)	2.019735545198893	0.0	1.62	
chr15	98650047	A	C	ZBT8A_HUMAN,GLIS1_HUMAN,KMT2A_HUMAN	HEK293 (embryonic kidney)	1.3239676281058013	0.0	1.6340000000000001	
chr15	99123840	G	A	ZBT8A_HUMAN,ZN692_HUMAN,GLIS1_HUMAN,ZBT17_HUMAN,SCRT2_HUMAN,ZN394_HUMAN,ZN189_HUMAN	HEK293 (embryonic kidney),SK-N-SH (neuroblastoma)	2.442102539352521	0.0	1.766	
chr15	99123969	C	T	ZBT8A_HUMAN,INSM2_HUMAN,ZN341_HUMAN,ZN366_HUMAN	HEK293 (embryonic kidney),SK-N-SH (neuroblastoma)	0.0	1.3370247452248265		1.601
chr16	2660912	G	C	CTCF_HUMAN,ZBT8A_HUMAN	HEK293 (embryonic kidney),spleen,neural progenitors,erythroid cells,pancreas,thoracic aorta,sigmoid colon,adrenal gland,upper lobe of left lung,smooth muscle cell,NB69 (neuroblastoma)	44.50259974804616	0.0	1.1320000000000001	0.057999999999999996
chr16	4402583	G	A	RAD21_HUMAN,CTCF_HUMAN,SMC3_HUMAN,SIN3A_HUMAN,ZBT8A_HUMAN,SP7_HUMAN,MAZ_HUMAN,ZBT17_HUMAN,SP2_HUMAN,ZN654_HUMAN,ZN189_HUMAN,KDM5B_HUMAN	A549 (lung carcinoma),LNCaP (prostate carcinoma),MCF7 (Invasive ductal breast carcinoma),LNCaP C4-2B (prostate carcinoma),HEK293 (embryonic kidney),HeLa S3 (cervical adenocarcinoma),Ishikawa (endometrial adenocarcinoma),MDA-MB-453 (breast adenocarcinoma),spleen,SH-SY5Y (neuroblastoma),SK-N-SH (neuroblastoma),breast epithelial cells,RWPE1 (prostate epithelial cells),neural progenitors,erythroid cells,hepatocytes,heart left ventricle,esophagus squamous epithelium,ovary,right lobe of liver,gastroesophageal sphincter,stomach,transverse colon,uterus,esophagus muscularis mucosa,thyroid gland,ascending aorta,LNCaP clone FGC,tibial nerve,upper lobe of left lung,foreskin keratinocyte	25.561263294342094	0.0	1.6119999999999999	-0.589
chr16	23360209	T	A	ZBT8A_HUMAN,ZN623_HUMAN,ZN781_HUMAN,Z518A_HUMAN,ZN577_HUMAN,ZN426_HUMAN,ZNF34_HUMAN,ZN394_HUMAN	HEK293 (embryonic kidney)	1.9509613384630995	0.0	1.679	-2.5540000000000003
chr16	46389974	C	G	EP300_HUMAN,EZH2_HUMAN,TAF7_HUMAN,ESR1_HUMAN,ANDR_HUMAN,FOXA1_HUMAN,KDM1A_HUMAN,ZBT8A_HUMAN,MAFK_HUMAN,ZSCA4_HUMAN,PRDM9_HUMAN,SNAI2_HUMAN,PBX1_HUMAN,KDM5B_HUMAN	22RV1 (prostate carcinoma),HEK293T (embryonic kidney),LNCaP C4-2 (prostate carcinoma),keratinocytes,A673 (Ewing sarcoma),H1 (embryonic stem cells),HCT-116 (colon carcinoma),SK-N-SH (neuroblastoma),OCI-LY7 (diffuse large B-cell lymphoma),ICN12 (primary pre-B acute lymphomablastic leukemia),bipolar neuron,ovary,gastroesophageal sphincter,KMS-11	8.952409341965096	0.0	0.8059999999999999	0.107
chr16	57284606	G	C	ZBT8A_HUMAN,ZBT26_HUMAN	HEK293T (embryonic kidney)	0.0	3.069029975462819	-1.8019999999999998	1.646
chr16	78524428	A	G	REST_HUMAN,ZBT8A_HUMAN,ZF64A_HUMAN,ZN140_HUMAN,ZN781_HUMAN,ZN426_HUMAN,ZN394_HUMAN	HEK293 (embryonic kidney)	1.4052137509127993	0.0	1.18	
chr16	82152778	G	C	ZBT8A_HUMAN,GLI2_HUMAN,PRDM6_HUMAN	HEK293 (embryonic kidney)	1.794649782310257	0.0	1.4380000000000002	-1.463
chr17	1081321	C	T	ZBT8A_HUMAN	HEK293 (embryonic kidney)	1.8959038573084406	0.0	1.594	
chr17	7717384	T	G	RAD21_HUMAN,CTCF_HUMAN,SMC3_HUMAN,JUN_HUMAN,ZBT8A_HUMAN,GLIS1_HUMAN	A549 (lung carcinoma),LNCaP (prostate carcinoma),MCF7 (Invasive ductal breast carcinoma),HepG2 (hepatoblastoma),adrenal gland	0.0	4.728952899900249	0.36200000000000004	0.9790000000000001
chr17	14069497	G	A	CREB1_HUMAN,ZBT8A_HUMAN,STAT1_HUMAN,KLF8_HUMAN	HEK293T (embryonic kidney),CD14+ monocytes,GM12878 (female B-cells),HepG2 (hepatoblastoma)	0.0	1.3186730869390628	0.24100000000000002	0.467
chr17	28779854	C	G	ZBT8A_HUMAN,ZNF34_HUMAN	HEK293 (embryonic kidney)	0.0	2.7586809101581693		1.7380000000000002
chr17	31549862	G	A	ZBT8A_HUMAN,THA11_HUMAN,MXI1_HUMAN,HDAC1_HUMAN	A549 (lung carcinoma),GM12878 (female B-cells),HepG2 (hepatoblastoma),K562 (myelogenous leukemia)	0.0	1.4522746391835089		0.589
chr17	31549918	C	G	CTCF_HUMAN,JUN_HUMAN,BCL3_HUMAN,ZBT8A_HUMAN,SNAI2_HUMAN,HIF1A_HUMAN	A549 (lung carcinoma),T47D (invasive ductal carcinoma),keratinocytes,GM12878 (female B-cells),HEK293 (embryonic kidney),macrophages	0.06844935904614333	1.6157000376936164	0.278	0.43799999999999994
chr17	38869983	C	T	JUN_HUMAN,BCL3_HUMAN,ZBT8A_HUMAN,STAT1_HUMAN	A549 (lung carcinoma),CD14+ monocytes,HEK293 (embryonic kidney)	0.2297216007830025	2.211030098637483	-0.19	0.78
chr17	39056999	T	C	KLF9_HUMAN,E2F1_HUMAN,ZBT8A_HUMAN,FOXK2_HUMAN,ZBT26_HUMAN	LNCaP (prostate carcinoma),HSR-GBM1A (glioblastoma),GM12878 (female B-cells),HEK293 (embryonic kidney),K562 (myelogenous leukemia)	4.142128865540322	0.0	1.639	-1.274
chr17	39057054	C	T	EGR1_HUMAN,KLF9_HUMAN,E2F1_HUMAN,ZBT8A_HUMAN,IKZF1_HUMAN,ZBT26_HUMAN,NRF1_HUMAN,MEIS2_HUMAN,ZBTB2_HUMAN	A549 (lung carcinoma),LNCaP (prostate carcinoma),T47D (invasive ductal carcinoma),HeLa S3 (cervical adenocarcinoma),K562 (myelogenous leukemia)	0.2340188783401838	2.2909791918408753	0.479	0.39899999999999997
chr17	39057064	C	A	EP300_HUMAN,CTCF_HUMAN,KLF9_HUMAN,E2F1_HUMAN,ZBT8A_HUMAN,ZBT26_HUMAN,NRF1_HUMAN	A549 (lung carcinoma),LNCaP (prostate carcinoma),GM12878 (female B-cells),HEK293 (embryonic kidney),K562 (myelogenous leukemia),tibial nerve	2.038940385808234	0.0	0.8540000000000001	-0.536
chr17	44095884	G	C	ZBT8A_HUMAN,IKZF1_HUMAN,SP3_HUMAN	A549 (lung carcinoma),GM12878 (female B-cells),HepG2 (hepatoblastoma),K562 (myelogenous leukemia)	1.8221981829337168	0.07646651645885781	1.446	-0.445
chr17	44130179	G	A	REST_HUMAN,ZBT8A_HUMAN,ZBT11_HUMAN,ZF64A_HUMAN,ZN623_HUMAN,ZN781_HUMAN,Z518A_HUMAN,ZN577_HUMAN,ZN426_HUMAN,ZNF34_HUMAN	HEK293 (embryonic kidney)	0.0	2.511695370096782		1.6380000000000001
chr17	45584431	T	C	HDAC2_HUMAN,KDM1A_HUMAN,MNT_HUMAN,ZNF24_HUMAN,NR2C1_HUMAN,NCOR1_HUMAN,ZBT8A_HUMAN,ILF3_HUMAN,EMSY_HUMAN,EP400_HUMAN,FOXK2_HUMAN,RB_HUMAN,MEIS2_HUMAN,ARI1B_HUMAN,HDAC1_HUMAN,ERG_HUMAN	VCaP (prostate carcinoma),GM12878 (female B-cells),HEK293 (embryonic kidney),HepG2 (hepatoblastoma),K562 (myelogenous leukemia)	0.0	1.6814933299090113	-0.743	1.242
chr17	45584662	A	G	ZBT40_HUMAN,EGR1_HUMAN,HDAC2_HUMAN,KDM1A_HUMAN,MNT_HUMAN,ZBT8A_HUMAN,ILF3_HUMAN,EP400_HUMAN,ZBT26_HUMAN,MXI1_HUMAN,RB_HUMAN,ARI1B_HUMAN,HDAC1_HUMAN,KMT2A_HUMAN,HIF1A_HUMAN,HIF3A_HUMAN,TFE2_HUMAN	T47D (invasive ductal carcinoma),LNCaP C4-2B (prostate carcinoma),HEK293 (embryonic kidney),HepG2 (hepatoblastoma),K562 (myelogenous leukemia),ICN12 (primary pre-B acute lymphomablastic leukemia),fetal bone marrow-derived mononuclear cells,neural cell	0.0	1.4477885962793513	-0.703	1.081
chr17	45895549	C	T	ZBT8A_HUMAN	HEK293T (embryonic kidney),HEK293 (embryonic kidney)	0.0	1.5287987826140095		1.685
chr17	48892813	C	G	ZBT8A_HUMAN,HTF4_HUMAN,STAT1_HUMAN,SP7_HUMAN,ZN316_HUMAN	HEK293T (embryonic kidney),CD14+ monocytes,HCT-116 (colon carcinoma),HEK293 (embryonic kidney),K562 (myelogenous leukemia)	0.34887710088754076	2.7998035103044496	0.85	0.6759999999999999
chr17	67245838	G	C	SKI_HUMAN,ZBT8A_HUMAN,SMAD4_HUMAN	MCF7 (Invasive ductal breast carcinoma),HepG2 (hepatoblastoma)	0.0	1.3611522519024386		1.601
chr17	67585674	A	G	ZBT8A_HUMAN	HEK293 (embryonic kidney)	2.21737354376023	0.0	1.8259999999999998	
chr17	81513849	G	A	ZIC2_HUMAN,MGAP_HUMAN,ZBT8A_HUMAN,HDAC1_HUMAN,SNAI2_HUMAN	HEK293T (embryonic kidney),keratinocytes,GM12878 (female B-cells),HEK293 (embryonic kidney),K562 (myelogenous leukemia)	0.0	5.777657578541004		1.6640000000000001
chr17	81513925	G	C	ZIC2_HUMAN,ZBT8A_HUMAN,ZN600_HUMAN	HEK293T (embryonic kidney),HEK293 (embryonic kidney),HepG2 (hepatoblastoma),pancreas	0.0	4.1755813603233		1.405
chr17	82359096	T	C	ZBT8A_HUMAN,SP3_HUMAN,ZN600_HUMAN,ZBT17_HUMAN,ZNF76_HUMAN	HEK293T (embryonic kidney),HEK293 (embryonic kidney)	0.0	4.701074549426394		2.063
chr17	82359229	A	G	ZBT8A_HUMAN,SP3_HUMAN,ZBT17_HUMAN,ZBT10_HUMAN,PRDM9_HUMAN	HEK293T (embryonic kidney),HEK293 (embryonic kidney)	0.0	2.866519919712448		1.911
chr17	82359236	T	A	CTBP1_HUMAN,ZBT8A_HUMAN,SP3_HUMAN,ZBT17_HUMAN,ZBT10_HUMAN,PRDM9_HUMAN	HEK293T (embryonic kidney),HEK293 (embryonic kidney)	0.0	2.6321162297631227		1.844
chr17	82359237	C	A	CTBP1_HUMAN,ZBT8A_HUMAN,SP3_HUMAN,ZBT17_HUMAN,ZBT10_HUMAN,PRDM9_HUMAN	HEK293T (embryonic kidney),HEK293 (embryonic kidney)	0.0	2.5361110831741858		1.824
chr19	1021238	A	G	ESR1_HUMAN,KLF9_HUMAN,ZBT8A_HUMAN,GLIS1_HUMAN,KLF8_HUMAN	HEK293 (embryonic kidney),breast tumor tissue	2.4349381779391575	0.0	1.235	
chr19	1027641	G	A	ZBT7A_HUMAN,ZBT8A_HUMAN,SP7_HUMAN,BC11B_HUMAN,KLF8_HUMAN,PATZ1_HUMAN,ZN189_HUMAN	HEK293 (embryonic kidney)	1.8522969324925662	0.0	1.6340000000000001	-2.508
chr19	1101993	A	G	EP300_HUMAN,CTCF_HUMAN,AP2A_HUMAN,ZBT8A_HUMAN	cranial neural crest cells,GM12878 (female B-cells),HEK293 (embryonic kidney),HepG2 (hepatoblastoma),liver,upper lobe of left lung	1.3655751029849845	0.39497556552569707	1.916	0.509
chr19	5828369	A	G	ZIC2_HUMAN,ZBT8A_HUMAN,STAT1_HUMAN,ZN600_HUMAN,ZSC21_HUMAN,GLIS2_HUMAN,HIC1_HUMAN	CD14+ monocytes,HEK293 (embryonic kidney)	0.0	2.8630405774508327	-2.6860000000000004	1.733
chr19	14476936	C	G	ZIC2_HUMAN,KLF9_HUMAN,ZBT8A_HUMAN,GLIS1_HUMAN,ZN629_HUMAN,ZEB2_HUMAN	HEK293 (embryonic kidney)	0.0	8.148537878943753		2.398
chr19	14476944	T	C	ZIC2_HUMAN,KLF9_HUMAN,ZBT8A_HUMAN,GLIS1_HUMAN,ZN629_HUMAN	HEK293 (embryonic kidney),K562 (myelogenous leukemia)	0.0	8.577173546716999		2.44
chr19	28425553	C	T	BC11A_HUMAN,ZBT8A_HUMAN,ATF2_HUMAN,GLIS1_HUMAN,ZNF10_HUMAN,FEZF1_HUMAN,PRD10_HUMAN,ZN341_HUMAN,WT1_HUMAN,ZXDB_HUMAN,OSR2_HUMAN,HIC1_HUMAN	HEK293 (embryonic kidney),K562 (myelogenous leukemia)	0.0	1.8743455089252359		1.719
chr19	34926853	T	C	ZBT8A_HUMAN,IKZF1_HUMAN,ZN335_HUMAN,ZN143_HUMAN,ENL_HUMAN	GM12878 (female B-cells),HEK293 (embryonic kidney),HepG2 (hepatoblastoma)	1.7327513684066778	0.0	0.326	
chr19	36114745	T	C	ZBT8A_HUMAN,FOXK2_HUMAN	GM12878 (female B-cells),HEK293 (embryonic kidney)	1.3025213218714673	0.0	0.516	
chr19	36114892	C	T	TYY1_HUMAN,ZBT8A_HUMAN,FOXK2_HUMAN,SP3_HUMAN,GLIS2_HUMAN	LNCaP (prostate carcinoma),GM12878 (female B-cells),HEK293 (embryonic kidney)	1.5780432544725962	0.32331331316129397	1.886	0.345
chr19	36114973	G	T	ESR1_HUMAN,AP2A_HUMAN,KLF9_HUMAN,ZBT8A_HUMAN,ZBT26_HUMAN,ZBT17_HUMAN,ZN335_HUMAN,GLIS2_HUMAN	cranial neural crest cells,HEK293 (embryonic kidney),breast tumor tissue	1.762608456821759	0.0	0.875	
chr19	39125853	G	A	MNT_HUMAN,ZBT8A_HUMAN,STAT1_HUMAN,HIC1_HUMAN,SCRT2_HUMAN,ZN394_HUMAN	CD14+ monocytes,HEK293 (embryonic kidney),K562 (myelogenous leukemia)	0.0	1.3919472901449976	-0.42100000000000004	1.156
chr19	39125881	T	C	ZN148_HUMAN,MNT_HUMAN,ZBT8A_HUMAN,SP3_HUMAN,ZFHX2_HUMAN,ZN335_HUMAN	HEK293 (embryonic kidney),K562 (myelogenous leukemia)	0.00528896052851498	1.5240635885642784	-0.765	1.494
chr19	44741915	A	G	NFIC_HUMAN,RXRA_HUMAN,CEBPB_HUMAN,JUN_HUMAN,SP1_HUMAN,HDAC2_HUMAN,CTBP1_HUMAN,TTP_HUMAN,ATF3_HUMAN,ZBT8A_HUMAN,EMSY_HUMAN,SMCA4_HUMAN,ATF4_HUMAN,CEBPA_HUMAN,RING2_HUMAN,MAFK_HUMAN,E4F1_HUMAN,ARI1B_HUMAN,ZN316_HUMAN	A549 (lung carcinoma),MCF7 (Invasive ductal breast carcinoma),HCT-116 (colon carcinoma),HEK293 (embryonic kidney),HepG2 (hepatoblastoma),K562 (myelogenous leukemia),SK-N-SH (neuroblastoma),liver	3.1466325903690042	0.05685602792501808	1.732	0.213
chr19	48469483	T	C	ZBT8A_HUMAN	HEK293 (embryonic kidney)	0.0	3.8247100812283352	-1.375	1.234
chr19	48725015	T	C	ZBT8A_HUMAN,FOXK2_HUMAN,NRF1_HUMAN	CUTLL1 (T-cell lymphoblastic lymphoma 1),HEK293 (embryonic kidney),K562 (myelogenous leukemia),monocyte-derived dendritic cells,breast tumor xenograft	0.0	1.4492046827352112	0.16399999999999998	1.475
chr19	48874988	T	C	ZBT8A_HUMAN,ZN335_HUMAN	GM12878 (female B-cells),HEK293 (embryonic kidney)	2.442102539352521	0.0	0.742	-1.317
chr19	48875051	A	G	ZBT8A_HUMAN,IKZF2_HUMAN,ZN491_HUMAN,ZN335_HUMAN	GM12878 (female B-cells),HEK293 (embryonic kidney),Ishikawa (endometrial adenocarcinoma)	2.21737354376023	0.0	0.591	
chr19	53431591	G	A	ZBT8A_HUMAN,ZN189_HUMAN	MCF7 (Invasive ductal breast carcinoma),HEK293 (embryonic kidney)	0.0	2.605367946315376	-1.548	1.5819999999999999
chr19	53431824	C	T	CTCF_HUMAN,FOXA1_HUMAN,ZBT8A_HUMAN,SP3_HUMAN	HEK293 (embryonic kidney),MDA-MB-453 (breast adenocarcinoma),PC9 (lung adenocarcinoma)	0.22761902993485195	1.4058256893003416	0.379	0.45899999999999996
chr2	27086538	G	A	RAD21_HUMAN,CTCF_HUMAN,AP2A_HUMAN,SMC3_HUMAN,JUN_HUMAN,ZBT8A_HUMAN,ZN335_HUMAN	HEK293T (embryonic kidney),786-O (renal carcinoma),A549 (lung carcinoma),cranial neural crest cells,HepG2 (hepatoblastoma),K562 (myelogenous leukemia),neutrophils	4.769296713422959	0.0	0.7290000000000001	-0.027999999999999997
chr2	27402794	A	G	ZBT8A_HUMAN,ZF64A_HUMAN,ZN623_HUMAN,ZN577_HUMAN,ZN426_HUMAN,ZNF34_HUMAN,ZN555_HUMAN,ZN394_HUMAN	HEK293 (embryonic kidney)	3.8382620289351124	0.0	1.8259999999999998	-2.12
chr2	43219477	G	A	AP2A_HUMAN,ZBT8A_HUMAN,IKZF1_HUMAN,TBX21_HUMAN	cranial neural crest cells,GM12878 (female B-cells),HepG2 (hepatoblastoma),K562 (myelogenous leukemia)	1.4701705047144673	0.0	1.146	-1.051
chr2	43226118	C	G	ZBT8A_HUMAN,ZN335_HUMAN	HEK293T (embryonic kidney),HEK293 (embryonic kidney)	1.3239676281058013	0.0	1.195	-1.368
chr2	60719076	A	T	ZBT8A_HUMAN,ZF64A_HUMAN,ZN654_HUMAN,ZN697_HUMAN,ZN623_HUMAN,ZN781_HUMAN,ZN577_HUMAN,ZN426_HUMAN,ZNF34_HUMAN,ZN555_HUMAN,ZN394_HUMAN	HEK293 (embryonic kidney)	1.5603877029707214	0.0	1.347	
chr2	70302110	T	C	RAD21_HUMAN,CTCF_HUMAN,ZBT8A_HUMAN	HEK293T (embryonic kidney),A549 (lung carcinoma),MCF7 (Invasive ductal breast carcinoma),CD34+ stem cells-derived erythroblasts,Jurkat (T-cells),K562 (myelogenous leukemia),SUM159PT (pleiomorphic breast carcinoma)	2.4606186238469663	0.11881279753034342	0.523	0.244
chr2	85510181	T	G	REST_HUMAN,ZBT8A_HUMAN,ZN629_HUMAN,ZXDB_HUMAN,ZN654_HUMAN,ZN697_HUMAN,ZN623_HUMAN,ZN781_HUMAN,Z518A_HUMAN,ZN577_HUMAN,ZN426_HUMAN,ZNF34_HUMAN,ZN555_HUMAN,ZN394_HUMAN	HEK293 (embryonic kidney)	4.1174010149346465	0.0	1.726	-1.936
chr2	171522308	A	G	MAX_HUMAN,ZBT8A_HUMAN,IKZF2_HUMAN,NRF1_HUMAN	GM12878 (female B-cells),K562 (myelogenous leukemia)	1.4598996509428963	0.0	0.496	0.015
chr2	175168643	C	T	ESR1_HUMAN,ZBT8A_HUMAN,ATF4_HUMAN,GABP1_HUMAN	K562 (myelogenous leukemia),breast tumor tissue	0.0	1.8438484390288405	-2.735	1.5130000000000001
chr2	190408755	G	C	ZBT8A_HUMAN,SPI1_HUMAN	HEK293 (embryonic kidney),monocyte-derived dendritic cells,neural cell	0.0	1.666158695743085	-1.204	1.07
chr2	212537917	G	C	ZBT8A_HUMAN	HEK293 (embryonic kidney)	4.387213597702339	0.0	1.5219999999999998	-1.699
chr2	212537981	A	G	ZBT8A_HUMAN	HEK293 (embryonic kidney)	1.7739251578547863	0.0	1.34	-1.504
chr20	2172409	A	G	CTCF_HUMAN,REST_HUMAN,ZBT8A_HUMAN,ATF2_HUMAN,ZBT11_HUMAN,ZF64A_HUMAN,SP3_HUMAN,ZN629_HUMAN,ZN558_HUMAN,ZN341_HUMAN,ZN781_HUMAN,Z518A_HUMAN,ZN510_HUMAN,ZN577_HUMAN,ZN426_HUMAN,ZNF34_HUMAN,ZN555_HUMAN,ZN501_HUMAN,ZFP37_HUMAN,ZN366_HUMAN,ZN394_HUMAN,ZN189_HUMAN	22RV1 (prostate carcinoma),HEK293 (embryonic kidney)	0.0	1.5516553836644122	0.047	0.9840000000000001
chr20	23361589	G	A	ANDR_HUMAN,JUN_HUMAN,ZBT8A_HUMAN	A549 (lung carcinoma),GM12878 (female B-cells),HEK293 (embryonic kidney),MDA-MB-453 (breast adenocarcinoma)	0.0	1.3632321544883086		1.136
chr20	23361602	A	C	ANDR_HUMAN,JUN_HUMAN,ZBT8A_HUMAN	A549 (lung carcinoma),MCF7 (Invasive ductal breast carcinoma),GM12878 (female B-cells),HEK293 (embryonic kidney),MDA-MB-453 (breast adenocarcinoma)	0.2931553286940827	1.4687783493050703	0.332	1.178
chr20	23361839	T	C	ESR1_HUMAN,ANDR_HUMAN,JUN_HUMAN,ZBT8A_HUMAN,FOXK2_HUMAN,ZBT11_HUMAN,SP2_HUMAN,USF1_HUMAN	A549 (lung carcinoma),MCF7 (Invasive ductal breast carcinoma),LNCaP C4-2B (prostate carcinoma),HEK293 (embryonic kidney),MDA-MB-453 (breast adenocarcinoma),SK-N-SH (neuroblastoma),breast tumor tissue	1.5815928729676727	0.19786830911548434	1.686	0.586
chr20	49812971	G	C	ZFX_HUMAN,EGR1_HUMAN,ZBT8A_HUMAN,NRF1_HUMAN,EGR2_HUMAN,ZFHX2_HUMAN,HDAC1_HUMAN	HEK293T (embryonic kidney),HEK293 (embryonic kidney),K562 (myelogenous leukemia),foreskin keratinocyte	0.023406395379286613	1.4616316345977336	0.275	1.047
chr20	62142625	C	G	ZBT8A_HUMAN	HEK293 (embryonic kidney)	0.0	1.6318272888691818	-2.282	1.65
chr20	63816843	G	A	ZBT8A_HUMAN,ZBT17_HUMAN,SP2_HUMAN	HEK293 (embryonic kidney)	1.3761030009366046	0.0	1.4480000000000002	
chr21	31557491	C	A	ZBT8A_HUMAN	HEK293 (embryonic kidney)	2.3386131275715782	0.0	1.984	
chr21	33324959	T	C	ZBT7A_HUMAN,MAX_HUMAN,KLF9_HUMAN,ZBT8A_HUMAN,ZN629_HUMAN,EGR2_HUMAN,PRD10_HUMAN,ZN341_HUMAN,MAZ_HUMAN,SP2_HUMAN,ZBT10_HUMAN	NCI-H2171 (small cell lung carcinoma),HEK293 (embryonic kidney)	1.7466976793051339	0.0	1.871	
chr21	39313678	C	T	T2AG_HUMAN,TYY1_HUMAN,HDAC2_HUMAN,ZNF24_HUMAN,CSN2_HUMAN,MGAP_HUMAN,NCOA2_HUMAN,GMEB1_HUMAN,E2F1_HUMAN,ZBT8A_HUMAN,TAF9B_HUMAN,NCOA6_HUMAN,HDAC3_HUMAN,EP400_HUMAN,ARNT_HUMAN,ZBT26_HUMAN,ZN692_HUMAN,ZN629_HUMAN,FEZF1_HUMAN,SP7_HUMAN,PRD10_HUMAN,PRDM6_HUMAN,ZSA5A_HUMAN,ZN623_HUMAN,KLF8_HUMAN,PATZ1_HUMAN,ZN770_HUMAN,ZBT10_HUMAN,MTG8R_HUMAN,TIF1A_HUMAN,HIC1_HUMAN,ZN394_HUMAN	HEK293 (embryonic kidney),K562 (myelogenous leukemia)	0.0	2.439693088668279	-1.149	0.998
chr22	17085339	T	A	ZBT8A_HUMAN,ZFHX2_HUMAN,HDAC1_HUMAN	HEK293 (embryonic kidney),K562 (myelogenous leukemia),macrophages	1.6119472851227268	0.0	1.564	-1.453
chr22	18971161	G	C	ZBT8A_HUMAN,ZFHX2_HUMAN,ZN335_HUMAN	HEK293 (embryonic kidney)	0.0	1.7563860931624262	-1.504	1.5590000000000002
chr22	19179167	A	G	ZBT8A_HUMAN,NRF1_HUMAN	MCF7 (Invasive ductal breast carcinoma),GM12878 (female B-cells),HEK293 (embryonic kidney),K562 (myelogenous leukemia)	1.3795544554957417	0.0	1.217	
chr22	30196080	T	C	ZBT8A_HUMAN,WT1_HUMAN,ZXDB_HUMAN,KLF8_HUMAN	HEK293 (embryonic kidney)	0.0	1.3370247452248265	-1.3980000000000001	1.445
chr22	36529691	A	C	ZBT8A_HUMAN	HEK293 (embryonic kidney)	0.0	2.746937519445328		1.8969999999999998
chr22	37199116	C	T	ZBT8A_HUMAN	HEK293 (embryonic kidney)	1.5616197589464613	0.0	1.5090000000000001	
chr22	37675036	G	A	ESR1_HUMAN,CTCF_HUMAN,ANDR_HUMAN,FOXA1_HUMAN,ZFX_HUMAN,ZBT8A_HUMAN,ZBT26_HUMAN,PRD10_HUMAN,SP2_HUMAN,ZN770_HUMAN,HIC1_HUMAN	MCF7 (Invasive ductal breast carcinoma),HEK293 (embryonic kidney),MDA-MB-453 (breast adenocarcinoma),pancreas	2.2015754599945185	0.0	0.732	-0.392
chr22	38317722	G	C	ZBT8A_HUMAN,ZBT26_HUMAN,WT1_HUMAN,ZF69B_HUMAN,ZBT17_HUMAN,SP2_HUMAN,KLF8_HUMAN,SCRT2_HUMAN	HEK293 (embryonic kidney)	0.0	2.195825309822684		1.7519999999999998
chr22	41413633	C	T	ZBT8A_HUMAN	HEK293 (embryonic kidney),MDA-MB-453 (breast adenocarcinoma)	1.3565892685255447	0.0	1.557	-1.256
chr22	42624228	C	T	ZBT8A_HUMAN	HEK293 (embryonic kidney)	0.0	1.5162015828223068		1.6740000000000002
chr22	44701874	T	G	ZBT8A_HUMAN,ZFHX2_HUMAN	HEK293 (embryonic kidney)	2.408691424472947	0.0	1.72	
chr22	46762547	T	C	ANDR_HUMAN,CREB1_HUMAN,ZBT8A_HUMAN,FOXK2_HUMAN,ZBT26_HUMAN,STAT1_HUMAN,CREM_HUMAN,GLIS1_HUMAN	CD14+ monocytes,CD34+ hematopoietic stem cells-derived proerythroblasts,GM12878 (female B-cells),HCT-116 (colon carcinoma),HEK293 (embryonic kidney),MDA-MB-453 (breast adenocarcinoma)	0.0	1.5666420442323037	-1.903	1.5130000000000001
chr3	43106046	T	G	ZFX_HUMAN,ZBT8A_HUMAN,THA11_HUMAN,GABP1_HUMAN,NRF1_HUMAN	HEK293T (embryonic kidney),LNCaP C4-2B (prostate carcinoma),HEK293 (embryonic kidney),HepG2 (hepatoblastoma)	0.0	3.397391238413845	-0.637	1.272
chr3	49007334	C	T	ZBT8A_HUMAN,EGR2_HUMAN,SNAI2_HUMAN	HEK293T (embryonic kidney),keratinocytes,GM12878 (female B-cells),foreskin keratinocyte	1.3239676281058013	0.0	1.247	-1.455
chr3	125519762	G	C	CTCF_HUMAN,ZBT8A_HUMAN	HEK293 (embryonic kidney)	0.0	2.8509861126309115	-0.187	0.778
chr3	169772158	A	G	GATA3_HUMAN,ZBT8A_HUMAN,PRDM9_HUMAN,TBP_HUMAN	HEK293T (embryonic kidney),A549 (lung carcinoma),MCF7 (Invasive ductal breast carcinoma),H1 (embryonic stem cells),HEK293 (embryonic kidney)	11.515566049760812	0.0	1.989	
chr3	194350725	A	G	ZBT8A_HUMAN,INSM2_HUMAN,ZN382_HUMAN	HEK293 (embryonic kidney)	1.314347421164527	0.0	1.113	-1.3359999999999999
chr3	195897522	G	A	ZIC2_HUMAN,ZBT8A_HUMAN,ZN600_HUMAN,ZFHX2_HUMAN,ZBT17_HUMAN,GLIS2_HUMAN	HEK293 (embryonic kidney)	0.0	3.434602724222253	-1.8940000000000001	1.7109999999999999
chr5	34839006	G	T	NFIC_HUMAN,ZBT40_HUMAN,GABPA_HUMAN,RFX1_HUMAN,GMEB1_HUMAN,ZBT8A_HUMAN,PRD10_HUMAN,ZN316_HUMAN,HDAC1_HUMAN	HEK293 (embryonic kidney),K562 (myelogenous leukemia)	0.0	1.359883757663572	-1.204	1.075
chr5	43121181	G	C	KLF1_HUMAN,KLF9_HUMAN,ZBT8A_HUMAN,LMBL2_HUMAN,ZXDB_HUMAN,ZBT20_HUMAN,SP2_HUMAN,ZN335_HUMAN,ZN449_HUMAN	HEK293T (embryonic kidney),A549 (lung carcinoma),MCF7 (Invasive ductal breast carcinoma),HEK293 (embryonic kidney)	0.0	1.95514943283646		1.963
chr6	2990991	T	C	ZBT8A_HUMAN,IKZF1_HUMAN,SKIL_HUMAN,ZEB2_HUMAN,HDAC1_HUMAN	K562 (myelogenous leukemia)	0.0	1.5162016262851445		1.5590000000000002
chr6	11938572	C	T	ZBT8A_HUMAN	K562 (myelogenous leukemia)	0.0	1.9330862934656037		1.666
chr7	1138329	C	T	ZBT8A_HUMAN,ZFHX2_HUMAN	HEK293 (embryonic kidney)	3.203647702848669	0.0	0.7809999999999999	
chr7	27143911	C	G	ZBT8A_HUMAN,ZN341_HUMAN,KDM5B_HUMAN	HEK293 (embryonic kidney),lymphoblastoid cells,SUM185PE (ductal breast carcinoma),KMS-11	0.0	1.3318450128268555	-1.4169999999999998	1.271
chr7	27152185	A	G	ZBT8A_HUMAN,ZBT26_HUMAN,SP3_HUMAN,ZN692_HUMAN,PRD10_HUMAN,ZFHX2_HUMAN,SP2_HUMAN,ZNF76_HUMAN,ZSCA4_HUMAN,ZNF18_HUMAN,KLF8_HUMAN,PATZ1_HUMAN	HEK293 (embryonic kidney)	0.0	1.6253193872671368	-1.6380000000000001	1.455
chr7	51606662	T	C	ZIC2_HUMAN,ZBT8A_HUMAN,PRD10_HUMAN,ZFHX2_HUMAN,SP2_HUMAN,GLIS2_HUMAN,HIC1_HUMAN	HEK293 (embryonic kidney)	1.5528429843190583	0.0	1.123	-1.294
chr7	51606676	A	G	ZBT8A_HUMAN,PRD10_HUMAN,SP2_HUMAN,GLIS2_HUMAN	HEK293 (embryonic kidney),HT29 (colon adenocarcinoma)	1.7327513684066778	0.0	1.4969999999999999	-1.7180000000000002
chr7	55887588	T	G	ZBT8A_HUMAN	HEK293 (embryonic kidney)	0.0	2.6841177871594373		0.7140000000000001
chr7	111752359	T	C	T2FA_HUMAN,RAD21_HUMAN,TAL1_HUMAN,SMC3_HUMAN,EGR1_HUMAN,KDM1A_HUMAN,MNT_HUMAN,NCOR1_HUMAN,ZBT8A_HUMAN,ILF3_HUMAN,HTF4_HUMAN,FOXK2_HUMAN,REQU_HUMAN,MTG8R_HUMAN,HDAC1_HUMAN	A549 (lung carcinoma),K562 (myelogenous leukemia),Peyer's patch	1.3426519179865315	0.0	1.528	-1.8969999999999998
chr7	111752400	C	T	NFIC_HUMAN,KDM1A_HUMAN,ZBT8A_HUMAN,SMCA4_HUMAN,FOXK2_HUMAN,MTG16_HUMAN,MTG8R_HUMAN,ZN316_HUMAN,HDAC1_HUMAN,TIF1A_HUMAN	K562 (myelogenous leukemia),Peyer's patch	0.0	1.659918044171987	-1.5219999999999998	1.375
chr7	129825852	C	G	RAD21_HUMAN,CTCF_HUMAN,SMC3_HUMAN,JUN_HUMAN,ZBT8A_HUMAN,PRD10_HUMAN	A549 (lung carcinoma),HEK293 (embryonic kidney),erythroid cells	0.0	9.040484005305244	-0.317	1.212
chr7	140231658	G	C	KAISO_HUMAN,ZBT8A_HUMAN,RING2_HUMAN,GLIS1_HUMAN,ZN335_HUMAN,ZN398_HUMAN	HEK293 (embryonic kidney),K562 (myelogenous leukemia)	0.0	2.4755265741037915	-1.755	1.5730000000000002
chr7	151875309	C	A	ZBT8A_HUMAN,SP3_HUMAN,EGR2_HUMAN,PRD10_HUMAN,SP2_HUMAN,OSR2_HUMAN,GLIS2_HUMAN,USF1_HUMAN	HEK293T (embryonic kidney),HEK293 (embryonic kidney),Ishikawa (endometrial adenocarcinoma),liver	1.3574278972586966	0.0	1.6030000000000002	
chr8	17413791	A	G	ZBT8A_HUMAN,ZBT26_HUMAN,ZBT17_HUMAN	HEK293 (embryonic kidney)	0.0	1.9888375562064495		1.632
chr8	38030499	C	G	ZIC2_HUMAN,ELF1_HUMAN,ZBT8A_HUMAN,THA11_HUMAN,GABP1_HUMAN,SP3_HUMAN,ZN341_HUMAN,ZFHX2_HUMAN,HIC1_HUMAN	HEK293T (embryonic kidney),GM12878 (female B-cells),HEK293 (embryonic kidney),HepG2 (hepatoblastoma),ME-1 (acute myeloid leukemia )	2.0315891110888504	0.0	1.6380000000000001	
chr8	38467613	G	A	ZBT8A_HUMAN	HEK293T (embryonic kidney),HEK293 (embryonic kidney)	0.0	1.6253193872671368	-2.2159999999999997	1.6840000000000002
chr8	73976381	G	C	ZBT8A_HUMAN,FOXK2_HUMAN	HEK293T (embryonic kidney),GM12878 (female B-cells),HEK293 (embryonic kidney),HepG2 (hepatoblastoma)	6.194766402783946	0.0	1.548	
chr8	81842762	T	C	ZBT8A_HUMAN	HEK293T (embryonic kidney),K562 (myelogenous leukemia)	0.0	1.9890226886941436	-1.5659999999999998	1.6119999999999999
chr8	91198018	T	A	KDM1A_HUMAN,ZBT8A_HUMAN	HEK293 (embryonic kidney),K562 (myelogenous leukemia)	0.0	1.3944964765554309	-0.9	1.069
chr8	119874232	T	C	ZBT8A_HUMAN	HEK293 (embryonic kidney),K562 (myelogenous leukemia)	0.0	4.82651026739817	-2.367	1.925
chr8	119874246	A	G	ESR1_HUMAN,ZBT8A_HUMAN	HEK293 (embryonic kidney),breast tumor tissue	2.3826739862111785	0.1481230097475765	1.558	0.15
chr8	119874304	T	G	ZBT8A_HUMAN	HEK293 (embryonic kidney)	0.032700387149947184	2.1323540849362996	-0.43799999999999994	1.474
chr8	125429408	G	A	MAX_HUMAN,ZBT8A_HUMAN,LMBL2_HUMAN,ZBT26_HUMAN,SP7_HUMAN,ZN341_HUMAN,ZFHX2_HUMAN,ZBT20_HUMAN,ZN335_HUMAN,GLIS2_HUMAN,ZN398_HUMAN,PRDM9_HUMAN	HEK293T (embryonic kidney),HEK293 (embryonic kidney)	1.787182328379955	0.0	1.2670000000000001	
chr8	125429420	G	A	MAX_HUMAN,ZBT8A_HUMAN,ZBT26_HUMAN,SP7_HUMAN,ZFHX2_HUMAN,ZBT20_HUMAN,SP2_HUMAN,OSR2_HUMAN,GLIS2_HUMAN,ZN398_HUMAN,PRDM9_HUMAN	HEK293T (embryonic kidney),HEK293 (embryonic kidney)	1.5254168292668784	0.0	1.18	
chr8	142699871	G	C	ATF3_HUMAN,ZBT8A_HUMAN,ARNT_HUMAN,ZBT26_HUMAN,PRDM4_HUMAN,FEZF1_HUMAN,ZXDB_HUMAN,OSR2_HUMAN	HEK293T (embryonic kidney),HCT-116 (colon carcinoma),HEK293 (embryonic kidney),K562 (myelogenous leukemia)	0.0	1.7800719193295105	-0.797	1.224
chrX	74420248	C	T	ZBT8A_HUMAN,ZBT11_HUMAN	HEK293T (embryonic kidney),HEK293 (embryonic kidney)	2.067725949789679	0.0	1.719	
