Chromosome	Position	Ref	Alt	ASB in transcription factors	ASB in cell types	ZN600_HUMAN_FDR_Ref	ZN600_HUMAN_FDR_Alt	ZN600_HUMAN_Effect_Size_Ref	ZN600_HUMAN_Effect_Size_Alt
chr1	1004625	A	G	ZN600_HUMAN	HEK293 (embryonic kidney),K562 (myelogenous leukemia)	0.0	1.4273632652316373		1.67
chr1	1013312	G	A	KLF9_HUMAN,STAT1_HUMAN,GLIS1_HUMAN,ZN600_HUMAN,ZN629_HUMAN,SP7_HUMAN,ZBT17_HUMAN,PATZ1_HUMAN,ZN366_HUMAN	CD14+ monocytes,HEK293 (embryonic kidney)	0.0	4.3744911112262415		2.026
chr1	2052788	C	T	ZN600_HUMAN	HEK293 (embryonic kidney)	1.514562186061385	0.0	1.5090000000000001	
chr1	15524118	G	A	RAD21_HUMAN,NFIC_HUMAN,CTCF_HUMAN,KDM1A_HUMAN,MNT_HUMAN,NCOR1_HUMAN,ZN592_HUMAN,GMEB1_HUMAN,ZBT26_HUMAN,RING2_HUMAN,GLIS1_HUMAN,ZN600_HUMAN,ZN629_HUMAN,ZN341_HUMAN,ZFHX2_HUMAN,ZBT17_HUMAN,SP2_HUMAN,ZN335_HUMAN,ARI1B_HUMAN,SPT5H_HUMAN,HDAC1_HUMAN,SCRT2_HUMAN,ZN189_HUMAN,SNAI2_HUMAN	keratinocytes,HEK293 (embryonic kidney),K562 (myelogenous leukemia),neural cell	2.228673960394464	0.0	1.2670000000000001	
chr1	15795523	T	C	ZN600_HUMAN,PRD10_HUMAN	HEK293T (embryonic kidney),HEK293 (embryonic kidney)	0.0	1.484084885829426		1.646
chr1	15939409	T	A	ZN600_HUMAN	HEK293 (embryonic kidney)	0.0	1.3394066700649574		1.6480000000000001
chr1	16613699	G	A	EP300_HUMAN,EZH2_HUMAN,RFOX2_HUMAN,PYGO2_HUMAN,TAF7_HUMAN,DDX20_HUMAN,HDAC8_HUMAN,GRHL2_HUMAN,ESR1_HUMAN,TAL1_HUMAN,CEBPB_HUMAN,CTCF_HUMAN,AP2A_HUMAN,FOXA1_HUMAN,GCR_HUMAN,ZBT7A_HUMAN,SIN3A_HUMAN,ZFX_HUMAN,JUN_HUMAN,ZBT40_HUMAN,VEZF1_HUMAN,NONO_HUMAN,JUNB_HUMAN,TYY1_HUMAN,MAX_HUMAN,EGR1_HUMAN,SP1_HUMAN,BCL3_HUMAN,NR4A1_HUMAN,KLF1_HUMAN,KLF13_HUMAN,CREB1_HUMAN,SUZ12_HUMAN,CBX3_HUMAN,ZN579_HUMAN,SMCE1_HUMAN,MNT_HUMAN,ZNF24_HUMAN,ELF1_HUMAN,ZN574_HUMAN,IRF1_HUMAN,ZN740_HUMAN,SOX13_HUMAN,PKNX1_HUMAN,ELF4_HUMAN,CTBP1_HUMAN,MYB_HUMAN,NR2C1_HUMAN,RFX1_HUMAN,MGAP_HUMAN,NCOA2_HUMAN,EMSY_HUMAN,SMCA4_HUMAN,MEF2D_HUMAN,IKZF1_HUMAN,ZN687_HUMAN,MTA2_HUMAN,NFAC3_HUMAN,ARNT_HUMAN,REQU_HUMAN,TFDP1_HUMAN,CREB3_HUMAN,FOXM1_HUMAN,ZN639_HUMAN,ZBT11_HUMAN,Z354B_HUMAN,ZBT26_HUMAN,KLF11_HUMAN,KLF16_HUMAN,FOXP1_HUMAN,ERF_HUMAN,RING2_HUMAN,HINFP_HUMAN,NRF1_HUMAN,SRBP1_HUMAN,GLIS1_HUMAN,GLI2_HUMAN,ZN600_HUMAN,FEZF1_HUMAN,SP7_HUMAN,BC11B_HUMAN,ZN341_HUMAN,WT1_HUMAN,SP2_HUMAN,OSR2_HUMAN,KLF8_HUMAN,ZN770_HUMAN,ZN843_HUMAN,ZN555_HUMAN,ERR1_HUMAN,ZFP91_HUMAN,ENL_HUMAN,NFIB_HUMAN,TF65_HUMAN,MTA1_HUMAN,CHD1_HUMAN,MEIS2_HUMAN,NCOA1_HUMAN,CR3L1_HUMAN,CDC5L_HUMAN,ZN184_HUMAN,MCM7_HUMAN,HDAC1_HUMAN,AFF1_HUMAN,ZN398_HUMAN,KMT2A_HUMAN,TF7L1_HUMAN,KDM5B_HUMAN	HEK293T (embryonic kidney),A549 (lung carcinoma),VCaP (prostate carcinoma),MCF7 (Invasive ductal breast carcinoma),MCF-7 C4-12 (invasive breast ductal carcinoma),cranial neural crest cells,GM12878 (female B-cells),NCI-H2171 (small cell lung carcinoma),HCT-116 (colon carcinoma),HEK293 (embryonic kidney),HepG2 (hepatoblastoma),hMADS-3 (adipose-derived stem cells),Jurkat (T-cells),K562 (myelogenous leukemia),SEM (childhood B acute lymphoblastic leukemia),MDA-MB-453 (breast adenocarcinoma),spleen,liver,erythroblasts,pancreas,226LDM (normal breast luminal cells),RCH-ACV (B acute lymphoblastic leukemia with t(1;19)(q23;p13.3) E2A-PBX1 (TCF3-PBX1)),RH4 (alveolar rhabdomyosarcoma),breast tumor xenograft,suprapubic skin,heart left ventricle,gastrocnemius medialis,ovary,gastroesophageal sphincter,uterus,thyroid gland,adrenal gland,prostate gland,tibial nerve,upper lobe of left lung	0.0	3.639063928502179	-0.18899999999999997	0.982
chr1	16614011	C	T	CTCF_HUMAN,ZFX_HUMAN,KLF9_HUMAN,ZBT8A_HUMAN,OZF_HUMAN,FOXK2_HUMAN,COT1_HUMAN,LMBL2_HUMAN,GLIS1_HUMAN,ZN600_HUMAN,ZN629_HUMAN,ZNF10_HUMAN,TZAP_HUMAN,SP7_HUMAN,BC11B_HUMAN,KLF17_HUMAN,PRD10_HUMAN,ZN524_HUMAN,ZN341_HUMAN,ZSC21_HUMAN,WT1_HUMAN,ZXDB_HUMAN,ZNF2_HUMAN,ZBT17_HUMAN,ZBT20_HUMAN,SP2_HUMAN,ZN623_HUMAN,ZN335_HUMAN,ZNF18_HUMAN,PATZ1_HUMAN,ZN510_HUMAN,ZN577_HUMAN,ZN843_HUMAN,ZN426_HUMAN,ZNF34_HUMAN,ZN555_HUMAN,ZN398_HUMAN,ZN362_HUMAN,ZN394_HUMAN,ZN189_HUMAN,PRDM9_HUMAN	HEK293T (embryonic kidney),cranial neural crest cells,HCT-116 (colon carcinoma),HEK293 (embryonic kidney)	4.697803819939258	0.0	1.0759999999999998	-0.498
chr1	16614029	T	C	CTCF_HUMAN,SMC3_HUMAN,ZFX_HUMAN,TYY1_HUMAN,ZN350_HUMAN,KLF9_HUMAN,ZNF24_HUMAN,ZBT8A_HUMAN,IKZF2_HUMAN,FOXK2_HUMAN,MEF2B_HUMAN,LMBL2_HUMAN,HDGF_HUMAN,ZBT11_HUMAN,RXRB_HUMAN,ZBT26_HUMAN,KLF16_HUMAN,RING2_HUMAN,MXI1_HUMAN,SP3_HUMAN,ZN692_HUMAN,ZN600_HUMAN,ZN629_HUMAN,ZN558_HUMAN,PRD10_HUMAN,ZXDB_HUMAN,ZNF2_HUMAN,ZBT20_HUMAN,ZNF76_HUMAN,ZN335_HUMAN,ZNF18_HUMAN,PATZ1_HUMAN,ZEB2_HUMAN,ZN577_HUMAN,ZN221_HUMAN,ZN768_HUMAN,REPI1_HUMAN,ZN426_HUMAN,ZN398_HUMAN,ZN121_HUMAN,ZN501_HUMAN,ZN362_HUMAN,ZFP37_HUMAN,ZN776_HUMAN,ZN394_HUMAN,PRDM9_HUMAN	HEK293T (embryonic kidney),GM12878 (female B-cells),HEK293 (embryonic kidney),HepG2 (hepatoblastoma),K562 (myelogenous leukemia),neural cell	0.0	8.262770192654722	-0.517	1.167
chr1	16614581	G	A	CTCF_HUMAN,ZIC2_HUMAN,PRDM1_HUMAN,TYY1_HUMAN,ZN174_HUMAN,KLF9_HUMAN,ZN692_HUMAN,ZN600_HUMAN,ZN629_HUMAN,FEZF1_HUMAN,WT1_HUMAN,ZF69B_HUMAN,ZN623_HUMAN,ZN555_HUMAN,BCL6B_HUMAN,PRDM2_HUMAN,ZFP37_HUMAN,SCRT2_HUMAN,ZN366_HUMAN,ZN189_HUMAN,PRDM9_HUMAN	HEK293T (embryonic kidney),VCaP (prostate carcinoma),HEK293 (embryonic kidney)	3.5918996512469663	0.0	1.7109999999999999	-2.6860000000000004
chr1	16615533	G	A	GATA1_HUMAN,ZBT7A_HUMAN,ZFX_HUMAN,TYY1_HUMAN,ZEB1_HUMAN,FOXA2_HUMAN,MNT_HUMAN,ZNF24_HUMAN,NBN_HUMAN,OZF_HUMAN,FOXK2_HUMAN,MEF2B_HUMAN,ZN622_HUMAN,ZN639_HUMAN,SP3_HUMAN,ZSC16_HUMAN,Z585B_HUMAN,PRDM4_HUMAN,ZN600_HUMAN,SP7_HUMAN,ZFHX2_HUMAN,ZSC21_HUMAN,ZNF2_HUMAN,ZBT17_HUMAN,ZBT20_HUMAN,ZN449_HUMAN,ZN770_HUMAN,REPI1_HUMAN,ZNF34_HUMAN,ZN555_HUMAN,ZN398_HUMAN,ZN362_HUMAN,ZN394_HUMAN,ZN189_HUMAN	HEK293T (embryonic kidney),CD34+ bone marrow cell-derived erythroid progenitors,GM12878 (female B-cells),HEK293 (embryonic kidney),HepG2 (hepatoblastoma)	0.0	5.3619392562692125		1.9
chr1	16621342	T	C	CTCF_HUMAN,PKNX1_HUMAN,ZBT8A_HUMAN,ZN692_HUMAN,ZN600_HUMAN,ZN629_HUMAN,SP7_HUMAN,KLF17_HUMAN,ZSC21_HUMAN,ZNF2_HUMAN,ZBT17_HUMAN,ZN654_HUMAN,ZEB2_HUMAN,ZN501_HUMAN,ZFP37_HUMAN,HIC1_HUMAN,SCRT2_HUMAN,ZN366_HUMAN,ZN394_HUMAN,ZN189_HUMAN,PRDM9_HUMAN	HEK293T (embryonic kidney),LNCaP (prostate carcinoma),LNCaP C4-2B (prostate carcinoma),GM12878 (female B-cells),HEK293 (embryonic kidney),K562 (myelogenous leukemia),pancreas,Peyer's patch,esophagus squamous epithelium,gastroesophageal sphincter,thoracic aorta,esophagus muscularis mucosa,sigmoid colon,prostate gland,tibial nerve,neural cell,upper lobe of left lung,foreskin keratinocyte	0.0	57.54445125451384	0.337	1.5930000000000002
chr1	16626082	C	A	ZFX_HUMAN,ZN600_HUMAN	HCT-116 (colon carcinoma),HEK293 (embryonic kidney)	2.0497893252406048	0.0	1.374	-1.274
chr1	16628788	C	G	ZN600_HUMAN,ZN394_HUMAN,PRDM9_HUMAN	HEK293T (embryonic kidney),HEK293 (embryonic kidney)	2.344565133725312	0.0	1.83	
chr1	16727384	T	C	CTCF_HUMAN,ZBT7A_HUMAN,BC11A_HUMAN,ZN148_HUMAN,ZEB1_HUMAN,PKNX1_HUMAN,ZBT8A_HUMAN,ZBT26_HUMAN,KLF16_HUMAN,ZN692_HUMAN,GLIS1_HUMAN,ZSC16_HUMAN,PRDM4_HUMAN,ZN600_HUMAN,ZN629_HUMAN,FEZF1_HUMAN,BC11B_HUMAN,ZN524_HUMAN,ZFHX2_HUMAN,ZSA5C_HUMAN,WT1_HUMAN,ZF69B_HUMAN,ZNF2_HUMAN,ZN664_HUMAN,ZBT20_HUMAN,SP2_HUMAN,ZN335_HUMAN,ZNF18_HUMAN,GLIS2_HUMAN,ZN132_HUMAN,KLF8_HUMAN,ZEB2_HUMAN,ZN626_HUMAN,ZBT12_HUMAN,ZN449_HUMAN,ZN770_HUMAN,ZN426_HUMAN,ZNF34_HUMAN,ZN555_HUMAN,ZN398_HUMAN,HIC1_HUMAN,ZN776_HUMAN,SCRT2_HUMAN,ZN366_HUMAN	HEK293T (embryonic kidney),HEK293 (embryonic kidney)	0.0	3.116609670892271	-0.904	1.49
chr1	16972075	G	A	ZN600_HUMAN	HEK293 (embryonic kidney)	0.0	1.544464669431858	-1.475	1.5319999999999998
chr1	19505445	C	T	FOXA1_HUMAN,ZN600_HUMAN	VCaP (prostate carcinoma),HEK293 (embryonic kidney)	0.0	3.646281005172561	-1.337	1.4769999999999999
chr1	21313632	G	A	ZN600_HUMAN	HEK293 (embryonic kidney)	1.7061281875063887	0.0	1.5659999999999998	
chr1	23699425	G	C	ZN600_HUMAN	HEK293 (embryonic kidney)	0.0	1.994763734919048		1.804
chr1	28197194	G	A	ZN600_HUMAN,PRD10_HUMAN	GM12878 (female B-cells),HEK293 (embryonic kidney)	0.0	3.4269334376867535		2.021
chr1	28235345	T	G	NFIC_HUMAN,CTCF_HUMAN,HDAC2_HUMAN,KDM1A_HUMAN,MNT_HUMAN,ZNF24_HUMAN,ZN384_HUMAN,CEBPG_HUMAN,NR2C1_HUMAN,NCOR1_HUMAN,RFX1_HUMAN,BHE40_HUMAN,IKZF1_HUMAN,IKZF2_HUMAN,NFAC3_HUMAN,ARNT_HUMAN,ATF4_HUMAN,ZN580_HUMAN,ZN600_HUMAN,ZN629_HUMAN,SP7_HUMAN,ZXDB_HUMAN,ZBT17_HUMAN,OSR2_HUMAN,ZN335_HUMAN,ENL_HUMAN,HDAC1_HUMAN,BCOR_HUMAN,SCRT2_HUMAN,ZN394_HUMAN	GM12878 (female B-cells),HEK293 (embryonic kidney),K562 (myelogenous leukemia)	0.0	2.505749733409185	-1.3559999999999999	1.224
chr1	28511368	A	G	ZN600_HUMAN	HEK293 (embryonic kidney)	0.0	1.3394066700649574	-1.3980000000000001	1.445
chr1	28515828	C	T	ZN600_HUMAN	HEK293 (embryonic kidney)	0.0	1.4273632652316373		1.675
chr1	28556706	C	T	ZN600_HUMAN	HEK293 (embryonic kidney)	0.0	1.6510075011807241	-1.4780000000000002	1.6119999999999999
chr1	28648889	G	T	REST_HUMAN,ZN600_HUMAN,ZSC18_HUMAN,E4F1_HUMAN	GM12878 (female B-cells),HEK293 (embryonic kidney),HepG2 (hepatoblastoma),K562 (myelogenous leukemia)	0.11637113018960893	2.804250310119247	-0.046	1.93
chr1	28746780	A	G	GLIS1_HUMAN,ZN600_HUMAN,SP7_HUMAN,ZBT17_HUMAN,OSR2_HUMAN,ZBTB6_HUMAN	HEK293 (embryonic kidney)	4.112355410941495	0.0	1.945	
chr1	29706674	C	T	ZN600_HUMAN	HEK293 (embryonic kidney)	1.6858134129035105	0.0	1.6340000000000001	-2.508
chr1	39973926	G	A	NR2C1_HUMAN,ZN600_HUMAN	HEK293 (embryonic kidney),K562 (myelogenous leukemia)	0.0	1.3795495457746538	0.16399999999999998	1.093
chr1	39973928	G	A	NR2C1_HUMAN,ZN600_HUMAN	HEK293 (embryonic kidney),K562 (myelogenous leukemia)	0.0	1.3795495457746538	0.16399999999999998	1.093
chr1	41917879	G	T	ZN600_HUMAN	HEK293 (embryonic kidney)	0.0	1.5940166828614557	-2.346	1.653
chr1	42659030	A	G	ZN600_HUMAN,ZN629_HUMAN	HEK293 (embryonic kidney)	1.4037821704795745	0.0	1.51	-1.3980000000000001
chr1	44618265	G	A	ZN600_HUMAN	HEK293 (embryonic kidney)	1.3429819457082899	0.0	1.4480000000000002	
chr1	46347917	A	G	ZN600_HUMAN	HEK293 (embryonic kidney)	1.422767102234898	0.0	1.479	
chr1	46347947	G	T	PRDM1_HUMAN,ZN600_HUMAN	HEK293 (embryonic kidney)	1.8152826421964543	0.0	1.6480000000000001	-2.4419999999999997
chr1	46347963	C	T	ZN600_HUMAN	HEK293T (embryonic kidney),HEK293 (embryonic kidney)	1.571449212246093	0.0	1.61	-1.389
chr1	46347991	C	T	ZN600_HUMAN,ZN366_HUMAN	HEK293 (embryonic kidney)	1.8812866954962493	0.0	1.665	-1.5430000000000001
chr1	85224883	C	T	TAL1_HUMAN,KDM1A_HUMAN,NCOR1_HUMAN,ZN600_HUMAN,MTG16_HUMAN,ARI1B_HUMAN	HEK293 (embryonic kidney),K562 (myelogenous leukemia)	8.642692625930689	0.0	2.354	
chr1	92961674	C	G	ZN600_HUMAN,EGR2_HUMAN	HEK293 (embryonic kidney),K562 (myelogenous leukemia)	0.0	1.3088571856796942	-2.166	1.589
chr1	110150641	C	T	ZIC2_HUMAN,ZBT26_HUMAN,ZN600_HUMAN,SP2_HUMAN,ZN335_HUMAN	HEK293 (embryonic kidney)	0.0	1.509943806382848	-1.179	1.492
chr1	150166237	A	G	ZN600_HUMAN	GM12878 (female B-cells),HEK293 (embryonic kidney)	0.0	1.7991846011118708		1.765
chr1	152189233	G	A	ZN600_HUMAN	HEK293 (embryonic kidney)	0.0	1.6707463835010352	-1.535	1.5859999999999999
chr1	154418456	C	T	ESR1_HUMAN,ANDR_HUMAN,ZN600_HUMAN,EGR2_HUMAN	CWR22 (prostate carcinoma),HEK293 (embryonic kidney)	2.468288358015856	0.0	0.985	
chr1	155874144	C	G	TYY1_HUMAN,ZN600_HUMAN,SP2_HUMAN	HEK293 (embryonic kidney)	1.9472824418436423	0.0	1.5090000000000001	
chr1	165632229	G	A	FOXK2_HUMAN,ZN600_HUMAN	HEK293 (embryonic kidney),K562 (myelogenous leukemia)	0.06895893859665653	1.6210031974699923	-0.272	0.904
chr1	168225689	C	T	ZN600_HUMAN	HEK293 (embryonic kidney)	0.0	1.4617878862362783	-1.38	1.536
chr1	183025165	T	C	ZN600_HUMAN	HEK293T (embryonic kidney),HEK293 (embryonic kidney)	1.4037821704795745	0.0	1.51	-1.3980000000000001
chr1	183103455	T	C	ZFX_HUMAN,ZN600_HUMAN,ZN366_HUMAN	HEK293T (embryonic kidney),HEK293 (embryonic kidney)	1.9772230304876168	0.0	0.836	-0.501
chr1	201114378	A	G	RAD21_HUMAN,CTCF_HUMAN,SMC3_HUMAN,ZFX_HUMAN,RFX1_HUMAN,ZN600_HUMAN,ZEB2_HUMAN	HEK293T (embryonic kidney),A549 (lung carcinoma),MCF7 (Invasive ductal breast carcinoma),DND41 (acute lymphoblastic leukemia),HEK293 (embryonic kidney),gastroesophageal sphincter	0.6079407915403863	2.803106034038586	0.527	0.861
chr1	201185102	C	G	ZN600_HUMAN,PRDM9_HUMAN	HEK293T (embryonic kidney),HEK293 (embryonic kidney)	3.0755311031657873	0.0	1.974	
chr1	201633953	G	T	ZN600_HUMAN,OSR2_HUMAN,ZN335_HUMAN,SCRT2_HUMAN	HEK293 (embryonic kidney)	0.0	1.9111423048820408	-2.531	1.682
chr1	201721196	A	C	CTBP1_HUMAN,ZN600_HUMAN	HEK293T (embryonic kidney),HEK293 (embryonic kidney)	1.6783184231183568	0.0	1.3019999999999998	-1.466
chr1	206117775	T	C	CTCF_HUMAN,ZIC2_HUMAN,GLIS1_HUMAN,ZN600_HUMAN,GLIS2_HUMAN,ZN189_HUMAN,PRDM9_HUMAN,SNAI2_HUMAN	HEK293T (embryonic kidney),keratinocytes,HEK293 (embryonic kidney),MM1.S (plasma cell myeloma)	0.0	6.50507808663867	0.026000000000000002	0.956
chr1	210191677	C	T	ZN600_HUMAN	HEK293 (embryonic kidney)	1.4037821704795745	0.0	1.581	-2.375
chr1	223480020	T	C	ZN600_HUMAN	HEK293 (embryonic kidney)	2.709172355864869	0.0	1.839	
chr1	223480090	G	A	ZN600_HUMAN	HEK293 (embryonic kidney)	1.4037821704795745	0.0	1.581	-2.375
chr1	223480274	T	G	ZN600_HUMAN,ZSCA4_HUMAN	HEK293T (embryonic kidney),HEK293 (embryonic kidney)	0.0	1.6616728444824664	-2.367	1.6740000000000002
chr1	223518738	T	C	ESR1_HUMAN,FOXA1_HUMAN,ZN600_HUMAN,INSM2_HUMAN,ZN189_HUMAN,HXB13_HUMAN	HEK293T (embryonic kidney),VCaP (prostate carcinoma),T47D (invasive ductal carcinoma),CWR22 (prostate carcinoma),HEK293 (embryonic kidney)	2.7885290498972606	0.0	0.836	-0.365
chr1	223992676	G	T	TYY1_HUMAN,ATF2_HUMAN,FOXM1_HUMAN,LMBL2_HUMAN,ZBT11_HUMAN,ZBT26_HUMAN,ZN600_HUMAN,INSM2_HUMAN,ZN629_HUMAN,ZNF10_HUMAN,BC11B_HUMAN,KLF17_HUMAN,PRD10_HUMAN,ZN341_HUMAN,ZXDB_HUMAN,SP2_HUMAN,ZBT21_HUMAN,NFIB_HUMAN,ZN394_HUMAN,ZN189_HUMAN	HEK293T (embryonic kidney),MCF7 (Invasive ductal breast carcinoma),HEK293 (embryonic kidney)	1.5159843310427263	0.0	1.8119999999999998	
chr1	224014623	C	T	ZN600_HUMAN	HEK293 (embryonic kidney),K562 (myelogenous leukemia)	1.5380989581067859	0.0	1.66	
chr1	224922706	C	A	RAD21_HUMAN,SMC3_HUMAN,ZN600_HUMAN	A549 (lung carcinoma),HEK293 (embryonic kidney),MCF10A (breast epithelial cells),esophagus squamous epithelium,foreskin keratinocyte	7.016711299286113	0.0010968115544516335	1.103	0.276
chr1	232568397	C	G	ANDR_HUMAN,FOXA1_HUMAN,ZN600_HUMAN	LNCaP (prostate carcinoma),HEK293 (embryonic kidney),LHSAR (prostate epithelial cells)	1.8952095320275433	0.0	1.2770000000000001	
chr1	235862848	C	T	ZN600_HUMAN,SP7_HUMAN	HEK293T (embryonic kidney),HEK293 (embryonic kidney)	0.0	1.3241402372165083		1.71
chr1	236065381	G	A	ZBT26_HUMAN,ZN600_HUMAN,ZBT17_HUMAN,HIC1_HUMAN,SCRT2_HUMAN	HEK293T (embryonic kidney),HEK293 (embryonic kidney),foreskin keratinocyte	0.0	1.4044810951861706		0.38
chr1	237032141	A	G	ZIC2_HUMAN,ZN600_HUMAN	HEK293 (embryonic kidney)	2.9897277743068784	0.0	2.126	
chr1	237032219	C	T	ZIC2_HUMAN,ZN600_HUMAN,FEZF1_HUMAN	HEK293 (embryonic kidney)	0.0	1.9020674049451833		2.15
chr1	244834651	A	G	SMC3_HUMAN,ZN600_HUMAN,ZN398_HUMAN,KDM5C_HUMAN	HEK293T (embryonic kidney),Caki-1 (renal carcinoma),GM12878 (female B-cells),HEK293 (embryonic kidney),K562 (myelogenous leukemia),neural cell	0.0	2.581142197623906	-1.115	1.26
chr11	64162994	G	A	ZN600_HUMAN,ZN629_HUMAN,ZN366_HUMAN	HEK293 (embryonic kidney)	3.128433697516064	0.0	1.649	-1.817
chr11	73876114	G	C	ZN600_HUMAN	HEK293 (embryonic kidney)	0.0	2.1190334910904194		1.505
chr11	108115964	T	C	ZN600_HUMAN,ZN770_HUMAN	HEK293 (embryonic kidney)	2.055061750390862	0.0	1.551	-1.416
chr11	120097008	A	C	NFIC_HUMAN,KDM1A_HUMAN,PBX2_HUMAN,IKZF1_HUMAN,ZN600_HUMAN,ZFHX2_HUMAN,MTG16_HUMAN,ZN316_HUMAN	HEK293 (embryonic kidney),K562 (myelogenous leukemia)	0.0	1.3767776189587155	-1.321	1.482
chr11	120097010	T	C	KDM1A_HUMAN,PBX2_HUMAN,IKZF1_HUMAN,ZN600_HUMAN,ZFHX2_HUMAN,MTG16_HUMAN,ZN316_HUMAN	HEK293 (embryonic kidney),K562 (myelogenous leukemia)	0.0	2.575402659914345		1.689
chr11	124076588	A	G	ZN600_HUMAN	HEK293 (embryonic kidney)	0.0	1.3321190861709737	-1.19	1.305
chr11	130096102	C	T	ZN600_HUMAN	HEK293 (embryonic kidney)	0.0	2.1348449000008736	-1.5190000000000001	1.554
chr12	7131050	G	A	ZN600_HUMAN	HEK293 (embryonic kidney)	0.0	1.3394066700649574		1.401
chr12	9283465	C	T	CTCF_HUMAN,ZN600_HUMAN,ZSCA4_HUMAN,ZN335_HUMAN,ZN394_HUMAN	HEK293 (embryonic kidney)	1.366897559025982	0.009737127118485019	0.638	-0.249
chr12	9283596	A	C	ZN600_HUMAN,ZN335_HUMAN,ZN366_HUMAN	GM12878 (female B-cells),HEK293 (embryonic kidney)	0.0	2.1348449000008736		1.819
chr12	9283656	G	A	ZN600_HUMAN	HEK293 (embryonic kidney)	0.0	1.4159217736032612	-1.442	1.475
chr12	26036924	A	T	ZN600_HUMAN	HEK293 (embryonic kidney)	1.7792757563826562	0.0	1.6909999999999998	-2.485
chr12	26036933	A	C	ZN600_HUMAN	HEK293 (embryonic kidney)	1.5380989581067859	0.0	1.626	-2.42
chr12	34022366	C	T	ESR1_HUMAN,GATA1_HUMAN,CTCF_HUMAN,GABPA_HUMAN,SP1_HUMAN,PKNX1_HUMAN,ZN600_HUMAN,E4F1_HUMAN	HEK293T (embryonic kidney),LNCaP (prostate carcinoma),VCaP (prostate carcinoma),MCF7 (Invasive ductal breast carcinoma),CD34+ hematopoietic stem cells-derived proerythroblasts,SK-N-MC (Askin tumor),GM12878 (female B-cells),HCT-116 (colon carcinoma),HEK293 (embryonic kidney),liver	1.4294207728268673	0.0	1.361	-0.9420000000000001
chr12	52050993	A	G	ZN600_HUMAN	HEK293 (embryonic kidney)	0.0	1.9594049061358993	-2.485	1.7209999999999999
chr12	53696940	A	C	ZN600_HUMAN,ZN341_HUMAN,SP2_HUMAN,ZN398_HUMAN	HEK293 (embryonic kidney)	0.0	1.4273632652316373		1.6669999999999998
chr12	53697022	C	A	ZN600_HUMAN,SP2_HUMAN,ZN398_HUMAN	HEK293 (embryonic kidney)	0.0	1.3808854354787925	-1.297	1.5390000000000001
chr12	53986232	A	G	CTCF_HUMAN,ZN600_HUMAN,ZN394_HUMAN	HEK293T (embryonic kidney),GM12878 (female B-cells),HEK293 (embryonic kidney),esophagus squamous epithelium	1.5670847068406581	0.27993022963199726	0.884	0.149
chr12	53991815	C	T	ZN600_HUMAN,ZBT17_HUMAN,ZN398_HUMAN	HEK293 (embryonic kidney)	1.7271748265232723	0.0	1.702	
chr12	56104119	C	T	ZN600_HUMAN,PRD10_HUMAN,SNAI2_HUMAN	keratinocytes,GM12878 (female B-cells),HEK293 (embryonic kidney)	0.0	1.484084885829426	-2.197	1.666
chr12	64451935	G	A	ZN600_HUMAN,ZBT17_HUMAN,ZN335_HUMAN	HEK293T (embryonic kidney),HEK293 (embryonic kidney)	0.0	2.310256375333042		1.815
chr12	64452087	G	A	ZN600_HUMAN	HEK293 (embryonic kidney)	0.0	1.5305070200196682	-1.412	1.5619999999999998
chr12	66170444	C	G	ZN600_HUMAN	HEK293 (embryonic kidney)	0.0	1.6997441759272451		1.556
chr12	93590965	T	C	ZN600_HUMAN	HEK293 (embryonic kidney)	1.4037821704795745	0.0	1.581	-2.375
chr12	95637112	T	C	ZN600_HUMAN	HEK293 (embryonic kidney)	2.295649384088823	0.0	1.742	
chr12	103925520	G	A	ZIC2_HUMAN,GLIS1_HUMAN,ZN600_HUMAN,ZBT17_HUMAN,OSR2_HUMAN,ZN335_HUMAN,ZN394_HUMAN,ZN189_HUMAN	HEK293 (embryonic kidney)	7.881871001925622	0.0	2.122	
chr12	104959165	T	A	ZN600_HUMAN	HEK293 (embryonic kidney)	0.0	1.5940166828614557	-1.504	1.5590000000000002
chr12	110354326	T	C	ZN600_HUMAN,PRD10_HUMAN,ZBT17_HUMAN,ZEB2_HUMAN	HEK293 (embryonic kidney)	0.0	1.3241402372165083	-1.278	1.5130000000000001
chr12	111576133	A	C	ZN600_HUMAN	HEK293 (embryonic kidney)	4.732138012601101	0.0	2.154	
chr12	111576137	T	C	ZN600_HUMAN	HEK293 (embryonic kidney)	4.732138012601101	0.0	2.154	
chr12	111576140	C	A	ZN600_HUMAN	HEK293 (embryonic kidney)	1.7282844032281206	0.0	1.706	
chr12	122090294	G	C	ZN600_HUMAN	K562 (myelogenous leukemia)	0.0	1.4617878862362783	-1.38	1.536
chr12	122423929	T	C	ZBT26_HUMAN,ZN600_HUMAN,SP7_HUMAN,ZBT20_HUMAN,ZBT21_HUMAN	HEK293 (embryonic kidney)	0.0	3.4054304626061476		1.868
chr12	124520621	G	C	ESR1_HUMAN,ZN600_HUMAN	HEK293 (embryonic kidney),breast tumor tissue	2.0255521477335625	0.00952423007369018	1.6030000000000002	-0.08199999999999999
chr12	124940075	G	A	CTCF_HUMAN,MAX_HUMAN,MNT_HUMAN,MGAP_HUMAN,SMCA4_HUMAN,BHE40_HUMAN,FOXK2_HUMAN,LMBL2_HUMAN,TFE3_HUMAN,GLIS1_HUMAN,ZN600_HUMAN,FEZF1_HUMAN,ZN407_HUMAN,HDAC1_HUMAN,MYCN_HUMAN,HIF1A_HUMAN,HIF3A_HUMAN	T47D (invasive ductal carcinoma),MCF7 (Invasive ductal breast carcinoma),HEK293 (embryonic kidney),HepG2 (hepatoblastoma),K562 (myelogenous leukemia),Tet21N (neuroblastoma),foreskin keratinocyte	0.0	1.4323412343679789	0.027000000000000003	0.8440000000000001
chr12	124940172	C	G	BC11A_HUMAN,HDAC2_HUMAN,MNT_HUMAN,MGAP_HUMAN,ZBT8A_HUMAN,SMCA4_HUMAN,LMBL2_HUMAN,ZN600_HUMAN,FEZF1_HUMAN,HDAC1_HUMAN	HEK293T (embryonic kidney),HEK293 (embryonic kidney),K562 (myelogenous leukemia),foreskin keratinocyte	0.0	1.4412664464386553	-1.251	1.564
chr12	132393544	C	T	ZN600_HUMAN	HEK293 (embryonic kidney)	2.5055387086297256	0.0	1.767	
chr12	132908818	A	G	AP2A_HUMAN,CREB1_HUMAN,ZBT26_HUMAN,ZN600_HUMAN,ZXDB_HUMAN,MYNN_HUMAN,ZN335_HUMAN,ZN394_HUMAN,ZN189_HUMAN	T47D (invasive ductal carcinoma),MCF7 (Invasive ductal breast carcinoma),cranial neural crest cells,HEK293 (embryonic kidney)	1.819064680864447	0.0	1.194	
chr12	132908821	A	T	CREB1_HUMAN,ZBT26_HUMAN,ZN600_HUMAN,ZXDB_HUMAN,MYNN_HUMAN,ZN335_HUMAN,ZN394_HUMAN,ZN189_HUMAN	T47D (invasive ductal carcinoma),MCF7 (Invasive ductal breast carcinoma),HEK293 (embryonic kidney)	0.0	1.6300417708531132	-0.664	1.051
chr12	132908829	G	C	CREB1_HUMAN,ZBT26_HUMAN,SP3_HUMAN,ZN600_HUMAN,ZXDB_HUMAN,MYNN_HUMAN,ZN335_HUMAN,ZN394_HUMAN,ZN189_HUMAN	T47D (invasive ductal carcinoma),MCF7 (Invasive ductal breast carcinoma),HEK293 (embryonic kidney)	0.0	1.479021892886707	-0.644	1.008
chr13	39038127	C	T	CTCF_HUMAN,ZFX_HUMAN,ZN600_HUMAN	HEK293T (embryonic kidney),HEK293 (embryonic kidney)	1.348594641023608	0.2571040646589564	0.379	0.436
chr13	39655754	G	A	TYY1_HUMAN,KLF9_HUMAN,CREB1_HUMAN,MNT_HUMAN,GATD1_HUMAN,GABP1_HUMAN,NRF1_HUMAN,GLIS1_HUMAN,ZN600_HUMAN	MCF7 (Invasive ductal breast carcinoma),GM12878 (female B-cells),H1 (embryonic stem cells),HEK293 (embryonic kidney),HepG2 (hepatoblastoma)	0.0	2.216220159835315	-0.349	1.138
chr13	50378900	G	T	ZN600_HUMAN,ZSA5C_HUMAN,PRDM6_HUMAN	HEK293 (embryonic kidney)	0.0	1.578625422844425		1.8869999999999998
chr13	50378952	A	G	ZN600_HUMAN	HEK293 (embryonic kidney)	0.0	1.8126707992161097		1.895
chr13	50511971	T	A	ZN600_HUMAN	HEK293 (embryonic kidney)	0.0	1.564827185562358		1.913
chr13	95314522	C	A	ZN600_HUMAN	HEK293 (embryonic kidney),liver	0.0	1.564827185562358		1.4969999999999999
chr13	112886081	C	T	ESR1_HUMAN,ZN600_HUMAN	HEK293 (embryonic kidney),breast tumor tissue	2.474037949885852	0.0	1.5830000000000002	
chr14	20613251	G	A	PKNX1_HUMAN,ZN600_HUMAN,ZN629_HUMAN,TZAP_HUMAN,ZSA5C_HUMAN,ZBT17_HUMAN,ZN366_HUMAN,ZN394_HUMAN	HEK293T (embryonic kidney),A549 (lung carcinoma),GM12878 (female B-cells),HEK293 (embryonic kidney),HepG2 (hepatoblastoma)	2.7371223942519203	0.0	1.7590000000000001	
chr14	49868450	C	G	JUN_HUMAN,USF2_HUMAN,STAT1_HUMAN,ZN600_HUMAN,ZFHX2_HUMAN	HEK293T (embryonic kidney),A549 (lung carcinoma),CD14+ monocytes,HEK293 (embryonic kidney),foreskin keratinocyte	0.0	1.901314771028469	-0.305	0.713
chr14	74883202	C	G	ZN600_HUMAN,ZBT17_HUMAN,SP2_HUMAN	HEK293 (embryonic kidney)	0.0	2.165487981443487		1.538
chr14	106845516	A	T	FOXA1_HUMAN,ZN600_HUMAN,FEZF1_HUMAN	GM12878 (female B-cells),HEK293 (embryonic kidney)	1.7060738585630404	0.0	0.762	0.22399999999999998
chr14	106872645	G	T	RAD21_HUMAN,CTCF_HUMAN,ZN600_HUMAN,KLF14_HUMAN	A549 (lung carcinoma),MCF7 (Invasive ductal breast carcinoma),GM12878 (female B-cells),HEK293 (embryonic kidney),prostate gland	2.3248803693574733	0.019084345304053445	0.75	-0.032
chr14	106872714	A	C	ZIC2_HUMAN,KLF9_HUMAN,SP3_HUMAN,ZN692_HUMAN,ZN600_HUMAN,ZN629_HUMAN,ZN654_HUMAN,ZFP37_HUMAN	MCF7 (Invasive ductal breast carcinoma),HEK293 (embryonic kidney),prostate gland	0.0	3.3574431672715606		1.8969999999999998
chr15	64842388	C	G	ZBT7A_HUMAN,KDM1A_HUMAN,MNT_HUMAN,NCOA2_HUMAN,IKZF2_HUMAN,FOXK2_HUMAN,HDGF_HUMAN,ZBT26_HUMAN,ZN600_HUMAN,ENL_HUMAN,ZN316_HUMAN,TR150_HUMAN,ZN398_HUMAN,ZN121_HUMAN,PRDM2_HUMAN	GM12878 (female B-cells),HEK293 (embryonic kidney),K562 (myelogenous leukemia)	0.0	1.3612750791523935	-1.169	1.1159999999999999
chr15	65393630	G	A	ZN600_HUMAN	HEK293 (embryonic kidney)	0.0	1.3328173528760598		1.239
chr15	66302210	C	A	ZN600_HUMAN	HEK293 (embryonic kidney)	1.7840847733658838	0.0	1.475	-1.4069999999999998
chr15	72797284	T	A	ZFX_HUMAN,KDM1A_HUMAN,TTP_HUMAN,ZN600_HUMAN,ZN436_HUMAN	A549 (lung carcinoma),HEK293 (embryonic kidney),K562 (myelogenous leukemia)	0.0	2.166469771122592	-0.37	0.7509999999999999
chr15	73983335	A	G	ZIC2_HUMAN,GLIS1_HUMAN,ZN600_HUMAN,TZAP_HUMAN,ZBT20_HUMAN	HEK293 (embryonic kidney)	0.0	1.9070877364422663	-1.589	1.422
chr15	73983447	T	C	ZIC2_HUMAN,GLIS1_HUMAN,ZN600_HUMAN,TZAP_HUMAN,SP7_HUMAN,ZBT17_HUMAN,ZBT20_HUMAN,ZN335_HUMAN,ZN398_HUMAN,SCRT2_HUMAN	HEK293 (embryonic kidney)	0.0	4.0925304878886495	-1.8330000000000002	1.685
chr15	74054315	T	C	ZN600_HUMAN	K562 (myelogenous leukemia),foreskin keratinocyte	0.0	1.5246542368112035	-1.005	0.8540000000000001
chr15	77810375	G	A	SMC3_HUMAN,ZN600_HUMAN	HEK293 (embryonic kidney)	0.0	1.9418022695303307	-1.026	1.135
chr15	84079698	A	C	ZBT26_HUMAN,ZN600_HUMAN,ZN335_HUMAN	HEK293 (embryonic kidney)	1.7915855009660269	0.0	1.581	-2.375
chr15	84981397	G	A	ESR1_HUMAN,BCL6_HUMAN,CREB1_HUMAN,ZNF24_HUMAN,ZN639_HUMAN,ZN600_HUMAN,INSM2_HUMAN	germinal center B-cells,HEK293 (embryonic kidney),breast tumor tissue,foreskin keratinocyte	2.4349381779391575	0.0	1.235	
chr15	101296232	G	A	ZN600_HUMAN	HEK293 (embryonic kidney)	0.0	1.484084885829426	-1.446	1.504
chr16	2005819	G	A	CTCF_HUMAN,ZN600_HUMAN	HEK293 (embryonic kidney),tibial nerve	9.835091093827106	0.0	1.891	-2.508
chr16	2663816	A	G	PRDM4_HUMAN,ZN600_HUMAN,FEZF1_HUMAN,SP7_HUMAN,PRDM6_HUMAN,SP2_HUMAN	HEK293 (embryonic kidney),K562 (myelogenous leukemia)	2.319618853850431	0.0	1.801	
chr16	2664383	A	C	ZN600_HUMAN,PRDM6_HUMAN	HEK293 (embryonic kidney),K562 (myelogenous leukemia)	1.3683573309775485	0.0	1.459	
chr16	2664442	C	T	TYY1_HUMAN,ZN600_HUMAN,PRDM6_HUMAN,SCRT2_HUMAN	HEK293 (embryonic kidney)	1.496367023203335	0.0	1.456	-1.244
chr16	2883279	G	C	CTCF_HUMAN,ZN600_HUMAN	A549 (lung carcinoma),T47D (invasive ductal carcinoma),HEK293 (embryonic kidney)	0.0	1.6311321973530977	0.374	0.603
chr16	2911733	G	A	ZN600_HUMAN,ZEB2_HUMAN	HEK293T (embryonic kidney),GM12878 (female B-cells),HEK293 (embryonic kidney)	1.422767102234898	0.0	1.561	-1.349
chr16	4284201	C	T	ZN600_HUMAN	HEK293 (embryonic kidney)	0.0	1.6569251671205996		1.5730000000000002
chr16	4345556	G	C	ZN600_HUMAN,SCRT2_HUMAN	HEK293 (embryonic kidney)	0.0	1.3099558525819142	-1.242	1.541
chr16	11640400	T	C	ZN692_HUMAN,ZN600_HUMAN,ZN629_HUMAN,PRD10_HUMAN,ZFHX2_HUMAN,ZSC21_HUMAN,ZBT17_HUMAN,TF65_HUMAN,KMT2A_HUMAN,SPI1_HUMAN	HEK293 (embryonic kidney),monocyte-derived macrophages,fetal bone marrow-derived mononuclear cells	0.0	1.7339354506309061	-1.43	1.587
chr16	11640461	T	C	ESR1_HUMAN,ZN600_HUMAN,ZN629_HUMAN,ZFHX2_HUMAN,ZSC21_HUMAN,ZBT17_HUMAN,ZN335_HUMAN,TF65_HUMAN,ZN366_HUMAN,ZN394_HUMAN,KMT2A_HUMAN,SPI1_HUMAN	HEK293 (embryonic kidney),monocyte-derived macrophages,fetal bone marrow-derived mononuclear cells,breast tumor tissue	0.0	1.4962355877740332	-0.145	1.695
chr16	11640926	T	C	ZN600_HUMAN	HEK293 (embryonic kidney),K562 (myelogenous leukemia)	0.0	2.1348449000008736	-1.656	1.71
chr16	18999073	C	G	ZN600_HUMAN	A549 (lung carcinoma),MCF7 (Invasive ductal breast carcinoma),HEK293 (embryonic kidney)	0.0	1.6205800133821282		1.527
chr16	28264921	G	A	KLF9_HUMAN,ZN600_HUMAN,FEZF1_HUMAN,EGR2_HUMAN,ZBT17_HUMAN,ZN394_HUMAN	HEK293 (embryonic kidney)	0.0	3.574625228186183		2.113
chr16	31472301	C	T	KLF9_HUMAN,ZBT26_HUMAN,ZN692_HUMAN,ZN600_HUMAN,ZN335_HUMAN,ZN189_HUMAN	HEK293 (embryonic kidney)	0.0	1.6711435426558798		1.3219999999999998
chr16	57245048	A	C	JUN_HUMAN,PKNX1_HUMAN,ZN600_HUMAN	HEK293T (embryonic kidney),A549 (lung carcinoma)	1.3788405048638779	0.008581476507275091	0.563	-0.08900000000000001
chr16	85557274	G	A	ZN692_HUMAN,ZN600_HUMAN	HEK293 (embryonic kidney)	0.0	2.1873057994115457		1.8159999999999998
chr16	89718584	A	G	ZN600_HUMAN	HEK293 (embryonic kidney),K562 (myelogenous leukemia)	0.0	2.165487981443487		1.538
chr16	89731967	C	G	ZN600_HUMAN	HEK293 (embryonic kidney)	0.0	1.380243353545441	-1.41	1.285
chr17	879659	G	T	CTCF_HUMAN,ZIC2_HUMAN,GLIS1_HUMAN,ZN600_HUMAN,ZN629_HUMAN,FEZF1_HUMAN,PRD10_HUMAN,WT1_HUMAN,ZEB2_HUMAN,ZN366_HUMAN	HEK293 (embryonic kidney),pancreas,tibial artery,adrenal gland,prostate gland	0.0	13.623774845743856	0.316	0.772
chr17	1779718	G	A	ZN600_HUMAN	HEK293 (embryonic kidney)	1.8472711075910297	0.0	1.679	-2.5540000000000003
chr17	1829798	T	A	ESR1_HUMAN,MNT_HUMAN,NRF1_HUMAN,ZN600_HUMAN	HEK293T (embryonic kidney),MCF7 (Invasive ductal breast carcinoma),HEK293 (embryonic kidney),breast tumor tissue,upper lobe of left lung	0.0	1.8370823930525981		1.706
chr17	4909048	A	C	ZIC2_HUMAN,ZN148_HUMAN,IKZF2_HUMAN,ZBT26_HUMAN,ZN600_HUMAN,SALL1_HUMAN,ZF69B_HUMAN,ZBT17_HUMAN,ZSCA4_HUMAN,ZN335_HUMAN,ZN157_HUMAN,ZBT10_HUMAN,BCL6B_HUMAN,ZSC26_HUMAN,ZN311_HUMAN,SCRT2_HUMAN	HEK293T (embryonic kidney),GM12878 (female B-cells),HEK293 (embryonic kidney)	0.0	7.421687921878774		2.063
chr17	7329843	C	G	CTCF_HUMAN,ZN600_HUMAN	A549 (lung carcinoma),GM12878 (female B-cells),HEK293 (embryonic kidney)	2.5569969298263002	0.0	0.585	0.221
chr17	8151542	C	A	ZBT26_HUMAN,ZN600_HUMAN,ZBT17_HUMAN,SP2_HUMAN	GM12878 (female B-cells),HEK293 (embryonic kidney)	4.2710588344105815	0.0	2.019	
chr17	17922706	A	G	GCR_HUMAN,GLIS1_HUMAN,ZN600_HUMAN,ZN629_HUMAN,PRD10_HUMAN	HEK293 (embryonic kidney)	0.0	1.4167606986310355	-0.43	1.166
chr17	27339999	A	G	ZN600_HUMAN	HEK293 (embryonic kidney)	0.0	1.3973228015656496	-1.35	1.5090000000000001
chr17	40064651	T	C	ZN600_HUMAN	K562 (myelogenous leukemia)	0.0	1.3394066700649574	-1.3980000000000001	1.445
chr17	41689381	A	C	JUN_HUMAN,BCL3_HUMAN,PKNX1_HUMAN,ATF2_HUMAN,LMBL2_HUMAN,ZN600_HUMAN,SP7_HUMAN,ZBT21_HUMAN	HEK293T (embryonic kidney),A549 (lung carcinoma),D283 Med (medulloblastoma)	0.0	6.414187959298508	-0.5329999999999999	1.188
chr17	44065888	T	C	FOXK2_HUMAN,ZN600_HUMAN,TZAP_HUMAN	HEK293T (embryonic kidney),GM12878 (female B-cells),HEK293 (embryonic kidney),HepG2 (hepatoblastoma),K562 (myelogenous leukemia)	2.126355887249514	0.0	1.021	0.442
chr17	44823618	G	C	ZN600_HUMAN	HEK293 (embryonic kidney)	0.0	1.4273632652316373	-2.1790000000000003	1.6469999999999998
chr17	45760546	T	C	ZN600_HUMAN	HEK293 (embryonic kidney)	2.060810012482264	0.0	1.8090000000000002	
chr17	47323689	C	T	ZN600_HUMAN,ZN629_HUMAN,ZN610_HUMAN,SCRT2_HUMAN	HEK293 (embryonic kidney)	2.695793113438646	0.0	1.88	
chr17	49193474	A	C	PKNX1_HUMAN,LMBL2_HUMAN,ZBT26_HUMAN,GLIS1_HUMAN,ZN600_HUMAN,ZF69B_HUMAN,KLF7_HUMAN,ZEB2_HUMAN,ZBT10_HUMAN,ZN366_HUMAN	HEK293T (embryonic kidney),HEK293 (embryonic kidney)	0.0	1.867525778748655	-0.34	1.325
chr17	51435818	A	G	FOXA1_HUMAN,ZIC2_HUMAN,ZN600_HUMAN,ZFHX2_HUMAN	LNCaP (prostate carcinoma),MCF7 (Invasive ductal breast carcinoma),LNCaP C4-2B (prostate carcinoma),HEK293 (embryonic kidney),epithelial cell of prostate,LNCaP clone FGC	3.943692609755916	0.0	0.6659999999999999	0.066
chr17	68196953	T	C	ZIC2_HUMAN,ZBT26_HUMAN,ZN600_HUMAN	MCF7 (Invasive ductal breast carcinoma),HEK293 (embryonic kidney)	0.0	2.209425106345911	-2.015	1.528
chr17	77376044	C	G	ZN600_HUMAN,SPI1_HUMAN	GM12878 (female B-cells),HEK293 (embryonic kidney),monocyte-derived macrophages,K562 (myelogenous leukemia)	1.6858134129035105	0.0	1.735	
chr17	78169276	C	G	ZIC2_HUMAN,IKZF1_HUMAN,ZBT26_HUMAN,GLIS1_HUMAN,ZN600_HUMAN	GM12878 (female B-cells),HEK293 (embryonic kidney)	4.362758006373847	0.0	1.905	-2.333
chr17	81513925	G	C	ZIC2_HUMAN,ZBT8A_HUMAN,ZN600_HUMAN	HEK293T (embryonic kidney),HEK293 (embryonic kidney),HepG2 (hepatoblastoma),pancreas	0.0	4.1755813603233		1.405
chr17	81580088	A	G	GLIS1_HUMAN,ZN600_HUMAN	HEK293 (embryonic kidney),K562 (myelogenous leukemia)	3.5356703440508572	0.0	1.845	
chr17	82330677	T	G	ZN600_HUMAN,PRD10_HUMAN	HEK293 (embryonic kidney)	0.0	1.484084885829426		1.66
chr17	82330771	C	T	GLIS1_HUMAN,ZN600_HUMAN	HEK293 (embryonic kidney)	0.0	1.4082641399385387	-1.838	1.5
chr17	82358718	C	T	ZN600_HUMAN,ZN366_HUMAN	HEK293T (embryonic kidney),HEK293 (embryonic kidney)	0.0	1.5305070200196682		1.706
chr17	82359096	T	C	ZBT8A_HUMAN,SP3_HUMAN,ZN600_HUMAN,ZBT17_HUMAN,ZNF76_HUMAN	HEK293T (embryonic kidney),HEK293 (embryonic kidney)	0.0	4.701074549426394		2.063
chr17	82544486	T	C	ZN600_HUMAN	HEK293 (embryonic kidney)	0.0	1.665015197484415		1.615
chr19	1006926	G	T	ZN600_HUMAN	HEK293 (embryonic kidney)	1.5132659194530282	0.0	1.641	-2.367
chr19	1020288	A	C	ZN600_HUMAN	HEK293 (embryonic kidney),K562 (myelogenous leukemia)	2.8981334096373024	0.0	1.929	
chr19	1021350	A	T	SP3_HUMAN,GLIS1_HUMAN,PRDM4_HUMAN,ZN600_HUMAN,TYY2_HUMAN,WT1_HUMAN,ZN623_HUMAN,ZNF76_HUMAN,ZN335_HUMAN,ZN577_HUMAN,ZN426_HUMAN,ZNF34_HUMAN,ZN366_HUMAN	HEK293 (embryonic kidney)	0.0	2.287595741432275		1.669
chr19	1113977	C	T	ZN600_HUMAN	HEK293 (embryonic kidney)	0.0	1.3394066700649574		1.401
chr19	1200714	C	A	ZN600_HUMAN,EGR2_HUMAN,SP7_HUMAN,ZFHX2_HUMAN,OSR2_HUMAN,PATZ1_HUMAN,ZN770_HUMAN,SCRT2_HUMAN,ZN394_HUMAN	HEK293 (embryonic kidney)	0.0	2.5423025606976033		1.9369999999999998
chr19	1682948	C	T	MGAP_HUMAN,ZN600_HUMAN,ERR1_HUMAN	HEK293 (embryonic kidney),K562 (myelogenous leukemia)	1.876384163241624	0.0	1.714	
chr19	4087350	G	C	ZN600_HUMAN	HEK293 (embryonic kidney)	0.0	1.564827185562358		1.4969999999999999
chr19	5828369	A	G	ZIC2_HUMAN,ZBT8A_HUMAN,STAT1_HUMAN,ZN600_HUMAN,ZSC21_HUMAN,GLIS2_HUMAN,HIC1_HUMAN	CD14+ monocytes,HEK293 (embryonic kidney)	0.0	2.8630405774508327	-2.6860000000000004	1.733
chr19	12766228	C	T	ZN600_HUMAN,SP7_HUMAN	HEK293 (embryonic kidney)	0.0	5.441336095708418		2.255
chr19	12779403	C	T	GLIS1_HUMAN,ZN600_HUMAN,ZN341_HUMAN,ZN335_HUMAN	HEK293 (embryonic kidney)	0.050933317389547504	2.9128122149329334	-0.473	1.5190000000000001
chr19	17337851	T	C	CTCF_HUMAN,TYY1_HUMAN,REST_HUMAN,KLF13_HUMAN,ZBT11_HUMAN,ZBT26_HUMAN,SP3_HUMAN,ZN692_HUMAN,ZSC16_HUMAN,ZN600_HUMAN,ZN629_HUMAN,FEZF1_HUMAN,TZAP_HUMAN,SP7_HUMAN,BC11B_HUMAN,TYY2_HUMAN,PRD10_HUMAN,ZFHX2_HUMAN,ZBT17_HUMAN,ZBT20_HUMAN,SP2_HUMAN,GLI4_HUMAN,ZN335_HUMAN,KLF8_HUMAN,PATZ1_HUMAN,ZEB2_HUMAN,ZBTB6_HUMAN,ZN770_HUMAN,ZNF34_HUMAN,ZN501_HUMAN,PRDM2_HUMAN,SCRT2_HUMAN	HEK293 (embryonic kidney)	0.0073228151403613145	2.037776948402708	0.045	1.07
chr19	17338152	A	C	TYY1_HUMAN,ZBT11_HUMAN,ZBT26_HUMAN,SP3_HUMAN,ZN600_HUMAN,SP7_HUMAN,ZSA5A_HUMAN,ZBT17_HUMAN,ZBT20_HUMAN,SP2_HUMAN,KLF8_HUMAN,ZEB2_HUMAN,ZBTB6_HUMAN,ZN398_HUMAN,HIC1_HUMAN,SCRT2_HUMAN,ZN189_HUMAN	HEK293 (embryonic kidney)	0.0	1.5226365749941584	-1.02	1.347
chr19	38975372	T	A	ZN600_HUMAN	HEK293 (embryonic kidney)	1.3644147748469906	0.0	2.4459999999999997	
chr19	41264326	A	T	GATA1_HUMAN,JUN_HUMAN,BCL3_HUMAN,STAT1_HUMAN,ZN600_HUMAN,BC11B_HUMAN,SP2_HUMAN	A549 (lung carcinoma),MCF7 (Invasive ductal breast carcinoma),CD14+ monocytes,CD34+ hematopoietic stem cells-derived proerythroblasts,thymus-derived CD34- cells	4.3608172704822925	0.20744843831609533	1.3769999999999998	0.096
chr19	41426923	G	A	ZN600_HUMAN	K562 (myelogenous leukemia)	0.0	1.564827185562358		1.4969999999999999
chr19	43799275	C	T	ZN600_HUMAN,ZFHX2_HUMAN	HEK293 (embryonic kidney)	0.0	1.5835075771087546		2.312
chr19	43901770	G	C	FOXK2_HUMAN,ZBT26_HUMAN,ZN600_HUMAN,ZN189_HUMAN	HEK293 (embryonic kidney)	0.0	1.570877334495746	-1.121	1.234
chr19	44165166	A	G	TYY1_HUMAN,GABPA_HUMAN,FOXK2_HUMAN,ZBT11_HUMAN,ZBT26_HUMAN,SP3_HUMAN,ZN600_HUMAN,ZN629_HUMAN,SP7_HUMAN,ZXDB_HUMAN,Z518A_HUMAN,ZBT12_HUMAN,ZNF34_HUMAN,ZN394_HUMAN	HEK293 (embryonic kidney)	0.33593233728681754	1.5863949807132671	0.252	1.3319999999999999
chr19	50357351	G	A	RAD21_HUMAN,SMC3_HUMAN,EGR1_HUMAN,MNT_HUMAN,NR2C1_HUMAN,FOXK2_HUMAN,ZN600_HUMAN,ZN629_HUMAN,SP7_HUMAN,PRD10_HUMAN,ZBT12_HUMAN	A549 (lung carcinoma),MCF7 (Invasive ductal breast carcinoma),GM12878 (female B-cells),HEK293 (embryonic kidney),K562 (myelogenous leukemia),erythroid cells	3.6343442635571046	0.03288241614297574	0.627	0.039
chr2	3585542	G	A	ZN600_HUMAN	HEK293 (embryonic kidney)	4.732138012601101	0.0	1.9240000000000002	-2.168
chr2	3585543	G	A	ZN600_HUMAN	HEK293 (embryonic kidney)	5.326217915412012	0.0	2.008	-2.303
chr2	47771417	T	G	ATF3_HUMAN,IKZF1_HUMAN,ZN600_HUMAN,MTG16_HUMAN,ZN398_HUMAN,ZN394_HUMAN	HEK293 (embryonic kidney),K562 (myelogenous leukemia)	3.354577783043364	0.0	1.824	
chr2	47771447	C	G	ANDR_HUMAN,IKZF1_HUMAN,ZN600_HUMAN,ZN394_HUMAN	HEK293 (embryonic kidney),K562 (myelogenous leukemia)	1.3040641929387493	0.0	1.054	
chr2	65573606	G	A	ZN600_HUMAN,ZN335_HUMAN,ZN770_HUMAN	HEK293 (embryonic kidney)	0.0	1.4273632652316373		1.2819999999999998
chr2	73386213	G	A	ESR1_HUMAN,ZFX_HUMAN,ZN600_HUMAN,PRDM9_HUMAN	HEK293T (embryonic kidney),MCF7 (Invasive ductal breast carcinoma),GM12878 (female B-cells),HEK293 (embryonic kidney),HepG2 (hepatoblastoma),K562 (myelogenous leukemia),breast tumor tissue	2.614577423515273	0.0	1.662	
chr2	113656378	T	C	ZBT26_HUMAN,ZN600_HUMAN,EGR2_HUMAN,PRD10_HUMAN,ZFHX2_HUMAN,SP2_HUMAN,ZN335_HUMAN	HEK293 (embryonic kidney),K562 (myelogenous leukemia)	9.601878393870575	0.0	1.485	-1.416
chr2	127001253	C	G	ZN600_HUMAN	HEK293 (embryonic kidney)	0.0	1.3394066700649574	-1.0959999999999999	1.318
chr2	131802861	C	T	GLIS1_HUMAN,ZN600_HUMAN	HEK293 (embryonic kidney)	1.6270651989581897	0.0	1.33	-1.618
chr2	191677959	G	T	ZN600_HUMAN	HEK293 (embryonic kidney)	0.0	1.3328173528760598		1.239
chr2	196400350	G	A	CEBPB_HUMAN,ZN600_HUMAN	A549 (lung carcinoma),HEK293 (embryonic kidney)	2.802438969675437	0.0	0.828	-0.13
chr2	237858561	A	T	RAD21_HUMAN,PRDM1_HUMAN,PKNX1_HUMAN,ZN600_HUMAN,PRD10_HUMAN,PRDM9_HUMAN	HEK293T (embryonic kidney),GM12878 (female B-cells),HEK293 (embryonic kidney),HepG2 (hepatoblastoma),erythroid cells,foreskin keratinocyte	0.0	1.677222763336584	0.091	0.647
chr20	2524478	G	A	ZN600_HUMAN	HEK293 (embryonic kidney)	1.470901579308127	0.0	1.538	-1.426
chr20	3753334	C	A	RAD21_HUMAN,ZN600_HUMAN	right lobe of liver,neural cell	1.316410379977459	0.005156745611555257	0.787	0.14
chr20	3808327	G	A	USF2_HUMAN,ZN692_HUMAN,ZN600_HUMAN,ZN189_HUMAN	HEK293 (embryonic kidney),HeLa S3 (cervical adenocarcinoma),HepG2 (hepatoblastoma)	1.4156356175988658	0.0	1.054	
chr20	5169221	G	A	IKZF2_HUMAN,GLIS1_HUMAN,ZN600_HUMAN,SP2_HUMAN	GM12878 (female B-cells),HEK293 (embryonic kidney)	0.0	1.8543464959862561	-0.581	0.7979999999999999
chr20	38050014	A	G	ANDR_HUMAN,ZN600_HUMAN	HEK293 (embryonic kidney),LHSAR (prostate epithelial cells)	1.5537972625601615	0.041988226976284806	0.88	-0.522
chr20	47507067	C	A	ZN600_HUMAN	GM12878 (female B-cells),HEK293 (embryonic kidney)	0.0	1.3394066700649574	-1.3980000000000001	1.445
chr20	50558752	C	T	JUN_HUMAN,JUND_HUMAN,CREB1_HUMAN,MNT_HUMAN,PKNX1_HUMAN,MGAP_HUMAN,LMBL2_HUMAN,ZN600_HUMAN,E4F1_HUMAN,SOX6_HUMAN	MCF7 (Invasive ductal breast carcinoma),coronary artery smooth muscle,HEK293 (embryonic kidney),K562 (myelogenous leukemia)	0.0	2.411677170321331	0.531	1.2309999999999999
chr20	51712706	G	C	CTCF_HUMAN,ZN600_HUMAN	HEK293 (embryonic kidney),foreskin keratinocyte	3.6297647024196253	0.0	0.43700000000000006	0.13
chr20	51712877	T	C	ZN600_HUMAN	HEK293 (embryonic kidney)	3.9652872539147306	0.0	2.0340000000000003	
chr20	63486593	A	G	ZN600_HUMAN	HEK293 (embryonic kidney)	0.0	1.4273632652316373		1.4340000000000002
chr20	63532459	G	T	ZN600_HUMAN	HEK293 (embryonic kidney)	0.0	1.3394066700649574		1.401
chr21	37338878	C	A	GCR_HUMAN,ZN600_HUMAN,ZN366_HUMAN	HEK293 (embryonic kidney),embryonic kidney	1.9359820423346519	0.31715489908968775	1.177	0.313
chr21	37338900	G	A	ZN600_HUMAN	HEK293 (embryonic kidney)	1.8759148580133616	0.0	1.9609999999999999	
chr21	38913561	T	A	ZN600_HUMAN,SNAI2_HUMAN	T47D (invasive ductal carcinoma),keratinocytes,HEK293 (embryonic kidney)	0.0	2.5423025606976033		1.902
chr21	38913562	C	T	ZN600_HUMAN,SNAI2_HUMAN	T47D (invasive ductal carcinoma),keratinocytes,HEK293 (embryonic kidney)	0.0	2.310256375333042		1.8519999999999999
chr21	43935952	C	T	ZN600_HUMAN	HEK293 (embryonic kidney)	0.0	1.3394066700649574		1.5619999999999998
chr22	17410667	C	G	ZN600_HUMAN	HEK293 (embryonic kidney)	0.0	1.6997441759272451	-1.296	1.456
chr22	20108791	G	A	ZN600_HUMAN	HEK293 (embryonic kidney)	1.7061281875063887	0.0	1.4580000000000002	-1.275
chr22	20592015	G	T	GLIS1_HUMAN,ZN600_HUMAN	HEK293 (embryonic kidney)	0.0	2.792164365626401		1.801
chr22	29369535	G	A	STAT1_HUMAN,ZN600_HUMAN,ZN366_HUMAN	CD14+ monocytes,HEK293 (embryonic kidney)	3.244045366783387	0.0	1.74	
chr22	44777125	C	T	ZN600_HUMAN,SCRT2_HUMAN	HEK293 (embryonic kidney)	1.5380989581067859	0.0	1.41	-1.274
chr3	13279510	G	A	ZN600_HUMAN	HEK293 (embryonic kidney)	0.0	2.1348449000008736	-1.656	1.71
chr3	13665800	T	C	ZN600_HUMAN,ZN629_HUMAN	HEK293 (embryonic kidney)	0.0	1.484084885829426		1.466
chr3	17639967	A	G	ZN600_HUMAN,SP7_HUMAN	HEK293 (embryonic kidney)	1.4165718837056878	0.0	1.635	-2.303
chr3	20056894	G	T	ANDR_HUMAN,ZN600_HUMAN	HEK293 (embryonic kidney),LHSAR (prostate epithelial cells)	2.8424635588307776	0.0	0.912	0.175
chr3	23982611	G	T	ZN600_HUMAN	HEK293 (embryonic kidney)	0.0	1.4273632652316373		1.4340000000000002
chr3	43105337	C	G	ZF64A_HUMAN,ZN600_HUMAN	HEK293 (embryonic kidney)	1.7683635654811616	0.0	1.3119999999999998	-1.074
chr3	53197279	C	T	KLF16_HUMAN,STAT1_HUMAN,ZN600_HUMAN,ZN341_HUMAN,SP2_HUMAN,PATZ1_HUMAN	22RV1 (prostate carcinoma),HEK293T (embryonic kidney),CD14+ monocytes,HEK293 (embryonic kidney),Peyer's patch	0.0	1.5011861996606308	-2.197	1.607
chr3	61663875	C	G	ZIC2_HUMAN,ZN600_HUMAN,SCRT2_HUMAN	HEK293 (embryonic kidney)	0.0	1.3661599780189753	-1.181	1.0290000000000001
chr3	97737064	C	A	PKNX1_HUMAN,CTBP1_HUMAN,ZN600_HUMAN,FEZF1_HUMAN,PRDM6_HUMAN	HEK293T (embryonic kidney),HEK293 (embryonic kidney)	0.0	12.248371503197463		1.034
chr3	125357413	C	A	ZN600_HUMAN	HEK293T (embryonic kidney),HEK293 (embryonic kidney)	1.4037821704795745	0.0	1.308	
chr3	125357423	C	A	FOXK2_HUMAN,ZN600_HUMAN	HEK293T (embryonic kidney),GM12878 (female B-cells)	2.7185240605278964	0.0	1.421	
chr3	137032890	G	C	ZN600_HUMAN,ZBT17_HUMAN	HEK293 (embryonic kidney)	0.0	1.6707463835010352	-1.39	1.433
chr3	150385051	T	C	CTCF_HUMAN,ZN600_HUMAN,ZNF18_HUMAN	HEK293 (embryonic kidney),neutrophils	1.7935035848134546	0.525375320937389	1.006	0.455
chr3	161339805	A	G	GRHL2_HUMAN,ESR1_HUMAN,GATA3_HUMAN,FOXA1_HUMAN,GCR_HUMAN,COT2_HUMAN,CUX1_HUMAN,CREB1_HUMAN,ZN217_HUMAN,P66B_HUMAN,CLOCK_HUMAN,CTBP1_HUMAN,RCOR1_HUMAN,REQU_HUMAN,FOXM1_HUMAN,ZN600_HUMAN,ERR1_HUMAN,ATF7_HUMAN,NCOA3_HUMAN,NFIB_HUMAN,TF65_HUMAN,FOS_HUMAN,P53_HUMAN,KDM5B_HUMAN	MCF7 (Invasive ductal breast carcinoma),HEK293 (embryonic kidney),LY-2 (invasive ductal carcinoma)	0.0	5.20982471127572	-0.382	1.053
chr3	172169075	A	G	ZN600_HUMAN,ZN629_HUMAN	HEK293 (embryonic kidney)	0.0	1.4273632652316373	-2.207	1.63
chr3	195897522	G	A	ZIC2_HUMAN,ZBT8A_HUMAN,ZN600_HUMAN,ZFHX2_HUMAN,ZBT17_HUMAN,GLIS2_HUMAN	HEK293 (embryonic kidney)	0.0	3.434602724222253	-1.8940000000000001	1.7109999999999999
chr3	197554836	A	G	CTCF_HUMAN,ZFX_HUMAN,ZN600_HUMAN,SP2_HUMAN,SPI1_HUMAN,HIF3A_HUMAN	T47D (invasive ductal carcinoma),HEK293 (embryonic kidney)	11.312891152760146	0.0	0.688	0.397
chr5	34656185	A	C	RAD21_HUMAN,CTCF_HUMAN,SMC3_HUMAN,USF2_HUMAN,ZBT26_HUMAN,ZN600_HUMAN,BC11B_HUMAN	HEK293T (embryonic kidney),A549 (lung carcinoma),HEK293 (embryonic kidney),foreskin keratinocyte	2.0070494964355516	0.04293759489772189	0.6629999999999999	0.19399999999999998
chr5	37367135	T	C	ZN600_HUMAN	HEK293 (embryonic kidney)	0.0	1.564827185562358		1.621
chr5	43192319	C	A	ESR1_HUMAN,ZIC2_HUMAN,GLIS1_HUMAN,ZN600_HUMAN,ZBT17_HUMAN	MCF7 (Invasive ductal breast carcinoma),HEK293 (embryonic kidney)	0.0	6.296041685621229	-0.506	1.399
chr7	455392	A	G	ZN600_HUMAN	HEK293 (embryonic kidney)	0.0	1.544464669431858	-1.7919999999999998	1.495
chr7	732388	G	A	RAD21_HUMAN,CTCF_HUMAN,HNF4A_HUMAN,ZN600_HUMAN,HIF1A_HUMAN,KDM5B_HUMAN	T47D (invasive ductal carcinoma),HEK293 (embryonic kidney),MCF10A (breast epithelial cells),R3/R4 erythroid cells,liver,erythroid progenitors,pancreas,IPSC-derived bipolar neuron,heart left ventricle,gastrocnemius medialis,Peyer's patch,bipolar neuron,right lobe of liver,gastroesophageal sphincter,uterus,epithelial cell of prostate,esophagus muscularis mucosa,sigmoid colon,adrenal gland,upper lobe of left lung,GM23338,SK-N-AS (neuroblastoma),NB69 (neuroblastoma)	0.0	3.2464297419783157	-0.506	1.036
chr7	25952890	T	C	ZIC2_HUMAN,ZBT26_HUMAN,ZN692_HUMAN,ZN600_HUMAN,FEZF1_HUMAN,ZF69B_HUMAN,OSR2_HUMAN,ZN335_HUMAN,ZBTB6_HUMAN	HEK293 (embryonic kidney),HepG2 (hepatoblastoma)	0.0	1.4164997343217562	-1.004	1.2309999999999999
chr7	26525980	G	A	ZN600_HUMAN,Z518A_HUMAN	HEK293 (embryonic kidney)	1.8812866954962493	0.0	1.5919999999999999	-2.197
chr7	42857026	G	T	CTCF_HUMAN,PRDM1_HUMAN,ZN600_HUMAN,PRD10_HUMAN,ZFHX2_HUMAN,ZN335_HUMAN,ZN362_HUMAN,ZN366_HUMAN	HEK293 (embryonic kidney)	2.0200355990916226	0.0	0.775	-0.36200000000000004
chr7	69601235	T	C	ZN600_HUMAN,ZN398_HUMAN	HEK293 (embryonic kidney)	0.0	1.7734867796159905	-1.274	1.4669999999999999
chr7	69630102	C	G	ZN600_HUMAN	HEK293 (embryonic kidney)	0.0	1.4273632652316373		1.2819999999999998
chr7	76303742	C	T	ZN600_HUMAN,ZFHX2_HUMAN,SP2_HUMAN,PATZ1_HUMAN	HEK293 (embryonic kidney)	0.0	2.1523830870446234	-1.465	1.5759999999999998
chr7	100122379	G	T	ZN600_HUMAN,ZN341_HUMAN	HEK293 (embryonic kidney)	0.0	1.323853894530822		1.6
chr7	100886760	T	G	ZN600_HUMAN	HEK293 (embryonic kidney)	1.470901579308127	0.0	1.538	-1.426
chr7	132485283	C	G	ZN600_HUMAN	HEK293 (embryonic kidney)	0.0	1.567912593338434		1.7109999999999999
chr7	140403956	C	T	GLIS1_HUMAN,ZN600_HUMAN,SCRT2_HUMAN	HEK293 (embryonic kidney)	0.0	1.7604775661021923	-1.179	1.492
chr7	140404546	T	G	ZN600_HUMAN	HEK293 (embryonic kidney)	0.0	1.5305070200196682	-1.412	1.5619999999999998
chr7	141550885	G	A	ZN600_HUMAN,ZBT20_HUMAN,ZN189_HUMAN	HEK293T (embryonic kidney),HEK293 (embryonic kidney)	0.0	1.3394066700649574		1.401
chr7	148535551	C	T	ZN600_HUMAN	HEK293 (embryonic kidney),K562 (myelogenous leukemia)	1.8717900236869123	0.0	1.712	-2.506
chr7	148535655	A	G	ZN600_HUMAN	HEK293 (embryonic kidney),K562 (myelogenous leukemia)	2.0128546788958777	0.0	1.723	-2.597
chr7	155206321	C	T	T2FA_HUMAN,TYY1_HUMAN,EGR1_HUMAN,HDAC2_HUMAN,KDM1A_HUMAN,SMCA5_HUMAN,MNT_HUMAN,ZNF24_HUMAN,NFRKB_HUMAN,NR2C1_HUMAN,NCOR1_HUMAN,NCOA2_HUMAN,GMEB1_HUMAN,SMCA4_HUMAN,HTF4_HUMAN,IKZF1_HUMAN,FOXK2_HUMAN,MTA2_HUMAN,ARNT_HUMAN,REQU_HUMAN,HDGF_HUMAN,ZN639_HUMAN,ZN600_HUMAN,FEZF1_HUMAN,TZAP_HUMAN,ZNF2_HUMAN,MYNN_HUMAN,ZBT17_HUMAN,SP2_HUMAN,ZNF76_HUMAN,ZSCA4_HUMAN,GLIS2_HUMAN,ZBT21_HUMAN,ZN843_HUMAN,ZBT10_HUMAN,PHF20_HUMAN,E4F1_HUMAN,ENL_HUMAN,MTA1_HUMAN,MEIS2_HUMAN,NCOA1_HUMAN,ARI1B_HUMAN,ZN316_HUMAN,ZBTB5_HUMAN,ZN184_HUMAN,SPT5H_HUMAN,HDAC1_HUMAN,BCOR_HUMAN,TIF1A_HUMAN,AFF1_HUMAN,RHG35_HUMAN,HIC1_HUMAN	HEK293 (embryonic kidney),K562 (myelogenous leukemia)	1.4170278734345496	0.0	1.3419999999999999	-1.551
chr7	155207605	T	C	HDAC2_HUMAN,ZN600_HUMAN,EGR2_HUMAN	HEK293 (embryonic kidney),K562 (myelogenous leukemia)	0.0	1.5214303274713268	-0.311	1.3769999999999998
chr7	155207609	T	C	HDAC2_HUMAN,ZN600_HUMAN,EGR2_HUMAN	HEK293 (embryonic kidney),K562 (myelogenous leukemia)	0.0	1.5072901006775057	-0.215	1.331
chr7	155207629	T	C	KDM1A_HUMAN,EHMT2_HUMAN,ZN600_HUMAN,EGR2_HUMAN,NCOA1_HUMAN	HEK293 (embryonic kidney),K562 (myelogenous leukemia)	1.8685697834773538	0.12793124498439504	1.3259999999999998	-0.09
chr7	155207634	G	A	NFIC_HUMAN,REST_HUMAN,KDM1A_HUMAN,EHMT2_HUMAN,ZN600_HUMAN,EGR2_HUMAN,NCOA1_HUMAN,HDAC1_HUMAN	HEK293 (embryonic kidney),K562 (myelogenous leukemia)	1.6311066725296381	0.0	1.399	-1.6030000000000002
chr7	155207725	C	T	NFIC_HUMAN,HDAC2_HUMAN,MGAP_HUMAN,ZN600_HUMAN,INSM2_HUMAN,EGR2_HUMAN,ENL_HUMAN	HEK293 (embryonic kidney),K562 (myelogenous leukemia)	1.5350861625360497	0.0	1.453	-1.881
chr8	1872203	A	C	ZN600_HUMAN,ZN366_HUMAN	HEK293 (embryonic kidney)	0.0	1.4273632652316373		1.4340000000000002
chr8	1872490	G	T	ZN600_HUMAN	HEK293 (embryonic kidney)	0.0	1.3321190861709737	-1.321	1.482
chr8	2075431	C	G	ZN600_HUMAN,WT1_HUMAN	HEK293 (embryonic kidney)	0.0	1.578625422844425	-1.43	1.587
chr8	2075434	T	C	ZN600_HUMAN,FEZF1_HUMAN,WT1_HUMAN	HEK293 (embryonic kidney)	0.0	1.4365871840152076	-1.344	1.5630000000000002
chr8	6801025	A	G	RAD21_HUMAN,CTCF_HUMAN,IKZF1_HUMAN,ZN600_HUMAN,ZBT17_HUMAN	A549 (lung carcinoma),GM12878 (female B-cells),HEK293 (embryonic kidney),K562 (myelogenous leukemia),foreskin keratinocyte	0.056776561851045404	1.5749151257409921	-0.032	0.501
chr8	11197511	C	A	PRDM1_HUMAN,ZN600_HUMAN,SP7_HUMAN	HEK293 (embryonic kidney)	0.0	1.6968633355857876		1.758
chr8	20282257	C	T	ZN600_HUMAN,ZN189_HUMAN	HEK293 (embryonic kidney)	0.0	1.3394066700649574	-1.3980000000000001	1.445
chr8	21491823	T	C	GLIS1_HUMAN,ZN600_HUMAN	HEK293 (embryonic kidney)	0.0	2.5552711918680355		1.556
chr8	41788047	C	T	ZN692_HUMAN,ZN600_HUMAN,ZN629_HUMAN,SP7_HUMAN	HEK293 (embryonic kidney)	0.0	1.602660719074262		1.466
chr8	41788192	C	T	ZN600_HUMAN,SP7_HUMAN,ZBT20_HUMAN	HEK293 (embryonic kidney)	0.0	1.3241402372165083	-1.278	1.5130000000000001
chr8	141276980	C	T	ZN600_HUMAN	HEK293 (embryonic kidney)	0.0	1.4403788495740488	-1.2429999999999999	1.114
chr8	141551965	C	T	ZN600_HUMAN	HEK293 (embryonic kidney)	1.7061281875063887	0.0	1.4580000000000002	-1.275
chr8	145051458	C	T	ZN600_HUMAN,ZFHX2_HUMAN	HEK293 (embryonic kidney),K562 (myelogenous leukemia)	0.0	1.8126707992161097	-1.517	1.455
chr8	145051465	A	G	ZN600_HUMAN,ZN341_HUMAN,ZFHX2_HUMAN	HEK293 (embryonic kidney),K562 (myelogenous leukemia)	0.0	1.9594049061358993	-1.544	1.4880000000000002
chrX	13722210	A	G	ZN600_HUMAN	HEK293 (embryonic kidney)	1.4050532369676478	0.0	1.558	
chrX	13722211	A	C	ZN600_HUMAN	HEK293 (embryonic kidney)	1.4050532369676478	0.0	1.558	
chrX	41329179	A	C	ZN600_HUMAN	HEK293 (embryonic kidney)	0.0	2.177743425695404		1.8030000000000002
chrX	70434856	A	G	ZN600_HUMAN,GLIS2_HUMAN	HEK293 (embryonic kidney)	0.0	1.3911400714266184		1.508
chrX	136067124	A	G	ZN600_HUMAN	HEK293 (embryonic kidney)	0.0	1.8637168961880097		1.69
chrX	155057576	C	G	CTCF_HUMAN,ZN600_HUMAN,ZN189_HUMAN	HEK293 (embryonic kidney),MCF10AT1 (breast premetastatic epithelial cells)	0.0	3.40007576684451	-0.768	1.569
