Chromosome	Position	Ref	Alt	ASB in transcription factors	ASB in cell types	ZXDB_HUMAN_FDR_Ref	ZXDB_HUMAN_FDR_Alt	ZXDB_HUMAN_Effect_Size_Ref	ZXDB_HUMAN_Effect_Size_Alt
chr1	16614011	C	T	CTCF_HUMAN,ZFX_HUMAN,KLF9_HUMAN,ZBT8A_HUMAN,OZF_HUMAN,FOXK2_HUMAN,COT1_HUMAN,LMBL2_HUMAN,GLIS1_HUMAN,ZN600_HUMAN,ZN629_HUMAN,ZNF10_HUMAN,TZAP_HUMAN,SP7_HUMAN,BC11B_HUMAN,KLF17_HUMAN,PRD10_HUMAN,ZN524_HUMAN,ZN341_HUMAN,ZSC21_HUMAN,WT1_HUMAN,ZXDB_HUMAN,ZNF2_HUMAN,ZBT17_HUMAN,ZBT20_HUMAN,SP2_HUMAN,ZN623_HUMAN,ZN335_HUMAN,ZNF18_HUMAN,PATZ1_HUMAN,ZN510_HUMAN,ZN577_HUMAN,ZN843_HUMAN,ZN426_HUMAN,ZNF34_HUMAN,ZN555_HUMAN,ZN398_HUMAN,ZN362_HUMAN,ZN394_HUMAN,ZN189_HUMAN,PRDM9_HUMAN	HEK293T (embryonic kidney),cranial neural crest cells,HCT-116 (colon carcinoma),HEK293 (embryonic kidney)	4.697803819939258	0.0	1.0759999999999998	-0.498
chr1	16614029	T	C	CTCF_HUMAN,SMC3_HUMAN,ZFX_HUMAN,TYY1_HUMAN,ZN350_HUMAN,KLF9_HUMAN,ZNF24_HUMAN,ZBT8A_HUMAN,IKZF2_HUMAN,FOXK2_HUMAN,MEF2B_HUMAN,LMBL2_HUMAN,HDGF_HUMAN,ZBT11_HUMAN,RXRB_HUMAN,ZBT26_HUMAN,KLF16_HUMAN,RING2_HUMAN,MXI1_HUMAN,SP3_HUMAN,ZN692_HUMAN,ZN600_HUMAN,ZN629_HUMAN,ZN558_HUMAN,PRD10_HUMAN,ZXDB_HUMAN,ZNF2_HUMAN,ZBT20_HUMAN,ZNF76_HUMAN,ZN335_HUMAN,ZNF18_HUMAN,PATZ1_HUMAN,ZEB2_HUMAN,ZN577_HUMAN,ZN221_HUMAN,ZN768_HUMAN,REPI1_HUMAN,ZN426_HUMAN,ZN398_HUMAN,ZN121_HUMAN,ZN501_HUMAN,ZN362_HUMAN,ZFP37_HUMAN,ZN776_HUMAN,ZN394_HUMAN,PRDM9_HUMAN	HEK293T (embryonic kidney),GM12878 (female B-cells),HEK293 (embryonic kidney),HepG2 (hepatoblastoma),K562 (myelogenous leukemia),neural cell	0.0	8.262770192654722	-0.517	1.167
chr1	16614712	T	C	ESR1_HUMAN,CTCF_HUMAN,PRDM1_HUMAN,TYY1_HUMAN,SP1_HUMAN,ZEB1_HUMAN,ZN350_HUMAN,MNT_HUMAN,TRI22_HUMAN,IKZF2_HUMAN,FOXK2_HUMAN,ZN639_HUMAN,ZN792_HUMAN,ZN692_HUMAN,PRDM4_HUMAN,INSM2_HUMAN,ZN624_HUMAN,BC11B_HUMAN,ZN701_HUMAN,TYY2_HUMAN,PRD10_HUMAN,ZN341_HUMAN,TSH1_HUMAN,ZSC21_HUMAN,PRDM6_HUMAN,ZXDB_HUMAN,ZSA5A_HUMAN,MYNN_HUMAN,ZBT17_HUMAN,ZN623_HUMAN,KLF7_HUMAN,ZEB2_HUMAN,ZN157_HUMAN,ZN770_HUMAN,REPI1_HUMAN,ZBT10_HUMAN,ZN555_HUMAN,ZN207_HUMAN,TBX3_HUMAN,ZIK1_HUMAN,ZN521_HUMAN,ZN398_HUMAN,ZN112_HUMAN,ZN121_HUMAN,PRDM2_HUMAN,ZN248_HUMAN,ZFP37_HUMAN,ZN776_HUMAN,SCRT2_HUMAN,ZN366_HUMAN,ZN473_HUMAN,PRDM9_HUMAN,ASCL1_HUMAN	HEK293T (embryonic kidney),GM12878 (female B-cells),HEK293 (embryonic kidney),HepG2 (hepatoblastoma),G523NS (glioblastoma)	0.0	1.628658928859713		1.3869999999999998
chr1	16905197	G	A	RAD21_HUMAN,RXRA_HUMAN,GATA1_HUMAN,AP2A_HUMAN,FOXA1_HUMAN,TYY1_HUMAN,HNF4A_HUMAN,SP1_HUMAN,FOXA2_HUMAN,NFE2_HUMAN,ELF4_HUMAN,ZN384_HUMAN,MYB_HUMAN,SRF_HUMAN,FEZF1_HUMAN,ZXDB_HUMAN,ZBT17_HUMAN,SP2_HUMAN,ZNF76_HUMAN,ZN189_HUMAN,PRDM9_HUMAN,ERG_HUMAN,FLI1_HUMAN	HEK293T (embryonic kidney),786-O (renal carcinoma),LNCaP (prostate carcinoma),CD34+ bone marrow cell-derived erythroid progenitors,HCT-116 (colon carcinoma),HEK293 (embryonic kidney),HT29 (colon adenocarcinoma),Jurkat (T-cells),LoVo (colorectal adenocarcinoma),MDA-MB-453 (breast adenocarcinoma),SK-N-SH (neuroblastoma),P493-6 (B-cell lymphoma),R3/R4 erythroid cells,SKNO-1 (acute myeloid leukemia),liver,Peyer's patch,thoracic aorta,tibial nerve	0.0	1.9390994263143642	0.038	1.004
chr1	28235345	T	G	NFIC_HUMAN,CTCF_HUMAN,HDAC2_HUMAN,KDM1A_HUMAN,MNT_HUMAN,ZNF24_HUMAN,ZN384_HUMAN,CEBPG_HUMAN,NR2C1_HUMAN,NCOR1_HUMAN,RFX1_HUMAN,BHE40_HUMAN,IKZF1_HUMAN,IKZF2_HUMAN,NFAC3_HUMAN,ARNT_HUMAN,ATF4_HUMAN,ZN580_HUMAN,ZN600_HUMAN,ZN629_HUMAN,SP7_HUMAN,ZXDB_HUMAN,ZBT17_HUMAN,OSR2_HUMAN,ZN335_HUMAN,ENL_HUMAN,HDAC1_HUMAN,BCOR_HUMAN,SCRT2_HUMAN,ZN394_HUMAN	GM12878 (female B-cells),HEK293 (embryonic kidney),K562 (myelogenous leukemia)	0.0	2.505749733409185	-1.3559999999999999	1.224
chr1	28235349	T	G	NFIC_HUMAN,HDAC2_HUMAN,MNT_HUMAN,ZNF24_HUMAN,ZN384_HUMAN,CEBPG_HUMAN,RFX1_HUMAN,BHE40_HUMAN,IKZF1_HUMAN,IKZF2_HUMAN,ATF4_HUMAN,ZN580_HUMAN,GLIS1_HUMAN,SP7_HUMAN,ZXDB_HUMAN,ZBT17_HUMAN,SP2_HUMAN,ZN335_HUMAN,ENL_HUMAN,ZN316_HUMAN,SCRT2_HUMAN	GM12878 (female B-cells),HEK293 (embryonic kidney),K562 (myelogenous leukemia)	0.0	2.5980043963099413	-1.329	1.195
chr1	28823387	G	A	ZXDB_HUMAN	HEK293 (embryonic kidney)	0.0	1.3104443131546544	-1.3980000000000001	1.445
chr1	39158708	C	T	ATF1_HUMAN,KDM1A_HUMAN,MNT_HUMAN,ZNF24_HUMAN,PKNX1_HUMAN,NCOR1_HUMAN,ZN592_HUMAN,MGAP_HUMAN,ATF3_HUMAN,E2F1_HUMAN,SMCA4_HUMAN,ATF2_HUMAN,FOXK2_HUMAN,GABP1_HUMAN,NRF1_HUMAN,ZXDB_HUMAN,ATF7_HUMAN,E4F1_HUMAN,MEIS2_HUMAN,HDAC1_HUMAN	HEK293 (embryonic kidney),K562 (myelogenous leukemia)	1.8804187887956774	0.0	0.509	-0.509
chr1	75724646	C	G	ZXDB_HUMAN,ZN189_HUMAN	HEK293T (embryonic kidney),HEK293 (embryonic kidney)	1.4050676556381163	0.0	1.635	-2.303
chr1	83999353	G	T	EGR1_HUMAN,KDM1A_HUMAN,EGR2_HUMAN,ZXDB_HUMAN,ATF7_HUMAN,ZN189_HUMAN	MCF7 (Invasive ductal breast carcinoma),HEK293 (embryonic kidney),K562 (myelogenous leukemia),neural cell	1.5705463467167364	0.0	1.281	-1.641
chr1	93180650	T	C	MYB_HUMAN,MYBB_HUMAN,FOXK2_HUMAN,NRF1_HUMAN,ZFHX2_HUMAN,ZXDB_HUMAN	GM12878 (female B-cells),HEK293 (embryonic kidney),K562 (myelogenous leukemia),Th1-cells	0.34460976606323446	1.4992118306949633	0.242	0.7979999999999999
chr1	151549031	G	C	EP300_HUMAN,GATA2_HUMAN,ANDR_HUMAN,KLF1_HUMAN,ZN639_HUMAN,GLIS1_HUMAN,ZN629_HUMAN,FEZF1_HUMAN,PRD10_HUMAN,WT1_HUMAN,ZXDB_HUMAN,OSR2_HUMAN,ZNF18_HUMAN,PATZ1_HUMAN,ZN398_HUMAN,HIC1_HUMAN,ZN366_HUMAN,ZN394_HUMAN	A549 (lung carcinoma),LNCaP (prostate carcinoma),MCF7 (Invasive ductal breast carcinoma),CWR22 (prostate carcinoma),HEK293 (embryonic kidney),primary endothelial colony-forming cells,SK-N-SH (neuroblastoma),ZR-75-1 (invasive ductal carcinoma)	0.0	1.4340906852655166	0.28800000000000003	0.7090000000000001
chr1	155910782	C	G	ZXDB_HUMAN	HEK293 (embryonic kidney)	6.463105681367937	0.0	2.256	
chr1	155911161	G	A	ZXDB_HUMAN	HEK293 (embryonic kidney)	1.8341277485628114	0.0	1.6909999999999998	-2.485
chr1	156751240	T	A	CTCF_HUMAN,GLIS1_HUMAN,ZXDB_HUMAN	GM12878 (female B-cells),HEK293 (embryonic kidney),K562 (myelogenous leukemia),thoracic aorta	2.1238468805288404	0.40681197040665246	0.498	0.248
chr1	223992676	G	T	TYY1_HUMAN,ATF2_HUMAN,FOXM1_HUMAN,LMBL2_HUMAN,ZBT11_HUMAN,ZBT26_HUMAN,ZN600_HUMAN,INSM2_HUMAN,ZN629_HUMAN,ZNF10_HUMAN,BC11B_HUMAN,KLF17_HUMAN,PRD10_HUMAN,ZN341_HUMAN,ZXDB_HUMAN,SP2_HUMAN,ZBT21_HUMAN,NFIB_HUMAN,ZN394_HUMAN,ZN189_HUMAN	HEK293T (embryonic kidney),MCF7 (Invasive ductal breast carcinoma),HEK293 (embryonic kidney)	1.5159843310427263	0.0	1.8119999999999998	
chr11	2428390	C	T	CTCF_HUMAN,ZXDB_HUMAN	GM12878 (female B-cells),HCT-116 (colon carcinoma),HEK293 (embryonic kidney),human villous mesenchymal fibroblast cells,K562 (myelogenous leukemia),B-cells,foreskin keratinocyte	10.594240558111705	0.0	0.557	0.51
chr11	64284987	A	T	ZN341_HUMAN,ZXDB_HUMAN	HEK293T (embryonic kidney),HEK293 (embryonic kidney)	0.0	1.3391276718803127	-0.885	1.145
chr11	67826685	G	A	GATA3_HUMAN,ZIC2_HUMAN,ZN692_HUMAN,GLIS1_HUMAN,PRDM6_HUMAN,ZXDB_HUMAN,NFIB_HUMAN	MCF7 (Invasive ductal breast carcinoma),HEK293 (embryonic kidney),K562 (myelogenous leukemia)	1.688459995065039	0.0	1.237	-1.435
chr11	86815040	C	T	FEZF1_HUMAN,ZXDB_HUMAN	HEK293 (embryonic kidney)	0.0	3.369705392431273		1.569
chr12	10364476	C	T	ZXDB_HUMAN,ZBT20_HUMAN,ZN398_HUMAN	HEK293T (embryonic kidney),HEK293 (embryonic kidney)	0.0	2.3166791713192207		1.7690000000000001
chr12	10879907	A	C	ZBT8A_HUMAN,ZBT11_HUMAN,ZF64A_HUMAN,ZN101_HUMAN,ZXDB_HUMAN,ZN697_HUMAN,ZN781_HUMAN,Z518A_HUMAN,ZN577_HUMAN,ZN426_HUMAN,ZNF34_HUMAN,ZN555_HUMAN,ZN394_HUMAN	HEK293 (embryonic kidney)	0.0	1.545463341656067	-2.197	1.666
chr12	51238723	G	A	CTCF_HUMAN,EGR1_HUMAN,SP1_HUMAN,REST_HUMAN,KLF9_HUMAN,PKNX1_HUMAN,EMSY_HUMAN,ZBT11_HUMAN,NRF1_HUMAN,MXI1_HUMAN,SP3_HUMAN,GLIS1_HUMAN,SP7_HUMAN,PRD10_HUMAN,ZFHX2_HUMAN,ZXDB_HUMAN,ZBT17_HUMAN,SP2_HUMAN,PATZ1_HUMAN,ZEB2_HUMAN,ARI1B_HUMAN,HDAC1_HUMAN	HEK293 (embryonic kidney),K562 (myelogenous leukemia),spleen,pancreas,Peyer's patch,transverse colon,prostate gland,neural cell,upper lobe of left lung	0.0	26.463761127963767	0.141	1.136
chr12	52970043	A	G	ESR1_HUMAN,GLIS1_HUMAN,SP7_HUMAN,WT1_HUMAN,ZXDB_HUMAN	T47D (invasive ductal carcinoma),MCF7 (Invasive ductal breast carcinoma),HEK293 (embryonic kidney)	0.0	22.109580997864473	0.028999999999999998	0.87
chr12	52970495	A	C	AP2C_HUMAN,GLIS1_HUMAN,ZXDB_HUMAN,HIF1A_HUMAN	HEK293 (embryonic kidney),SK-BR-3 (breast adenocarcinoma)	1.9401569908620475	0.0	1.4169999999999998	
chr12	53628210	C	T	ZBT11_HUMAN,ZXDB_HUMAN,ZN623_HUMAN,ZN781_HUMAN,Z518A_HUMAN,ZN426_HUMAN	HEK293 (embryonic kidney)	0.0	1.7441001666400968	-2.145	1.568
chr12	93316558	C	T	ZXDB_HUMAN	HEK293 (embryonic kidney)	1.8341277485628114	0.0	1.7309999999999999	
chr12	95003776	T	C	CTCF_HUMAN,TYY1_HUMAN,PKNX1_HUMAN,PBX2_HUMAN,ARNT_HUMAN,STAT1_HUMAN,NRF1_HUMAN,SP3_HUMAN,EGR2_HUMAN,SP7_HUMAN,TYY2_HUMAN,ZFHX2_HUMAN,ZXDB_HUMAN,MEIS2_HUMAN,KMT2A_HUMAN	HEK293T (embryonic kidney),CD14+ monocytes,GM12878 (female B-cells),HEK293 (embryonic kidney),K562 (myelogenous leukemia),fetal bone marrow-derived mononuclear cells	0.0	1.8420671100170893	0.171	0.445
chr12	95735869	A	T	ZBT8A_HUMAN,ZBT11_HUMAN,ZXDB_HUMAN,ZN697_HUMAN,Z518A_HUMAN,ZN510_HUMAN,ZN577_HUMAN,ZN426_HUMAN,ZNF34_HUMAN,ZN555_HUMAN	HEK293 (embryonic kidney)	2.680825542514855	0.0	1.88	
chr12	120194926	C	T	MNT_HUMAN,ZXDB_HUMAN,CXXC1_HUMAN	MCF7 (Invasive ductal breast carcinoma),HEK293 (embryonic kidney)	1.7813559940232677	0.0	0.955	-1.14
chr12	132908818	A	G	AP2A_HUMAN,CREB1_HUMAN,ZBT26_HUMAN,ZN600_HUMAN,ZXDB_HUMAN,MYNN_HUMAN,ZN335_HUMAN,ZN394_HUMAN,ZN189_HUMAN	T47D (invasive ductal carcinoma),MCF7 (Invasive ductal breast carcinoma),cranial neural crest cells,HEK293 (embryonic kidney)	1.819064680864447	0.0	1.194	
chr12	132908821	A	T	CREB1_HUMAN,ZBT26_HUMAN,ZN600_HUMAN,ZXDB_HUMAN,MYNN_HUMAN,ZN335_HUMAN,ZN394_HUMAN,ZN189_HUMAN	T47D (invasive ductal carcinoma),MCF7 (Invasive ductal breast carcinoma),HEK293 (embryonic kidney)	0.0	1.6300417708531132	-0.664	1.051
chr12	132908829	G	C	CREB1_HUMAN,ZBT26_HUMAN,SP3_HUMAN,ZN600_HUMAN,ZXDB_HUMAN,MYNN_HUMAN,ZN335_HUMAN,ZN394_HUMAN,ZN189_HUMAN	T47D (invasive ductal carcinoma),MCF7 (Invasive ductal breast carcinoma),HEK293 (embryonic kidney)	0.0	1.479021892886707	-0.644	1.008
chr14	20632939	T	C	HDAC2_HUMAN,SRBP2_HUMAN,ZXDB_HUMAN	HEK293 (embryonic kidney),HeLa S3 (cervical adenocarcinoma),HepG2 (hepatoblastoma)	0.0	1.955429658031328	-1.964	1.556
chr14	61322787	A	C	ZBT26_HUMAN,SP7_HUMAN,PRD10_HUMAN,ZSC21_HUMAN,ZXDB_HUMAN,PATZ1_HUMAN	HEK293 (embryonic kidney)	0.0	3.707391721560114	-1.456	1.3219999999999998
chr15	81962555	A	G	FEZF1_HUMAN,ZXDB_HUMAN	HEK293 (embryonic kidney)	0.0	1.6571499326105916		1.524
chr15	81966763	A	G	FEZF1_HUMAN,OVOL3_HUMAN,ZXDB_HUMAN,OSR2_HUMAN,ZN510_HUMAN	HEK293 (embryonic kidney)	0.0	3.267979503889789		1.8359999999999999
chr15	90249442	A	G	ESR1_HUMAN,NFIC_HUMAN,SP1_HUMAN,KLF9_HUMAN,RFX1_HUMAN,NFIA_HUMAN,NFYC_HUMAN,FEZF1_HUMAN,ZXDB_HUMAN,SP2_HUMAN,GLIS2_HUMAN,KDM5B_HUMAN	T47D (invasive ductal carcinoma),HEK293 (embryonic kidney),HepG2 (hepatoblastoma),K562 (myelogenous leukemia),breast tumor tissue	1.7276810747377656	0.0	1.5830000000000002	-0.106
chr15	90249452	C	G	ESR1_HUMAN,NFIC_HUMAN,SP1_HUMAN,KLF9_HUMAN,RFX1_HUMAN,NFYC_HUMAN,SMAD4_HUMAN,FEZF1_HUMAN,ZXDB_HUMAN,SP2_HUMAN,GLIS2_HUMAN,ZBT10_HUMAN,KDM5B_HUMAN	HEK293T (embryonic kidney),T47D (invasive ductal carcinoma),HEK293 (embryonic kidney),HepG2 (hepatoblastoma),K562 (myelogenous leukemia),breast tumor tissue	2.2015754599945185	0.0	1.515	-0.251
chr15	90249465	G	C	ESR1_HUMAN,NFIC_HUMAN,SP1_HUMAN,KLF9_HUMAN,RFX1_HUMAN,NFYC_HUMAN,FEZF1_HUMAN,ZXDB_HUMAN,SP2_HUMAN,GLIS2_HUMAN,HIF1A_HUMAN	HEK293T (embryonic kidney),T47D (invasive ductal carcinoma),GM12878 (female B-cells),HEK293 (embryonic kidney),HepG2 (hepatoblastoma),K562 (myelogenous leukemia),breast tumor tissue	2.281915829870772	0.0	1.5	-0.405
chr15	90249573	G	T	CTCF_HUMAN,KLF9_HUMAN,IKZF1_HUMAN,IKZF2_HUMAN,LMBL2_HUMAN,FEZF1_HUMAN,ZFHX2_HUMAN,ZXDB_HUMAN,ZN335_HUMAN	HEK293T (embryonic kidney),T47D (invasive ductal carcinoma),GM12878 (female B-cells),HEK293 (embryonic kidney),K562 (myelogenous leukemia),Peyer's patch,upper lobe of left lung	0.0	7.960609077490086	-0.008	0.784
chr15	90249708	C	A	CTCF_HUMAN,LMBL2_HUMAN,ZXDB_HUMAN,SP2_HUMAN	HEK293T (embryonic kidney),HEK293 (embryonic kidney),K562 (myelogenous leukemia),adrenal gland	0.0	4.611918332422471	0.248	0.633
chr16	31404776	G	A	SP3_HUMAN,ZN692_HUMAN,KLF17_HUMAN,ZXDB_HUMAN,ZBT17_HUMAN,ZNF76_HUMAN,Z518A_HUMAN,ZN366_HUMAN	HEK293 (embryonic kidney)	0.0	4.599862758949704	-1.284	1.133
chr16	57186104	A	C	CTCF_HUMAN,FOXK2_HUMAN,ZBT11_HUMAN,PRD10_HUMAN,ZXDB_HUMAN	HEK293T (embryonic kidney),A549 (lung carcinoma),MCF7 (Invasive ductal breast carcinoma),HEK293 (embryonic kidney),spleen	0.6618386604857607	1.9102107741148457	0.32299999999999995	1.4240000000000002
chr16	75647522	T	C	ZXDB_HUMAN	HEK293T (embryonic kidney),HEK293 (embryonic kidney)	1.334523850186769	0.0	1.557	-1.256
chr17	8200377	A	G	ZN639_HUMAN,GLIS1_HUMAN,PRDM4_HUMAN,TZAP_HUMAN,PRD10_HUMAN,ZXDB_HUMAN,ZNF2_HUMAN,ZBT17_HUMAN,PATZ1_HUMAN,ZN121_HUMAN,ZN501_HUMAN,ZN362_HUMAN,HIC1_HUMAN,ZN366_HUMAN,ZN394_HUMAN,PRDM9_HUMAN	MCF7 (Invasive ductal breast carcinoma),HEK293 (embryonic kidney)	1.772714882665904	0.0	1.555	
chr17	46192815	G	A	CTCF_HUMAN,PRDM1_HUMAN,ZBT40_HUMAN,ELF1_HUMAN,TRI22_HUMAN,USF2_HUMAN,BHE40_HUMAN,IKZF1_HUMAN,IKZF2_HUMAN,ARI3A_HUMAN,ZN687_HUMAN,SKIL_HUMAN,MEF2B_HUMAN,SP7_HUMAN,ZNF16_HUMAN,ZFHX2_HUMAN,MAZ_HUMAN,ZXDB_HUMAN,ZBT20_HUMAN,ZN335_HUMAN,GLIS2_HUMAN,KLF8_HUMAN,PATZ1_HUMAN,ZBT21_HUMAN,RB_HUMAN,ZN143_HUMAN,RELB_HUMAN,ENL_HUMAN,ZN398_HUMAN,ZN121_HUMAN,SCRT2_HUMAN,ZN189_HUMAN,USF1_HUMAN	GM12878 (female B-cells),HEK293 (embryonic kidney),HepG2 (hepatoblastoma)	0.03023906275395871	1.5374381118761065	0.131	0.551
chr17	48604242	G	C	ZXDB_HUMAN,ZBT20_HUMAN	HEK293 (embryonic kidney)	1.8595930948365609	0.0	1.62	
chr17	48605268	G	A	ZXDB_HUMAN	HEK293 (embryonic kidney),K562 (myelogenous leukemia)	0.0	3.683965945301408		1.932
chr17	59367010	A	G	ZXDB_HUMAN	HEK293 (embryonic kidney)	0.0	1.942467368839993	-1.584	1.6369999999999998
chr17	77234060	G	C	ZEB1_HUMAN,ATF2_HUMAN,ZN639_HUMAN,SP3_HUMAN,ZN692_HUMAN,ZN785_HUMAN,ZN558_HUMAN,SP7_HUMAN,TYY2_HUMAN,TSH1_HUMAN,MAZ_HUMAN,ZXDB_HUMAN,ZBT20_HUMAN,ZSCA4_HUMAN,Z324A_HUMAN,GLIS2_HUMAN,ZSC23_HUMAN,KLF8_HUMAN,PATZ1_HUMAN,Z280D_HUMAN,ZBT21_HUMAN,ZSC18_HUMAN,ZN114_HUMAN,ZN398_HUMAN,SALL2_HUMAN,ZFP37_HUMAN,SCRT2_HUMAN,ZN366_HUMAN,ZN394_HUMAN	HEK293 (embryonic kidney)	4.095825135349614	0.0	2.081	
chr18	50560573	C	T	CTCF_HUMAN,ZXDB_HUMAN,ZBT20_HUMAN	HEK293 (embryonic kidney)	3.2516517693740283	0.0	1.285	-0.813
chr19	633618	C	A	EP300_HUMAN,CTCF_HUMAN,AP2A_HUMAN,ZBT26_HUMAN,STAT1_HUMAN,ZXDB_HUMAN,TF65_HUMAN	CD14+ monocytes,HEK293 (embryonic kidney),monocyte-derived macrophages,pancreas,neural cell,upper lobe of left lung	1.512207376912226	0.0	0.953	0.111
chr19	2273837	C	T	AP2A_HUMAN,FOXK2_HUMAN,COT1_HUMAN,BC11B_HUMAN,ZFHX2_HUMAN,ZXDB_HUMAN	786-O (renal carcinoma),LNCaP C4-2B (prostate carcinoma),cranial neural crest cells,GM12878 (female B-cells),HEK293 (embryonic kidney),K562 (myelogenous leukemia),lower leg skin	3.6442641229670447	0.0	1.88	
chr19	5436772	A	C	ZBT26_HUMAN,ZXDB_HUMAN	HEK293 (embryonic kidney),HepG2 (hepatoblastoma),K562 (myelogenous leukemia)	1.652781313536043	0.0	1.4680000000000002	
chr19	10289434	G	C	FOXK2_HUMAN,EGR2_HUMAN,ZFHX2_HUMAN,ZXDB_HUMAN,MYC_HUMAN	GM12878 (female B-cells),HEK293 (embryonic kidney),HepG2 (hepatoblastoma),K562 (myelogenous leukemia),MDA-MB-453 (breast adenocarcinoma)	1.037011029194111	2.8033550691301277	0.987	1.672
chr19	14475433	G	A	ZIC2_HUMAN,GLIS1_HUMAN,ZXDB_HUMAN,SP2_HUMAN,ZN398_HUMAN	HEK293 (embryonic kidney)	0.0	2.2862241721649896		1.695
chr19	18282084	C	T	ESR1_HUMAN,SKI_HUMAN,FOXA1_HUMAN,VEZF1_HUMAN,MNT_HUMAN,ZXDB_HUMAN	HEK293 (embryonic kidney),HL-60 (acute myeloid leukemia),K562 (myelogenous leukemia),MDA-MB-453 (breast adenocarcinoma),breast tumor tissue	2.208002605299795	0.0	1.043	
chr19	18282103	A	G	ESR1_HUMAN,SKI_HUMAN,FOXA1_HUMAN,MNT_HUMAN,STAT1_HUMAN,ZXDB_HUMAN,HDAC1_HUMAN	CD14+ monocytes,HEK293 (embryonic kidney),HL-60 (acute myeloid leukemia),K562 (myelogenous leukemia),MDA-MB-453 (breast adenocarcinoma),breast tumor tissue	2.542695260818777	0.0	1.203	
chr19	28425553	C	T	BC11A_HUMAN,ZBT8A_HUMAN,ATF2_HUMAN,GLIS1_HUMAN,ZNF10_HUMAN,FEZF1_HUMAN,PRD10_HUMAN,ZN341_HUMAN,WT1_HUMAN,ZXDB_HUMAN,OSR2_HUMAN,HIC1_HUMAN	HEK293 (embryonic kidney),K562 (myelogenous leukemia)	0.0	1.8743455089252359		1.719
chr19	36127953	G	A	ZIC2_HUMAN,TYY1_HUMAN,FOXK2_HUMAN,ZXDB_HUMAN,ZEB2_HUMAN	786-O (renal carcinoma),keratinocytes,HEK293 (embryonic kidney),normal epidermal keratinocytes,erythroid cells,neutrophils	1.8331682893328325	0.0	1.9080000000000001	
chr19	36128054	G	C	RAD21_HUMAN,CTCF_HUMAN,SMC3_HUMAN,JUN_HUMAN,BCL3_HUMAN,ZFHX2_HUMAN,ZXDB_HUMAN,SP2_HUMAN,ZEB2_HUMAN	A549 (lung carcinoma),CUTLL1 (T-cell lymphoblastic lymphoma 1),H1 (embryonic stem cells),HEK293 (embryonic kidney),pancreas,right atrium auricular region,gastrocnemius medialis,Peyer's patch,esophagus squamous epithelium,gastroesophageal sphincter,esophagus muscularis mucosa,sigmoid colon,adrenal gland,ascending aorta,coronary artery,upper lobe of left lung	0.0	3.5239284197073344	0.273	0.851
chr19	44165166	A	G	TYY1_HUMAN,GABPA_HUMAN,FOXK2_HUMAN,ZBT11_HUMAN,ZBT26_HUMAN,SP3_HUMAN,ZN600_HUMAN,ZN629_HUMAN,SP7_HUMAN,ZXDB_HUMAN,Z518A_HUMAN,ZBT12_HUMAN,ZNF34_HUMAN,ZN394_HUMAN	HEK293 (embryonic kidney)	0.33593233728681754	1.5863949807132671	0.252	1.3319999999999999
chr19	44848680	T	C	ZXDB_HUMAN,ZN366_HUMAN	HEK293 (embryonic kidney),K562 (myelogenous leukemia)	1.3688244927013589	0.0	1.595	
chr19	49453634	T	G	ZXDB_HUMAN,MAF_HUMAN	HEK293 (embryonic kidney),HT29 (colon adenocarcinoma),Th2-cells	0.0	1.888064770312875		1.7690000000000001
chr2	85510181	T	G	REST_HUMAN,ZBT8A_HUMAN,ZN629_HUMAN,ZXDB_HUMAN,ZN654_HUMAN,ZN697_HUMAN,ZN623_HUMAN,ZN781_HUMAN,Z518A_HUMAN,ZN577_HUMAN,ZN426_HUMAN,ZNF34_HUMAN,ZN555_HUMAN,ZN394_HUMAN	HEK293 (embryonic kidney)	4.1174010149346465	0.0	1.726	-1.936
chr2	230756640	G	C	ZXDB_HUMAN	HEK293 (embryonic kidney)	0.0	1.4278977259328223	-1.365	1.3119999999999998
chr2	234970047	T	A	CTCF_HUMAN,ZXDB_HUMAN	HEK293T (embryonic kidney),HEK293 (embryonic kidney)	0.0	1.5267658401307649	-1.194	0.8740000000000001
chr2	234970051	A	T	ZXDB_HUMAN	HEK293T (embryonic kidney),HEK293 (embryonic kidney)	1.4050676556381163	0.0	1.3730000000000002	-1.186
chr20	24992833	A	G	ESR1_HUMAN,JUN_HUMAN,TYY1_HUMAN,ZXDB_HUMAN,ZBT17_HUMAN	HEK293T (embryonic kidney),A549 (lung carcinoma),MCF7 (Invasive ductal breast carcinoma),CD34+ hematopoietic stem cells-derived proerythroblasts,HEK293 (embryonic kidney),MDA-MB-453 (breast adenocarcinoma),breast tumor tissue	1.4444594616981985	0.0	1.459	
chr22	30196080	T	C	ZBT8A_HUMAN,WT1_HUMAN,ZXDB_HUMAN,KLF8_HUMAN	HEK293 (embryonic kidney)	0.0	1.3370247452248265	-1.3980000000000001	1.445
chr22	36455160	C	T	CTCF_HUMAN,ZXDB_HUMAN	HEK293 (embryonic kidney),MDA-MB-453 (breast adenocarcinoma),Peyer's patch,uterus,upper lobe of left lung,foreskin keratinocyte	0.0	12.24041610864376	0.25	0.9309999999999999
chr3	16665629	A	G	ZN629_HUMAN,SP7_HUMAN,PRD10_HUMAN,ZXDB_HUMAN,ZN843_HUMAN,ZN189_HUMAN	HEK293 (embryonic kidney)	0.0	1.846184714978572		1.7109999999999999
chr3	94293940	T	G	GLIS1_HUMAN,FEZF1_HUMAN,SP7_HUMAN,PRDM6_HUMAN,ZXDB_HUMAN	HEK293 (embryonic kidney)	2.454898659001512	0.0	1.714	
chr5	5335897	C	T	TZAP_HUMAN,ZXDB_HUMAN,ZBT20_HUMAN,ZN843_HUMAN	HEK293 (embryonic kidney)	2.500281921264362	0.0	2.075	
chr5	7869122	T	C	ESR1_HUMAN,ZBT26_HUMAN,GLIS1_HUMAN,ZN629_HUMAN,ZXDB_HUMAN,ZBT20_HUMAN,SP2_HUMAN,GLIS2_HUMAN,ZEB2_HUMAN,HIF1A_HUMAN	HEK293T (embryonic kidney),T47D (invasive ductal carcinoma),HEK293 (embryonic kidney),breast tumor tissue	4.907721250690179	0.0	2.019	
chr5	16897488	T	C	EP300_HUMAN,FOXA1_HUMAN,GCR_HUMAN,JUN_HUMAN,ZFHX2_HUMAN,ZXDB_HUMAN,MZF1_HUMAN,PBX3_HUMAN	HEK293T (embryonic kidney),A549 (lung carcinoma),LNCaP (prostate carcinoma),HEK293 (embryonic kidney),SMMC-7721 (hepatocellular carcinoma)	0.0	4.367902654652468	-0.612	1.3319999999999999
chr5	43121181	G	C	KLF1_HUMAN,KLF9_HUMAN,ZBT8A_HUMAN,LMBL2_HUMAN,ZXDB_HUMAN,ZBT20_HUMAN,SP2_HUMAN,ZN335_HUMAN,ZN449_HUMAN	HEK293T (embryonic kidney),A549 (lung carcinoma),MCF7 (Invasive ductal breast carcinoma),HEK293 (embryonic kidney)	0.0	1.95514943283646		1.963
chr6	84227812	T	C	CEBPB_HUMAN,CTCF_HUMAN,ZFX_HUMAN,KLF1_HUMAN,FOXK2_HUMAN,KLF16_HUMAN,INSM2_HUMAN,ZXDB_HUMAN,ZNF2_HUMAN,ZBT20_HUMAN,KLF8_HUMAN,ZBT21_HUMAN,ZNF34_HUMAN	LNCaP C4-2B (prostate carcinoma),GM12878 (female B-cells),HEK293 (embryonic kidney),macrophages,foreskin keratinocyte	0.0	1.541929894672727	0.273	1.07
chr7	24308908	A	G	ZXDB_HUMAN	HEK293 (embryonic kidney)	1.4050676556381163	0.0	1.426	
chr7	27099135	T	G	FEZF1_HUMAN,ZXDB_HUMAN,ZN843_HUMAN	HEK293 (embryonic kidney)	0.0	5.831584516777442		2.041
chr7	27099210	G	A	ZBT26_HUMAN,ZXDB_HUMAN	HEK293 (embryonic kidney)	0.0	1.4138725994090993	-1.175	1.045
chr7	158616199	A	G	PKNX1_HUMAN,SP7_HUMAN,PRDM6_HUMAN,ZXDB_HUMAN,ZN843_HUMAN,ZNF34_HUMAN	HEK293T (embryonic kidney),HEK293 (embryonic kidney),K562 (myelogenous leukemia)	0.0	5.380128260439197		1.902
chr8	142699871	G	C	ATF3_HUMAN,ZBT8A_HUMAN,ARNT_HUMAN,ZBT26_HUMAN,PRDM4_HUMAN,FEZF1_HUMAN,ZXDB_HUMAN,OSR2_HUMAN	HEK293T (embryonic kidney),HCT-116 (colon carcinoma),HEK293 (embryonic kidney),K562 (myelogenous leukemia)	0.0	1.7800719193295105	-0.797	1.224
chrX	276171	G	A	ZXDB_HUMAN	GM12878 (female B-cells),HEK293 (embryonic kidney)	0.0	1.9522526822670314	-2.531	1.682
chrX	276254	G	A	ZXDB_HUMAN	HEK293 (embryonic kidney)	0.0	1.6289953535363864		1.716
chrX	483036	G	C	FEZF1_HUMAN,ZSA5C_HUMAN,PRDM6_HUMAN,ZF69B_HUMAN,ZXDB_HUMAN,ZN843_HUMAN,ZN366_HUMAN	HEK293 (embryonic kidney)	0.0	3.1119336727952582		1.7919999999999998
chrX	483148	G	C	FEZF1_HUMAN,ZXDB_HUMAN,ZBT17_HUMAN,ZN843_HUMAN,ZN366_HUMAN	HEK293 (embryonic kidney)	0.0	1.981482471814618	-1.442	1.475
chrX	483176	A	G	FEZF1_HUMAN,ZXDB_HUMAN,ZN366_HUMAN	HEK293 (embryonic kidney)	1.682810163393652	0.0	1.3840000000000001	
chrX	40997220	G	A	ZN350_HUMAN,BHE40_HUMAN,ZXDB_HUMAN	HEK293T (embryonic kidney),HEK293 (embryonic kidney)	4.780438809571664	0.0	0.7929999999999999	
chrX	68434115	A	C	CTCF_HUMAN,ZXDB_HUMAN,SP2_HUMAN,GLIS2_HUMAN	HEK293 (embryonic kidney)	1.3819988983060791	0.0	1.054	
chrX	103152550	A	C	FOXK2_HUMAN,GLIS1_HUMAN,Z585B_HUMAN,FEZF1_HUMAN,ZN624_HUMAN,ZXDB_HUMAN,ZSA5A_HUMAN,ZNF2_HUMAN,ZN521_HUMAN,SCRT2_HUMAN,ZN366_HUMAN	HEK293T (embryonic kidney),HEK293 (embryonic kidney)	0.0	1.9379387046006677		1.4340000000000002
chrX	156009119	G	C	TADBP_HUMAN,PRDM1_HUMAN,ZN148_HUMAN,TYY1_HUMAN,ZEB1_HUMAN,KLF13_HUMAN,MEF2B_HUMAN,LMBL2_HUMAN,ZN639_HUMAN,ZBT11_HUMAN,ZN175_HUMAN,ZBT26_HUMAN,ZNF48_HUMAN,ZF64A_HUMAN,KLF16_HUMAN,ZN211_HUMAN,ZN692_HUMAN,GLIS1_HUMAN,ZN785_HUMAN,ZSC16_HUMAN,ZN791_HUMAN,Z585B_HUMAN,PRDM4_HUMAN,INSM2_HUMAN,SP7_HUMAN,ZN701_HUMAN,KLF17_HUMAN,ZN670_HUMAN,ZN560_HUMAN,ZN777_HUMAN,ZN837_HUMAN,ZN140_HUMAN,ZF69B_HUMAN,ZXDB_HUMAN,ZN239_HUMAN,ZN530_HUMAN,ZNF2_HUMAN,ZN266_HUMAN,ZBT17_HUMAN,ZN155_HUMAN,SP2_HUMAN,Z354C_HUMAN,ZN654_HUMAN,GLI4_HUMAN,RBAK_HUMAN,ZN623_HUMAN,GFI1B_HUMAN,ZN274_HUMAN,ZFP41_HUMAN,ZN707_HUMAN,ZSC23_HUMAN,KLF8_HUMAN,ZBT21_HUMAN,ZNF26_HUMAN,ZN433_HUMAN,ZN157_HUMAN,ZN223_HUMAN,ZN768_HUMAN,ZN544_HUMAN,BCL6B_HUMAN,ZN114_HUMAN,ZIK1_HUMAN,ZN521_HUMAN,ZN112_HUMAN,ZSC26_HUMAN,ZN195_HUMAN,PRDM2_HUMAN,ZN248_HUMAN,ZN311_HUMAN	HEK293T (embryonic kidney),GM12878 (female B-cells),HEK293 (embryonic kidney)	0.0	3.650974776715033		2.658
